file,signal,protocol,generation,learned,status,decoded,same_code,mark_bias_us,space_bias_us,worst_difference_us,original,sent,captured,heard
Fujitsu_AC.ir,POWER,FUJITSU_AC 80 bits 1463001010fe0930610000000000204f,1,True,learned fidelity_check (259 timings),FUJITSU_AC 80 bits 1463001010fe0930610000000000204f,True,-9.1,23.2,76,3302 1644 408 419 410 416 413 1233 405 423 406 1239 409 419 410 417 412 415 414 1232 406 1241 407 419 410 417 412 416 413 1233 405 1241 407 394 435 419 410 417 412 416 413 387 432 422 407 420 409 418 411 416 413 415 404 423 406 421 408 420 409 1237 411 416 413 413 406 422 407 420 409 418 411 417 412 415 414 1232 406 421 408 420 409 418 411 416 413 1232 406 1240 408 1238 410 1236 412 1234 414 1232 406 1240 408 1238 410 417 412 416 413 1233 405 422 407 421 408 419 410 417 412 414 404 397 432 421 408 420 409 1237 411 1234 414 387 432 422 407 1239 409 418 411 416 413 414 405 423 406 1240 408 1237 411 417 412 415 414 414 405 422 407 421 408 418 411 416 413 414 405 423 406 421 408 419 410 417 412 416 413 414 405 422 407 421 408 419 410 416 413 414 405 423 406 421 408 419 410 417 412 416 413 414 404 423 406 421 408 419 410 417 412 414 405 423 406 421 408 419 410 417 412 416 413 414 404 423 406 421 408 419 410 417 412 416 413 413 406 422 407 420 409 418 411 416 413 1233 405 422 407 421 408 1237 411 1235 413 1206 432 1240 408 420 409 418 411 1235 413 415 414,3302 1644 408 419 410 416 413 1233 405 423 406 1239 409 419 410 417 412 415 414 1232 406 1241 407 419 410 417 412 416 413 1233 405 1241 407 394 435 419 410 417 412 416 413 387 432 422 407 420 409 418 411 416 413 415 404 423 406 421 408 420 409 1237 411 416 413 413 406 422 407 420 409 418 411 417 412 415 414 1232 406 421 408 420 409 418 411 416 413 1232 406 1240 408 1238 410 1236 412 1234 414 1232 406 1240 408 1238 410 417 412 416 413 1233 405 422 407 421 408 419 410 417 412 414 404 397 432 421 408 420 409 1237 411 1234 414 387 432 422 407 1239 409 418 411 416 413 414 405 423 406 1240 408 1237 411 417 412 415 414 414 405 422 407 421 408 418 411 416 413 414 405 423 406 421 408 419 410 417 412 416 413 414 405 422 407 421 408 419 410 416 413 414 405 423 406 421 408 419 410 417 412 416 413 414 404 423 406 421 408 419 410 417 412 414 405 423 406 421 408 419 410 417 412 416 413 414 404 423 406 421 408 419 410 417 412 416 413 413 406 422 407 420 409 418 411 416 413 1233 405 422 407 421 408 1237 411 1235 413 1206 432 1240 408 420 409 418 411 1235 413 415 414,3316 1636 422 388 415 408 478 1204 327 466 477 1203 382 410 478 356 387 433 417 1269 305 1326 425 385 363 457 413 424 363 1301 425 1232 306 457 504 359 366 451 414 427 365 424 439 413 477 355 364 459 447 388 363 457 412 426 459 356 416 427 458 1205 425 386 394 420 360 465 477 356 362 459 437 400 363 455 413 1274 359 426 414 427 432 384 415 411 446 1233 375 1256 424 1234 425 1232 320 1312 424 1234 332 1299 425 1233 380 410 443 393 386 1277 424 386 420 400 412 426 394 421 416 411 475 330 408 440 452 384 362 1301 425 1233 424 340 466 395 394 1270 425 385 362 457 413 425 460 356 389 1300 359 1273 424 386 366 450 415 427 460 355 363 462 477 356 363 458 414 423 460 357 414 427 458 357 415 410 476 357 416 406 450 386 395 424 414 424 394 422 415 413 474 356 362 461 479 355 363 458 413 424 362 455 386 455 460 355 388 438 477 355 388 432 415 423 431 386 414 427 430 385 415 412 444 387 392 430 456 380 390 428 414 425 367 449 416 427 459 355 363 461 479 355 363 458 413 1271 331 457 413 425 424 1240 426 1231 382 1223 414 1270 351 440 444 391 362 1301 450 361 388,3303 1649 401 434 401 434 401 1282 401 434 401 1282 401 434 401 434 401 434 401 1282 401 1282 401 434 401 434 401 434 401 1282 401 1282 401 434 401 434 401 434 401 434 401 434 401 434 401 434 401 434 401 434 401 434 401 434 401 434 401 434 401 1282 401 434 401 434 401 434 401 434 401 434 401 434 401 434 401 1282 401 434 401 434 401 434 401 434 401 1282 401 1282 401 1282 401 1282 401 1282 401 1282 401 1282 401 1282 401 434 401 434 401 1282 401 434 401 434 401 434 401 434 401 434 401 434 401 434 401 434 401 1282 401 1282 401 434 401 434 401 1282 401 434 401 434 401 434 401 434 401 1282 401 1282 401 434 401 434 401 434 401 434 401 434 401 434 401 434 401 434 401 434 401 434 401 434 401 434 401 434 401 434 401 434 401 434 401 434 401 434 401 434 401 434 401 434 401 434 401 434 401 434 401 434 401 434 401 434 401 434 401 434 401 434 401 434 401 434 401 434 401 434 401 434 401 434 401 434 401 434 401 434 401 434 401 434 401 434 401 434 401 434 401 434 401 434 401 1282 401 434 401 434 401 1282 401 1282 401 1282 401 1282 401 434 401 434 401 1282 401 434 401
Fujitsu_AC.ir,POWER,FUJITSU_AC 80 bits 1463001010fe0930610000000000204f,2,True,learned fidelity_check (259 timings),FUJITSU_AC 80 bits 1463001010fe0930610000000000204f,True,11.2,-22.1,36,3302 1644 408 419 410 416 413 1233 405 423 406 1239 409 419 410 417 412 415 414 1232 406 1241 407 419 410 417 412 416 413 1233 405 1241 407 394 435 419 410 417 412 416 413 387 432 422 407 420 409 418 411 416 413 415 404 423 406 421 408 420 409 1237 411 416 413 413 406 422 407 420 409 418 411 417 412 415 414 1232 406 421 408 420 409 418 411 416 413 1232 406 1240 408 1238 410 1236 412 1234 414 1232 406 1240 408 1238 410 417 412 416 413 1233 405 422 407 421 408 419 410 417 412 414 404 397 432 421 408 420 409 1237 411 1234 414 387 432 422 407 1239 409 418 411 416 413 414 405 423 406 1240 408 1237 411 417 412 415 414 414 405 422 407 421 408 418 411 416 413 414 405 423 406 421 408 419 410 417 412 416 413 414 405 422 407 421 408 419 410 416 413 414 405 423 406 421 408 419 410 417 412 416 413 414 404 423 406 421 408 419 410 417 412 414 405 423 406 421 408 419 410 417 412 416 413 414 404 423 406 421 408 419 410 417 412 416 413 413 406 422 407 420 409 418 411 416 413 1233 405 422 407 421 408 1237 411 1235 413 1206 432 1240 408 420 409 418 411 1235 413 415 414,3303 1649 401 434 401 434 401 1282 401 434 401 1282 401 434 401 434 401 434 401 1282 401 1282 401 434 401 434 401 434 401 1282 401 1282 401 434 401 434 401 434 401 434 401 434 401 434 401 434 401 434 401 434 401 434 401 434 401 434 401 434 401 1282 401 434 401 434 401 434 401 434 401 434 401 434 401 434 401 1282 401 434 401 434 401 434 401 434 401 1282 401 1282 401 1282 401 1282 401 1282 401 1282 401 1282 401 1282 401 434 401 434 401 1282 401 434 401 434 401 434 401 434 401 434 401 434 401 434 401 434 401 1282 401 1282 401 434 401 434 401 1282 401 434 401 434 401 434 401 434 401 1282 401 1282 401 434 401 434 401 434 401 434 401 434 401 434 401 434 401 434 401 434 401 434 401 434 401 434 401 434 401 434 401 434 401 434 401 434 401 434 401 434 401 434 401 434 401 434 401 434 401 434 401 434 401 434 401 434 401 434 401 434 401 434 401 434 401 434 401 434 401 434 401 434 401 434 401 434 401 434 401 434 401 434 401 434 401 434 401 434 401 434 401 434 401 434 401 1282 401 434 401 434 401 1282 401 1282 401 1282 401 1282 401 434 401 434 401 1282 401 434 401,3352 1626 388 405 476 359 360 1353 352 458 458 1258 386 424 460 361 438 398 391 1326 305 1378 332 479 460 364 477 359 359 1354 351 1333 328 482 460 383 459 362 410 426 392 450 460 383 459 359 383 456 425 417 460 365 477 358 360 479 456 386 460 1256 387 404 443 392 366 476 461 381 460 361 405 432 395 447 460 1256 386 407 477 357 361 479 457 385 460 1256 387 1271 422 1262 424 1260 424 1260 424 1260 424 1260 424 1260 420 390 366 476 460 1256 386 410 474 360 381 457 425 417 460 365 477 358 360 479 457 385 461 1256 386 1271 423 392 409 428 392 1324 330 480 461 364 477 359 359 480 431 1285 360 1324 386 424 460 362 437 399 367 474 460 384 458 361 382 455 423 419 461 365 477 358 359 480 431 411 460 363 480 355 342 500 459 383 459 362 442 395 365 476 460 383 460 360 382 455 420 422 460 365 477 359 359 479 431 411 461 363 479 357 347 493 459 383 461 361 445 391 366 476 460 382 460 361 406 430 396 447 459 367 475 359 360 479 430 413 459 364 478 357 362 479 434 409 459 1229 425 392 411 425 391 1325 306 1377 332 1353 356 1327 359 452 460 362 477 1232 421 389 367,3339 1639 412 405 412 405 412 1284 412 405 412 1284 412 405 412 405 412 405 412 1284 412 1284 412 405 412 405 412 405 412 1284 412 1284 412 405 412 405 412 405 412 405 412 405 412 405 412 405 412 405 412 405 412 405 412 405 412 405 412 405 412 1284 412 405 412 405 412 405 412 405 412 405 412 405 412 405 412 1284 412 405 412 405 412 405 412 405 412 1284 412 1284 412 1284 412 1284 412 1284 412 1284 412 1284 412 1284 412 405 412 405 412 1284 412 405 412 405 412 405 412 405 412 405 412 405 412 405 412 405 412 1284 412 1284 412 405 412 405 412 1284 412 405 412 405 412 405 412 405 412 1284 412 1284 412 405 412 405 412 405 412 405 412 405 412 405 412 405 412 405 412 405 412 405 412 405 412 405 412 405 412 405 412 405 412 405 412 405 412 405 412 405 412 405 412 405 412 405 412 405 412 405 412 405 412 405 412 405 412 405 412 405 412 405 412 405 412 405 412 405 412 405 412 405 412 405 412 405 412 405 412 405 412 405 412 405 412 405 412 405 412 405 412 405 412 405 412 1284 412 405 412 405 412 1284 412 1284 412 1284 412 1284 412 405 412 405 412 1284 412 405 412
Fujitsu_AC.ir,Mode_auto,FUJITSU_AC 80 bits 1463001010fe09306000000000002050,1,True,learned fidelity_check (259 timings),FUJITSU_AC 80 bits 1463001010fe09306000000000002050,True,-7.6,18.1,43,3296 1651 412 415 414 414 405 1240 408 420 409 1237 411 416 413 415 414 413 406 1240 408 1238 410 419 410 417 412 415 414 1232 406 1214 434 420 409 418 411 417 412 415 414 413 406 423 406 421 408 419 410 418 411 416 413 414 405 423 406 421 408 1237 411 416 413 415 414 414 405 423 406 421 408 419 410 417 412 1234 414 413 406 422 407 420 409 418 411 1235 413 1233 415 1205 433 1214 434 1212 436 1210 438 1208 440 1207 431 423 406 421 408 1238 410 417 412 415 414 414 405 422 407 420 409 419 410 418 411 416 413 1232 406 1241 407 420 409 418 411 417 412 415 414 413 406 422 407 421 408 1237 411 1235 413 414 415 413 406 422 407 420 409 418 411 416 413 414 405 424 405 422 407 420 409 419 410 417 412 415 414 413 406 422 407 420 409 418 411 416 413 414 405 424 405 422 407 420 409 418 411 416 413 415 404 423 406 421 408 419 410 418 411 416 413 414 405 424 405 422 407 420 409 418 411 416 413 414 405 423 406 421 408 419 410 417 412 415 414 414 405 423 406 421 408 420 409 1236 412 415 414 414 405 422 407 420 409 419 410 417 412 1233 405 424 405 1240 408 420 409,3296 1651 412 415 414 414 405 1240 408 420 409 1237 411 416 413 415 414 413 406 1240 408 1238 410 419 410 417 412 415 414 1232 406 1214 434 420 409 418 411 417 412 415 414 413 406 423 406 421 408 419 410 418 411 416 413 414 405 423 406 421 408 1237 411 416 413 415 414 414 405 423 406 421 408 419 410 417 412 1234 414 413 406 422 407 420 409 418 411 1235 413 1233 415 1205 433 1214 434 1212 436 1210 438 1208 440 1207 431 423 406 421 408 1238 410 417 412 415 414 414 405 422 407 420 409 419 410 418 411 416 413 1232 406 1241 407 420 409 418 411 417 412 415 414 413 406 422 407 421 408 1237 411 1235 413 414 415 413 406 422 407 420 409 418 411 416 413 414 405 424 405 422 407 420 409 419 410 417 412 415 414 413 406 422 407 420 409 418 411 416 413 414 405 424 405 422 407 420 409 418 411 416 413 415 404 423 406 421 408 419 410 418 411 416 413 414 405 424 405 422 407 420 409 418 411 416 413 414 405 423 406 421 408 419 410 417 412 415 414 414 405 423 406 421 408 420 409 1236 412 415 414 414 405 422 407 420 409 419 410 417 412 1233 405 424 405 1240 408 420 409,3316 1660 351 434 415 426 460 1203 425 385 434 1229 426 384 367 449 416 411 476 1202 418 1240 357 428 415 427 426 388 416 1248 424 1207 437 400 459 356 416 410 476 356 416 405 443 394 395 425 412 426 393 423 414 428 392 423 363 463 476 356 362 1301 425 385 389 433 443 393 430 390 413 424 429 387 416 427 425 1237 425 386 459 356 363 462 477 356 363 1300 423 1235 425 1180 438 1219 439 1219 361 1270 439 1219 406 1226 437 399 392 428 439 1246 353 436 413 424 363 454 411 430 460 355 414 413 476 355 414 410 479 1202 327 1305 424 386 363 460 476 359 386 434 413 424 458 359 414 427 457 1206 425 1233 352 432 415 427 460 355 388 439 475 356 389 434 450 385 430 391 440 396 430 387 415 426 428 388 415 410 442 391 364 459 478 356 363 457 412 426 362 453 387 455 461 355 387 438 477 356 387 435 443 393 433 386 412 426 435 381 416 426 432 384 415 409 478 355 366 457 448 387 366 453 413 426 364 452 362 480 460 355 363 461 478 356 363 457 413 424 459 360 413 426 435 381 416 1273 306 478 415 413 474 356 363 460 451 383 363 457 414 1272 356 433 438 1246 307 481 414,3303 1673 403 436 403 436 403 1248 403 436 403 1248 403 436 403 436 403 436 403 1248 403 1248 403 436 403 436 403 436 403 1248 403 1248 403 436 403 436 403 436 403 436 403 436 403 436 403 436 403 436 403 436 403 436 403 436 403 436 403 436 403 1248 403 436 403 436 403 436 403 436 403 436 403 436 403 436 403 1248 403 436 403 436 403 436 403 436 403 1248 403 1248 403 1248 403 1248 403 1248 403 1248 403 1248 403 1248 403 436 403 436 403 1248 403 436 403 436 403 436 403 436 403 436 403 436 403 436 403 436 403 1248 403 1248 403 436 403 436 403 436 403 436 403 436 403 436 403 436 403 1248 403 1248 403 436 403 436 403 436 403 436 403 436 403 436 403 436 403 436 403 436 403 436 403 436 403 436 403 436 403 436 403 436 403 436 403 436 403 436 403 436 403 436 403 436 403 436 403 436 403 436 403 436 403 436 403 436 403 436 403 436 403 436 403 436 403 436 403 436 403 436 403 436 403 436 403 436 403 436 403 436 403 436 403 436 403 436 403 436 403 436 403 436 403 436 403 1248 403 436 403 436 403 436 403 436 403 436 403 436 403 1248 403 436 403 1248 403 436 403
Fujitsu_AC.ir,Mode_auto,FUJITSU_AC 80 bits 1463001010fe09306000000000002050,2,True,learned fidelity_check (259 timings),FUJITSU_AC 80 bits 1463001010fe09306000000000002050,True,16.1,-21.0,35,3296 1651 412 415 414 414 405 1240 408 420 409 1237 411 416 413 415 414 413 406 1240 408 1238 410 419 410 417 412 415 414 1232 406 1214 434 420 409 418 411 417 412 415 414 413 406 423 406 421 408 419 410 418 411 416 413 414 405 423 406 421 408 1237 411 416 413 415 414 414 405 423 406 421 408 419 410 417 412 1234 414 413 406 422 407 420 409 418 411 1235 413 1233 415 1205 433 1214 434 1212 436 1210 438 1208 440 1207 431 423 406 421 408 1238 410 417 412 415 414 414 405 422 407 420 409 419 410 418 411 416 413 1232 406 1241 407 420 409 418 411 417 412 415 414 413 406 422 407 421 408 1237 411 1235 413 414 415 413 406 422 407 420 409 418 411 416 413 414 405 424 405 422 407 420 409 419 410 417 412 415 414 413 406 422 407 420 409 418 411 416 413 414 405 424 405 422 407 420 409 418 411 416 413 415 404 423 406 421 408 419 410 418 411 416 413 414 405 424 405 422 407 420 409 418 411 416 413 414 405 423 406 421 408 419 410 417 412 415 414 414 405 423 406 421 408 420 409 1236 412 415 414 414 405 422 407 420 409 419 410 417 412 1233 405 424 405 1240 408 420 409,3303 1673 403 436 403 436 403 1248 403 436 403 1248 403 436 403 436 403 436 403 1248 403 1248 403 436 403 436 403 436 403 1248 403 1248 403 436 403 436 403 436 403 436 403 436 403 436 403 436 403 436 403 436 403 436 403 436 403 436 403 436 403 1248 403 436 403 436 403 436 403 436 403 436 403 436 403 436 403 1248 403 436 403 436 403 436 403 436 403 1248 403 1248 403 1248 403 1248 403 1248 403 1248 403 1248 403 1248 403 436 403 436 403 1248 403 436 403 436 403 436 403 436 403 436 403 436 403 436 403 436 403 1248 403 1248 403 436 403 436 403 436 403 436 403 436 403 436 403 436 403 1248 403 1248 403 436 403 436 403 436 403 436 403 436 403 436 403 436 403 436 403 436 403 436 403 436 403 436 403 436 403 436 403 436 403 436 403 436 403 436 403 436 403 436 403 436 403 436 403 436 403 436 403 436 403 436 403 436 403 436 403 436 403 436 403 436 403 436 403 436 403 436 403 436 403 436 403 436 403 436 403 436 403 436 403 436 403 436 403 436 403 436 403 436 403 436 403 1248 403 436 403 436 403 436 403 436 403 436 403 436 403 1248 403 436 403 1248 403 436 403,3351 1626 421 398 477 362 447 1236 352 458 391 1298 387 423 460 367 475 363 479 1203 378 1281 357 452 461 381 461 382 460 1203 423 1235 326 484 424 417 460 383 460 382 460 365 477 362 445 393 386 453 363 479 366 476 429 414 460 381 460 383 460 1202 425 388 384 456 362 480 395 446 458 385 460 382 460 365 476 1204 414 397 362 479 365 477 430 412 461 1203 423 1234 421 1236 326 1332 386 1246 423 1234 418 1240 306 1352 386 424 461 382 459 1203 420 391 362 479 341 501 422 420 459 383 460 383 460 364 477 362 449 1234 353 1305 359 451 460 382 460 367 476 363 479 359 413 427 361 479 363 1327 359 1272 425 393 478 361 442 397 385 455 363 479 392 450 432 410 460 382 460 383 459 363 481 359 437 402 360 480 362 480 395 447 433 409 460 382 460 365 477 363 477 362 410 428 362 479 364 478 424 418 459 383 460 383 460 365 477 362 446 392 388 451 363 479 366 476 427 415 460 382 460 383 459 365 476 363 442 397 385 454 362 480 391 451 429 413 460 382 459 384 458 364 478 361 440 1244 327 484 397 445 432 410 459 384 459 365 476 363 449 1233 377 435 389 1299 360 451 436,3338 1639 419 410 419 410 419 1249 419 410 419 1249 419 410 419 410 419 410 419 1249 419 1249 419 410 419 410 419 410 419 1249 419 1249 419 410 419 410 419 410 419 410 419 410 419 410 419 410 419 410 419 410 419 410 419 410 419 410 419 410 419 1249 419 410 419 410 419 410 419 410 419 410 419 410 419 410 419 1249 419 410 419 410 419 410 419 410 419 1249 419 1249 419 1249 419 1249 419 1249 419 1249 419 1249 419 1249 419 410 419 410 419 1249 419 410 419 410 419 410 419 410 419 410 419 410 419 410 419 410 419 1249 419 1249 419 410 419 410 419 410 419 410 419 410 419 410 419 410 419 1249 419 1249 419 410 419 410 419 410 419 410 419 410 419 410 419 410 419 410 419 410 419 410 419 410 419 410 419 410 419 410 419 410 419 410 419 410 419 410 419 410 419 410 419 410 419 410 419 410 419 410 419 410 419 410 419 410 419 410 419 410 419 410 419 410 419 410 419 410 419 410 419 410 419 410 419 410 419 410 419 410 419 410 419 410 419 410 419 410 419 410 419 410 419 410 419 1249 419 410 419 410 419 410 419 410 419 410 419 410 419 1249 419 410 419 1249 419 410 419
Fujitsu_AC.ir,Eco,FUJITSU_AC 38 bits 146300101009f6,1,True,learned fidelity_check (115 timings),FUJITSU_AC 38 bits 146300101009f6,True,-13.0,17.2,51,3303 1642 411 417 412 415 414 1205 433 421 408 1211 437 417 412 415 414 414 405 1214 434 1213 435 417 412 415 414 414 405 1214 434 1213 435 418 411 416 413 414 405 423 406 420 409 418 411 416 413 414 405 423 406 421 408 419 410 417 412 415 414 1231 407 421 408 418 411 416 413 415 414 413 406 421 408 419 410 1209 439 415 414 413 406 422 407 1212 436 416 413 415 414 1205 433 421 408 419 410 417 412 415 414 413 406 1214 434 1212 436 416 413 1207 431 1215 433 1213 435 1211 437,3303 1642 411 417 412 415 414 1205 433 421 408 1211 437 417 412 415 414 414 405 1214 434 1213 435 417 412 415 414 414 405 1214 434 1213 435 418 411 416 413 414 405 423 406 420 409 418 411 416 413 414 405 423 406 421 408 419 410 417 412 415 414 1231 407 421 408 418 411 416 413 415 414 413 406 421 408 419 410 1209 439 415 414 413 406 422 407 1212 436 416 413 415 414 1205 433 421 408 419 410 417 412 415 414 413 406 1214 434 1212 436 416 413 1207 431 1215 433 1213 435 1211 437,3339 1634 422 388 364 452 415 1247 426 385 415 1248 387 423 416 427 419 396 362 1274 440 1218 440 381 473 359 415 408 478 1177 355 1277 438 398 389 434 449 386 432 387 414 424 430 386 416 411 444 387 365 459 478 356 364 456 413 424 364 452 416 1273 361 423 416 411 474 357 416 408 476 358 395 424 414 424 394 1243 439 399 361 453 388 455 460 1176 438 383 448 384 415 1221 439 398 363 460 475 360 363 456 412 426 461 1177 437 1220 332 480 413 1248 424 1208 438 1219 333 1299 437,3326 1647 403 424 403 424 403 1256 403 424 403 1256 403 424 403 424 403 424 403 1256 403 1256 403 424 403 424 403 424 403 1256 403 1256 403 424 403 424 403 424 403 424 403 424 403 424 403 424 403 424 403 424 403 424 403 424 403 424 403 424 403 1256 403 424 403 424 403 424 403 424 403 424 403 424 403 424 403 1256 403 424 403 424 403 424 403 1256 403 424 403 424 403 1256 403 424 403 424 403 424 403 424 403 424 403 1256 403 1256 403 424 403 1256 403 1256 403 1256 403 1256 403
Fujitsu_AC.ir,Eco,FUJITSU_AC 38 bits 146300101009f6,2,True,learned fidelity_check (115 timings),FUJITSU_AC 38 bits 146300101009f6,True,8.2,-1.4,67,3303 1642 411 417 412 415 414 1205 433 421 408 1211 437 417 412 415 414 414 405 1214 434 1213 435 417 412 415 414 414 405 1214 434 1213 435 418 411 416 413 414 405 423 406 420 409 418 411 416 413 414 405 423 406 421 408 419 410 417 412 415 414 1231 407 421 408 418 411 416 413 415 414 413 406 421 408 419 410 1209 439 415 414 413 406 422 407 1212 436 416 413 415 414 1205 433 421 408 419 410 417 412 415 414 413 406 1214 434 1212 436 416 413 1207 431 1215 433 1213 435 1211 437,3326 1647 403 424 403 424 403 1256 403 424 403 1256 403 424 403 424 403 424 403 1256 403 1256 403 424 403 424 403 424 403 1256 403 1256 403 424 403 424 403 424 403 424 403 424 403 424 403 424 403 424 403 424 403 424 403 424 403 424 403 424 403 1256 403 424 403 424 403 424 403 424 403 424 403 424 403 424 403 1256 403 424 403 424 403 424 403 1256 403 424 403 424 403 1256 403 424 403 424 403 424 403 424 403 424 403 1256 403 1256 403 424 403 1256 403 1256 403 1256 403 1256 403,3301 1701 306 487 477 356 431 1259 330 460 445 1238 425 385 458 362 409 428 461 1229 386 1272 386 401 384 455 460 356 362 1327 368 1290 380 431 458 357 363 462 477 355 427 395 442 394 460 358 385 455 460 356 337 488 476 356 426 396 443 392 460 1230 361 427 407 431 461 355 362 480 460 355 393 430 479 356 458 1231 359 430 441 396 461 357 361 1326 410 401 460 356 362 1327 353 458 459 356 391 432 479 355 457 364 411 1274 424 1233 425 385 460 1230 359 1299 332 1325 306 1352 306,3288 1714 412 408 412 408 412 1287 412 408 412 1287 412 408 412 408 412 408 412 1287 412 1287 412 408 412 408 412 408 412 1287 412 1287 412 408 412 408 412 408 412 408 412 408 412 408 412 408 412 408 412 408 412 408 412 408 412 408 412 408 412 1287 412 408 412 408 412 408 412 408 412 408 412 408 412 408 412 1287 412 408 412 408 412 408 412 1287 412 408 412 408 412 1287 412 408 412 408 412 408 412 408 412 408 412 1287 412 1287 412 408 412 1287 412 1287 412 1287 412 1287 412
Fujitsu_AC.ir,Mode_cool,FUJITSU_AC 80 bits 1463001010fe0930600100000000204f,1,True,learned fidelity_check (259 timings),FUJITSU_AC 80 bits 1463001010fe0930600100000000204f,True,-7.7,7.9,40,3296 1649 414 414 405 422 407 1239 409 418 411 1234 414 414 405 422 407 420 409 1237 411 1208 440 415 414 413 406 421 408 1238 410 1235 413 415 404 423 406 421 408 419 410 417 412 416 413 415 404 423 406 421 408 419 410 417 412 415 414 413 406 1240 408 419 410 417 412 415 414 413 406 422 407 420 409 418 411 1234 414 413 406 422 407 420 409 418 411 1234 414 1233 405 1241 407 1238 410 1210 438 1207 431 1215 433 1240 408 419 410 418 411 1234 414 413 406 422 407 420 409 418 411 416 413 414 405 424 405 422 407 1238 410 1235 413 414 415 387 432 421 408 419 410 417 412 415 414 415 404 1241 407 1238 410 418 411 1234 414 413 406 422 407 420 409 418 411 417 412 415 414 413 406 421 408 419 410 417 412 415 414 413 406 422 407 420 409 418 411 416 413 415 404 423 406 421 408 419 410 417 412 415 414 413 406 421 408 419 410 417 412 415 414 413 406 422 407 420 409 418 411 416 413 414 405 423 406 420 409 418 411 416 413 414 405 423 406 420 409 419 410 417 412 415 414 413 406 1240 408 419 410 417 412 1233 405 1241 407 1213 435 1211 437 416 413 415 414 1231 407 421 408,3296 1649 414 414 405 422 407 1239 409 418 411 1234 414 414 405 422 407 420 409 1237 411 1208 440 415 414 413 406 421 408 1238 410 1235 413 415 404 423 406 421 408 419 410 417 412 416 413 415 404 423 406 421 408 419 410 417 412 415 414 413 406 1240 408 419 410 417 412 415 414 413 406 422 407 420 409 418 411 1234 414 413 406 422 407 420 409 418 411 1234 414 1233 405 1241 407 1238 410 1210 438 1207 431 1215 433 1240 408 419 410 418 411 1234 414 413 406 422 407 420 409 418 411 416 413 414 405 424 405 422 407 1238 410 1235 413 414 415 387 432 421 408 419 410 417 412 415 414 415 404 1241 407 1238 410 418 411 1234 414 413 406 422 407 420 409 418 411 417 412 415 414 413 406 421 408 419 410 417 412 415 414 413 406 422 407 420 409 418 411 416 413 415 404 423 406 421 408 419 410 417 412 415 414 413 406 421 408 419 410 417 412 415 414 413 406 422 407 420 409 418 411 416 413 414 405 423 406 420 409 418 411 416 413 414 405 423 406 420 409 419 410 417 412 415 414 413 406 1240 408 419 410 417 412 1233 405 1241 407 1213 435 1211 437 416 413 415 414 1231 407 421 408,3306 1661 327 456 388 455 460 1203 425 386 455 1207 425 386 459 355 363 460 477 1206 414 1191 410 427 415 408 478 356 366 1297 425 1233 420 371 448 387 426 393 413 426 424 391 416 427 422 393 363 462 477 356 363 458 440 397 362 455 414 426 460 1203 425 386 456 359 416 409 473 360 391 431 444 392 366 452 413 1274 376 408 412 430 459 356 414 412 476 1203 425 1207 424 1234 424 1233 331 1274 437 1221 423 1208 439 1245 351 439 440 396 361 1302 424 387 457 361 412 427 456 360 415 410 449 384 367 457 478 355 366 1297 425 1233 419 371 443 367 364 480 413 427 425 390 417 410 439 392 363 1301 424 1233 425 371 472 1205 425 369 477 355 362 461 448 387 363 457 412 425 363 453 388 455 459 356 388 435 479 355 413 408 413 424 429 388 414 427 427 388 416 411 476 355 364 458 447 389 363 456 412 427 362 454 386 440 475 356 388 435 448 387 388 431 412 427 433 383 415 427 431 384 415 409 478 356 366 454 412 425 366 450 416 427 459 356 362 462 478 355 363 459 441 395 363 455 413 1274 306 480 414 427 419 1243 384 1274 359 1246 412 1245 333 480 414 426 362 1301 427 383 431,3293 1674 403 423 403 423 403 1247 403 423 403 1247 403 423 403 423 403 423 403 1247 403 1247 403 423 403 423 403 423 403 1247 403 1247 403 423 403 423 403 423 403 423 403 423 403 423 403 423 403 423 403 423 403 423 403 423 403 423 403 423 403 1247 403 423 403 423 403 423 403 423 403 423 403 423 403 423 403 1247 403 423 403 423 403 423 403 423 403 1247 403 1247 403 1247 403 1247 403 1247 403 1247 403 1247 403 1247 403 423 403 423 403 1247 403 423 403 423 403 423 403 423 403 423 403 423 403 423 403 423 403 1247 403 1247 403 423 403 423 403 423 403 423 403 423 403 423 403 423 403 1247 403 1247 403 423 403 1247 403 423 403 423 403 423 403 423 403 423 403 423 403 423 403 423 403 423 403 423 403 423 403 423 403 423 403 423 403 423 403 423 403 423 403 423 403 423 403 423 403 423 403 423 403 423 403 423 403 423 403 423 403 423 403 423 403 423 403 423 403 423 403 423 403 423 403 423 403 423 403 423 403 423 403 423 403 423 403 423 403 423 403 423 403 423 403 423 403 1247 403 423 403 423 403 1247 403 1247 403 1247 403 1247 403 423 403 423 403 1247 403 423 403
Fujitsu_AC.ir,Mode_cool,FUJITSU_AC 80 bits 1463001010fe0930600100000000204f,2,True,learned fidelity_check (259 timings),FUJITSU_AC 80 bits 1463001010fe0930600100000000204f,True,9.5,-12.4,90,3296 1649 414 414 405 422 407 1239 409 418 411 1234 414 414 405 422 407 420 409 1237 411 1208 440 415 414 413 406 421 408 1238 410 1235 413 415 404 423 406 421 408 419 410 417 412 416 413 415 404 423 406 421 408 419 410 417 412 415 414 413 406 1240 408 419 410 417 412 415 414 413 406 422 407 420 409 418 411 1234 414 413 406 422 407 420 409 418 411 1234 414 1233 405 1241 407 1238 410 1210 438 1207 431 1215 433 1240 408 419 410 418 411 1234 414 413 406 422 407 420 409 418 411 416 413 414 405 424 405 422 407 1238 410 1235 413 414 415 387 432 421 408 419 410 417 412 415 414 415 404 1241 407 1238 410 418 411 1234 414 413 406 422 407 420 409 418 411 417 412 415 414 413 406 421 408 419 410 417 412 415 414 413 406 422 407 420 409 418 411 416 413 415 404 423 406 421 408 419 410 417 412 415 414 413 406 421 408 419 410 417 412 415 414 413 406 422 407 420 409 418 411 416 413 414 405 423 406 420 409 418 411 416 413 414 405 423 406 420 409 419 410 417 412 415 414 413 406 1240 408 419 410 417 412 1233 405 1241 407 1213 435 1211 437 416 413 415 414 1231 407 421 408,3293 1674 403 423 403 423 403 1247 403 423 403 1247 403 423 403 423 403 423 403 1247 403 1247 403 423 403 423 403 423 403 1247 403 1247 403 423 403 423 403 423 403 423 403 423 403 423 403 423 403 423 403 423 403 423 403 423 403 423 403 423 403 1247 403 423 403 423 403 423 403 423 403 423 403 423 403 423 403 1247 403 423 403 423 403 423 403 423 403 1247 403 1247 403 1247 403 1247 403 1247 403 1247 403 1247 403 1247 403 423 403 423 403 1247 403 423 403 423 403 423 403 423 403 423 403 423 403 423 403 423 403 1247 403 1247 403 423 403 423 403 423 403 423 403 423 403 423 403 423 403 1247 403 1247 403 423 403 1247 403 423 403 423 403 423 403 423 403 423 403 423 403 423 403 423 403 423 403 423 403 423 403 423 403 423 403 423 403 423 403 423 403 423 403 423 403 423 403 423 403 423 403 423 403 423 403 423 403 423 403 423 403 423 403 423 403 423 403 423 403 423 403 423 403 423 403 423 403 423 403 423 403 423 403 423 403 423 403 423 403 423 403 423 403 423 403 423 403 1247 403 423 403 423 403 1247 403 1247 403 1247 403 1247 403 423 403 423 403 1247 403 423 403,3249 1751 305 487 478 355 460 1204 424 386 425 1265 386 397 366 458 478 356 460 1203 424 1234 385 425 460 356 389 433 478 1205 352 1306 360 426 384 456 460 355 393 429 451 385 460 356 362 480 460 355 421 401 442 394 460 355 363 464 476 355 428 1236 422 387 367 457 478 356 460 358 361 480 459 355 395 428 445 1238 327 466 477 356 457 362 385 453 460 1203 426 1232 327 1331 386 1245 424 1234 379 1279 358 1273 423 1235 422 388 460 355 363 1327 386 399 362 479 460 355 395 427 445 391 460 356 363 480 459 356 424 1265 386 1245 426 384 461 355 363 464 475 356 428 393 413 424 460 355 363 1327 385 1246 426 385 429 1234 425 385 392 431 450 385 459 357 362 480 459 356 421 400 443 394 460 355 363 464 475 356 427 394 415 422 460 355 363 463 477 355 432 388 408 430 460 355 367 457 479 355 457 362 384 455 460 355 368 456 477 357 460 357 362 479 460 356 395 427 444 391 461 355 363 480 459 356 424 397 439 397 460 356 362 463 477 355 430 390 410 429 459 356 363 461 478 356 431 1232 449 361 421 401 441 1242 327 1331 358 1273 428 1230 379 432 459 356 397 1292 360 425 363,3236 1764 413 403 413 403 413 1258 413 403 413 1258 413 403 413 403 413 403 413 1258 413 1258 413 403 413 403 413 403 413 1258 413 1258 413 403 413 403 413 403 413 403 413 403 413 403 413 403 413 403 413 403 413 403 413 403 413 403 413 403 413 1258 413 403 413 403 413 403 413 403 413 403 413 403 413 403 413 1258 413 403 413 403 413 403 413 403 413 1258 413 1258 413 1258 413 1258 413 1258 413 1258 413 1258 413 1258 413 403 413 403 413 1258 413 403 413 403 413 403 413 403 413 403 413 403 413 403 413 403 413 1258 413 1258 413 403 413 403 413 403 413 403 413 403 413 403 413 403 413 1258 413 1258 413 403 413 1258 413 403 413 403 413 403 413 403 413 403 413 403 413 403 413 403 413 403 413 403 413 403 413 403 413 403 413 403 413 403 413 403 413 403 413 403 413 403 413 403 413 403 413 403 413 403 413 403 413 403 413 403 413 403 413 403 413 403 413 403 413 403 413 403 413 403 413 403 413 403 413 403 413 403 413 403 413 403 413 403 413 403 413 403 413 403 413 403 413 1258 413 403 413 403 413 1258 413 1258 413 1258 413 1258 413 403 413 403 413 1258 413 403 413
GREE_YAPOF.ir,Power_on,GREE 40 bits 7b09205010400030,1,True,learned fidelity_check (279 timings),KELVINATOR 80 bits 7b092050104000307b0920700000c0a0,False,-23.9,26.4,82,8997 4543 627 1660 627 1659 627 582 627 1660 627 1659 628 1659 628 1684 629 555 628 1659 628 554 629 581 628 1659 628 555 628 582 627 555 628 554 628 581 628 554 628 554 629 581 628 554 628 1659 628 581 628 554 629 554 628 581 628 554 629 554 629 1659 628 581 628 1658 629 554 629 581 628 1659 628 554 629 20037 628 555 628 581 628 554 629 554 629 1659 628 581 628 555 628 554 629 580 629 554 629 556 627 580 629 553 630 556 626 1690 623 554 629 554 629 582 627 555 628 554 628 581 628 556 627 556 627 581 628 555 628 555 628 580 629 554 629 1660 627 1659 628 580 629 555 628 40020 8996 4518 626 1686 627 1659 628 556 627 1658 629 1687 626 1660 627 1661 626 555 627 1685 628 555 628 556 627 1686 627 555 627 555 627 583 652 529 654 530 653 555 654 530 653 530 653 555 654 1633 654 529 654 555 628 556 653 529 654 555 628 556 653 1633 654 1633 654 1660 653 528 655 530 653 1634 652 555 654 19985 653 556 653 529 653 529 653 555 654 529 653 529 654 556 653 530 653 529 653 557 652 529 654 529 654 556 653 530 652 530 653 556 653 529 654 530 653 557 652 528 654 530 653 555 654 1634 653 1634 653 529 654 556 653 529 654 530 653 556 653 1634 653 529 654 1661 652,8997 4543 627 1660 627 1659 627 582 627 1660 627 1659 628 1659 628 1684 629 555 628 1659 628 554 629 581 628 1659 628 555 628 582 627 555 628 554 628 581 628 554 628 554 629 581 628 554 628 1659 628 581 628 554 629 554 628 581 628 554 629 554 629 1659 628 581 628 1658 629 554 629 581 628 1659 628 554 629 20037 628 555 628 581 628 554 629 554 629 1659 628 581 628 555 628 554 629 580 629 554 629 556 627 580 629 553 630 556 626 1690 623 554 629 554 629 582 627 555 628 554 628 581 628 556 627 556 627 581 628 555 628 555 628 580 629 554 629 1660 627 1659 628 580 629 555 628 40020 8996 4518 626 1686 627 1659 628 556 627 1658 629 1687 626 1660 627 1661 626 555 627 1685 628 555 628 556 627 1686 627 555 627 555 627 583 652 529 654 530 653 555 654 530 653 530 653 555 654 1633 654 529 654 555 628 556 653 529 654 555 628 556 653 1633 654 1633 654 1660 653 528 655 530 653 1634 652 555 654 19985 653 556 653 529 653 529 653 555 654 529 653 529 654 556 653 530 653 529 653 557 652 529 654 529 654 556 653 530 652 530 653 556 653 529 654 530 653 557 652 528 654 530 653 555 654 1634 653 1634 653 529 654 556 653 529 654 530 653 556 653 1634 653 529 654 1661 652,8938 4587 659 1660 632 1657 633 545 626 1695 626 1663 591 1673 564 1751 543 617 623 1690 625 531 621 589 623 1694 635 517 627 584 627 557 626 558 626 585 626 558 626 558 626 584 623 561 597 1698 565 624 564 618 594 589 624 584 623 560 621 562 623 1695 635 544 626 1695 634 518 626 584 626 1695 635 517 627 20032 656 525 626 585 626 557 627 558 626 1695 634 545 626 558 626 557 626 585 625 558 600 585 598 613 573 594 588 612 574 1747 596 562 620 563 619 592 624 558 623 558 626 584 626 558 627 557 627 584 626 558 626 558 627 583 627 557 626 1695 629 1660 591 589 572 612 547 40086 9022 4496 660 1686 664 1625 628 525 597 1697 567 1748 571 1719 601 1688 636 521 622 1720 666 487 627 557 627 1720 665 488 626 558 626 584 720 464 689 495 682 529 649 535 644 541 618 575 595 1716 570 589 648 561 623 561 689 493 719 489 626 559 721 1597 622 1667 622 1694 622 531 723 461 723 1597 594 586 649 19982 652 556 723 461 723 461 720 491 687 497 649 536 644 567 617 551 608 573 593 617 617 563 657 527 693 517 693 490 719 463 698 511 698 486 699 485 698 512 699 486 697 487 697 513 695 1624 594 1667 644 539 620 591 593 573 592 592 592 617 618 1670 647 534 684 1633 654,9009 4600 613 1707 613 1707 613 571 613 1707 613 1707 613 1707 613 1707 613 571 613 1707 613 571 613 571 613 1707 613 571 613 571 613 571 613 571 613 571 613 571 613 571 613 571 613 571 613 1707 613 571 613 571 613 571 613 571 613 571 613 571 613 1707 613 571 613 1707 613 571 613 571 613 1707 613 571 613 20045 613 571 613 571 613 571 613 571 613 1707 613 571 613 571 613 571 613 571 613 571 613 571 613 571 613 571 613 571 613 1707 613 571 613 571 613 571 613 571 613 571 613 571 613 571 613 571 613 571 613 571 613 571 613 571 613 571 613 1707 613 1707 613 571 613 571 613 40099 9009 4600 613 1707 613 1707 613 571 613 1707 613 1707 613 1707 613 1707 613 571 613 1707 613 571 613 571 613 1707 613 571 613 571 613 571 613 571 613 571 613 571 613 571 613 571 613 571 613 1707 613 571 613 571 613 571 613 571 613 571 613 571 613 1707 613 1707 613 1707 613 571 613 571 613 1707 613 571 613 20045 613 571 613 571 613 571 613 571 613 571 613 571 613 571 613 571 613 571 613 571 613 571 613 571 613 571 613 571 613 571 613 571 613 571 613 571 613 571 613 571 613 571 613 571 613 1707 613 1707 613 571 613 571 613 571 613 571 613 571 613 1707 613 571 613 1707 613
GREE_YAPOF.ir,Power_on,GREE 40 bits 7b09205010400030,2,True,learned fidelity_check (279 timings),GREE 40 bits 7b09205010400030,True,-17.4,15.7,50,8997 4543 627 1660 627 1659 627 582 627 1660 627 1659 628 1659 628 1684 629 555 628 1659 628 554 629 581 628 1659 628 555 628 582 627 555 628 554 628 581 628 554 628 554 629 581 628 554 628 1659 628 581 628 554 629 554 628 581 628 554 629 554 629 1659 628 581 628 1658 629 554 629 581 628 1659 628 554 629 20037 628 555 628 581 628 554 629 554 629 1659 628 581 628 555 628 554 629 580 629 554 629 556 627 580 629 553 630 556 626 1690 623 554 629 554 629 582 627 555 628 554 628 581 628 556 627 556 627 581 628 555 628 555 628 580 629 554 629 1660 627 1659 628 580 629 555 628 40020 8996 4518 626 1686 627 1659 628 556 627 1658 629 1687 626 1660 627 1661 626 555 627 1685 628 555 628 556 627 1686 627 555 627 555 627 583 652 529 654 530 653 555 654 530 653 530 653 555 654 1633 654 529 654 555 628 556 653 529 654 555 628 556 653 1633 654 1633 654 1660 653 528 655 530 653 1634 652 555 654 19985 653 556 653 529 653 529 653 555 654 529 653 529 654 556 653 530 653 529 653 557 652 529 654 529 654 556 653 530 652 530 653 556 653 529 654 530 653 557 652 528 654 530 653 555 654 1634 653 1634 653 529 654 556 653 529 654 530 653 556 653 1634 653 529 654 1661 652,9009 4600 613 1707 613 1707 613 571 613 1707 613 1707 613 1707 613 1707 613 571 613 1707 613 571 613 571 613 1707 613 571 613 571 613 571 613 571 613 571 613 571 613 571 613 571 613 571 613 1707 613 571 613 571 613 571 613 571 613 571 613 571 613 1707 613 571 613 1707 613 571 613 571 613 1707 613 571 613 20045 613 571 613 571 613 571 613 571 613 1707 613 571 613 571 613 571 613 571 613 571 613 571 613 571 613 571 613 571 613 1707 613 571 613 571 613 571 613 571 613 571 613 571 613 571 613 571 613 571 613 571 613 571 613 571 613 571 613 1707 613 1707 613 571 613 571 613 40099 9009 4600 613 1707 613 1707 613 571 613 1707 613 1707 613 1707 613 1707 613 571 613 1707 613 571 613 571 613 1707 613 571 613 571 613 571 613 571 613 571 613 571 613 571 613 571 613 571 613 1707 613 571 613 571 613 571 613 571 613 571 613 571 613 1707 613 1707 613 1707 613 571 613 571 613 1707 613 571 613 20045 613 571 613 571 613 571 613 571 613 571 613 571 613 571 613 571 613 571 613 571 613 571 613 571 613 571 613 571 613 571 613 571 613 571 613 571 613 571 613 571 613 571 613 571 613 1707 613 1707 613 571 613 571 613 571 613 571 613 571 613 1707 613 571 613 1707 613,9043 4577 669 1677 597 1719 594 558 668 1679 517 1799 588 1727 635 1681 634 530 684 1677 596 557 670 514 670 1677 570 582 645 539 668 516 645 540 667 516 669 516 668 516 668 516 668 515 670 1678 517 636 601 582 603 581 603 582 602 582 603 581 602 1745 589 565 571 1775 661 498 652 531 652 1689 639 524 686 19985 671 514 670 514 669 514 671 513 671 1677 570 582 671 514 670 513 670 515 669 515 670 514 669 514 672 512 670 515 669 1677 541 612 639 545 639 545 640 544 640 544 640 544 640 544 641 543 641 543 640 544 640 545 639 544 640 544 641 1705 538 1778 624 532 595 589 595 40136 8992 4612 602 1741 569 1747 520 634 602 1744 595 1720 666 1649 665 1676 571 585 644 1701 568 586 615 569 615 1730 537 618 576 608 577 607 577 606 578 607 577 607 601 583 601 583 601 583 601 1746 593 561 572 612 571 613 572 613 571 612 572 612 572 1773 641 1671 645 1700 569 584 641 544 642 1677 594 587 609 20048 548 635 607 576 607 578 608 576 607 576 605 581 605 578 607 577 604 580 605 579 603 582 602 582 602 581 604 581 603 582 600 583 600 585 600 584 599 585 598 587 598 586 597 587 597 1717 593 1727 620 564 621 563 649 535 652 532 652 532 652 1667 663 522 662 1670 644,9030 4625 595 1714 595 1714 595 589 595 1714 595 1714 595 1714 595 1714 595 589 595 1714 595 589 595 589 595 1714 595 589 595 589 595 589 595 589 595 589 595 589 595 589 595 589 595 589 595 1714 595 589 595 589 595 589 595 589 595 589 595 589 595 1714 595 589 595 1714 595 589 595 589 595 1714 595 589 595 20061 595 589 595 589 595 589 595 589 595 1714 595 589 595 589 595 589 595 589 595 589 595 589 595 589 595 589 595 589 595 1714 595 589 595 589 595 589 595 589 595 589 595 589 595 589 595 589 595 589 595 589 595 589 595 589 595 589 595 1714 595 1714 595 589 595 589 595 40149 9030 4625 595 1714 595 1714 595 589 595 1714 595 1714 595 1714 595 1714 595 589 595 1714 595 589 595 589 595 1714 595 589 595 589 595 589 595 589 595 589 595 589 595 589 595 589 595 589 595 1714 595 589 595 589 595 589 595 589 595 589 595 589 595 1714 595 1714 595 1714 595 589 595 589 595 1714 595 589 595 20061 595 589 595 589 595 589 595 589 595 589 595 589 595 589 595 589 595 589 595 589 595 589 595 589 595 589 595 589 595 589 595 589 595 589 595 589 595 589 595 589 595 589 595 589 595 1714 595 1714 595 589 595 589 595 589 595 589 595 589 595 1714 595 589 595 1714 595
GREE_YAPOF.ir,Off,GREE 40 bits 73092050104000b0,1,True,learned fidelity_check (279 timings),KELVINATOR 80 bits 73092050104000b0730920700000c020,False,-14.9,10.7,58,8995 4545 627 1658 629 1660 627 581 628 554 629 1660 627 1659 628 1685 628 555 628 1659 628 581 628 554 629 1660 627 554 629 581 628 555 628 554 629 581 628 555 628 555 628 581 628 555 628 1660 627 581 628 554 629 555 627 581 628 554 628 556 627 1686 627 555 627 1660 627 557 626 581 628 1658 629 555 628 20037 627 555 628 581 628 555 628 556 627 1687 626 556 627 555 628 582 627 556 627 556 626 582 627 555 628 557 626 581 628 1659 628 555 628 555 628 581 628 554 628 556 627 584 625 556 626 556 627 582 627 557 625 555 627 582 627 555 627 1661 625 1686 627 556 653 1632 655 39992 8996 4518 650 1660 653 1635 627 556 627 583 625 1660 628 1661 626 1660 627 581 628 1658 629 557 625 557 626 1686 627 556 627 555 628 582 627 556 627 556 627 582 627 555 628 557 626 582 627 1661 626 557 626 583 626 556 627 556 627 581 628 556 627 1661 626 1660 627 1687 626 555 628 556 627 1688 625 557 626 20012 626 581 628 556 627 556 626 583 626 556 626 556 627 583 626 556 627 557 626 582 627 555 628 556 627 582 627 556 627 556 627 583 626 556 626 556 627 584 625 556 627 556 627 581 628 1661 626 1661 626 582 627 556 627 555 628 583 626 557 625 1660 627 557 626 583 626,8995 4545 627 1658 629 1660 627 581 628 554 629 1660 627 1659 628 1685 628 555 628 1659 628 581 628 554 629 1660 627 554 629 581 628 555 628 554 629 581 628 555 628 555 628 581 628 555 628 1660 627 581 628 554 629 555 627 581 628 554 628 556 627 1686 627 555 627 1660 627 557 626 581 628 1658 629 555 628 20037 627 555 628 581 628 555 628 556 627 1687 626 556 627 555 628 582 627 556 627 556 626 582 627 555 628 557 626 581 628 1659 628 555 628 555 628 581 628 554 628 556 627 584 625 556 626 556 627 582 627 557 625 555 627 582 627 555 627 1661 625 1686 627 556 653 1632 655 39992 8996 4518 650 1660 653 1635 627 556 627 583 625 1660 628 1661 626 1660 627 581 628 1658 629 557 625 557 626 1686 627 556 627 555 628 582 627 556 627 556 627 582 627 555 628 557 626 582 627 1661 626 557 626 583 626 556 627 556 627 581 628 556 627 1661 626 1660 627 1687 626 555 628 556 627 1688 625 557 626 20012 626 581 628 556 627 556 626 583 626 556 626 556 627 583 626 556 627 557 626 582 627 555 628 556 627 582 627 556 627 556 627 583 626 556 626 556 627 584 625 556 627 556 627 581 628 1661 626 1661 626 582 627 556 627 555 628 583 626 557 625 1660 627 557 626 583 626,8987 4540 659 1656 663 1627 662 517 626 558 626 1694 663 1627 663 1652 630 523 597 1697 567 623 563 619 592 1720 599 559 620 590 622 561 622 559 625 585 625 559 625 558 627 584 626 558 626 1694 665 514 626 558 626 558 625 586 598 586 573 611 572 1748 571 590 625 1687 636 523 651 556 625 1693 665 488 626 20057 602 562 625 583 623 560 623 562 623 1718 666 489 628 555 625 586 626 557 626 558 626 584 627 558 626 557 627 583 625 1695 622 532 573 612 572 621 565 617 622 563 626 585 630 550 651 531 625 584 625 560 625 556 628 583 628 556 627 1692 641 1648 651 530 647 1643 619 40012 8992 4529 648 1668 597 1692 618 564 548 663 601 1670 623 1666 631 1656 657 550 629 1658 667 518 630 553 634 1683 667 516 656 528 656 554 659 525 628 556 623 588 596 586 573 613 569 641 547 1743 602 564 626 583 657 525 654 529 656 553 657 527 656 1632 660 1628 665 1650 661 524 660 525 660 1654 654 531 623 20006 664 547 666 518 667 517 668 542 669 515 662 523 654 557 621 559 598 586 575 636 575 609 578 606 603 591 624 558 653 531 648 562 622 560 621 561 623 587 624 559 628 556 628 583 653 1636 650 1639 625 585 620 565 617 564 596 617 592 590 594 1698 569 613 570 640 595,8979 4553 613 1681 613 1681 613 572 613 572 613 1681 613 1681 613 1681 613 572 613 1681 613 572 613 572 613 1681 613 572 613 572 613 572 613 572 613 572 613 572 613 572 613 572 613 572 613 1681 613 572 613 572 613 572 613 572 613 572 613 572 613 1681 613 572 613 1681 613 572 613 572 613 1681 613 572 613 20070 613 572 613 572 613 572 613 572 613 1681 613 572 613 572 613 572 613 572 613 572 613 572 613 572 613 572 613 572 613 1681 613 572 613 572 613 572 613 572 613 572 613 572 613 572 613 572 613 572 613 572 613 572 613 572 613 572 613 1681 613 1681 613 572 613 1681 613 40025 8979 4553 613 1681 613 1681 613 572 613 572 613 1681 613 1681 613 1681 613 572 613 1681 613 572 613 572 613 1681 613 572 613 572 613 572 613 572 613 572 613 572 613 572 613 572 613 572 613 1681 613 572 613 572 613 572 613 572 613 572 613 572 613 1681 613 1681 613 1681 613 572 613 572 613 1681 613 572 613 20070 613 572 613 572 613 572 613 572 613 572 613 572 613 572 613 572 613 572 613 572 613 572 613 572 613 572 613 572 613 572 613 572 613 572 613 572 613 572 613 572 613 572 613 572 613 1681 613 1681 613 572 613 572 613 572 613 572 613 572 613 1681 613 572 613 572 613
GREE_YAPOF.ir,Off,GREE 40 bits 73092050104000b0,2,True,learned fidelity_check (279 timings),GREE 40 bits 73092050104000b0,True,-27.2,24.6,44,8995 4545 627 1658 629 1660 627 581 628 554 629 1660 627 1659 628 1685 628 555 628 1659 628 581 628 554 629 1660 627 554 629 581 628 555 628 554 629 581 628 555 628 555 628 581 628 555 628 1660 627 581 628 554 629 555 627 581 628 554 628 556 627 1686 627 555 627 1660 627 557 626 581 628 1658 629 555 628 20037 627 555 628 581 628 555 628 556 627 1687 626 556 627 555 628 582 627 556 627 556 626 582 627 555 628 557 626 581 628 1659 628 555 628 555 628 581 628 554 628 556 627 584 625 556 626 556 627 582 627 557 625 555 627 582 627 555 627 1661 625 1686 627 556 653 1632 655 39992 8996 4518 650 1660 653 1635 627 556 627 583 625 1660 628 1661 626 1660 627 581 628 1658 629 557 625 557 626 1686 627 556 627 555 628 582 627 556 627 556 627 582 627 555 628 557 626 582 627 1661 626 557 626 583 626 556 627 556 627 581 628 556 627 1661 626 1660 627 1687 626 555 628 556 627 1688 625 557 626 20012 626 581 628 556 627 556 626 583 626 556 626 556 627 583 626 556 627 557 626 582 627 555 628 556 627 582 627 556 627 556 627 583 626 556 626 556 627 584 625 556 627 556 627 581 628 1661 626 1661 626 582 627 556 627 555 628 583 626 557 625 1660 627 557 626 583 626,8979 4553 613 1681 613 1681 613 572 613 572 613 1681 613 1681 613 1681 613 572 613 1681 613 572 613 572 613 1681 613 572 613 572 613 572 613 572 613 572 613 572 613 572 613 572 613 572 613 1681 613 572 613 572 613 572 613 572 613 572 613 572 613 1681 613 572 613 1681 613 572 613 572 613 1681 613 572 613 20070 613 572 613 572 613 572 613 572 613 1681 613 572 613 572 613 572 613 572 613 572 613 572 613 572 613 572 613 572 613 1681 613 572 613 572 613 572 613 572 613 572 613 572 613 572 613 572 613 572 613 572 613 572 613 572 613 572 613 1681 613 1681 613 572 613 1681 613 40025 8979 4553 613 1681 613 1681 613 572 613 572 613 1681 613 1681 613 1681 613 572 613 1681 613 572 613 572 613 1681 613 572 613 572 613 572 613 572 613 572 613 572 613 572 613 572 613 572 613 1681 613 572 613 572 613 572 613 572 613 572 613 572 613 1681 613 1681 613 1681 613 572 613 572 613 1681 613 572 613 20070 613 572 613 572 613 572 613 572 613 572 613 572 613 572 613 572 613 572 613 572 613 572 613 572 613 572 613 572 613 572 613 572 613 572 613 572 613 572 613 572 613 572 613 572 613 1681 613 1681 613 572 613 572 613 572 613 572 613 572 613 1681 613 572 613 572 613,8998 4526 567 1751 627 1662 666 497 686 499 685 1650 570 1719 569 1720 537 617 548 1772 633 526 621 563 653 1661 655 526 668 516 645 539 669 514 669 516 645 539 646 538 646 538 645 539 640 1678 520 635 576 608 549 636 572 612 572 614 571 614 594 1722 642 521 663 1673 570 585 642 541 643 1676 569 586 609 20074 548 635 600 584 548 636 548 637 548 1750 658 523 656 528 664 521 664 521 663 522 661 540 645 539 644 540 644 541 629 1661 598 585 606 578 605 579 602 582 600 584 597 587 547 638 547 637 568 616 594 592 593 592 593 592 620 565 624 1687 644 1645 630 556 597 1690 576 40056 9020 4524 645 1646 598 1692 547 637 546 638 546 1745 621 1672 663 1644 643 541 641 1651 597 587 598 586 574 1715 547 637 566 618 592 593 593 592 593 592 593 592 592 593 616 569 619 566 619 1687 604 581 630 554 630 556 627 557 626 559 624 560 624 1665 572 1718 591 1702 619 566 645 540 620 1686 603 581 626 20060 598 585 599 585 598 586 599 585 600 585 610 573 598 587 596 588 593 592 568 615 569 616 567 616 593 593 591 614 569 616 569 614 570 615 595 589 595 590 596 589 594 590 595 590 593 1695 594 1721 569 614 568 616 567 617 568 617 566 618 566 1724 566 618 565 620 588,9007 4539 585 1700 585 1700 585 599 585 599 585 1700 585 1700 585 1700 585 599 585 1700 585 599 585 599 585 1700 585 599 585 599 585 599 585 599 585 599 585 599 585 599 585 599 585 599 585 1700 585 599 585 599 585 599 585 599 585 599 585 599 585 1700 585 599 585 1700 585 599 585 599 585 1700 585 599 585 20087 585 599 585 599 585 599 585 599 585 1700 585 599 585 599 585 599 585 599 585 599 585 599 585 599 585 599 585 599 585 1700 585 599 585 599 585 599 585 599 585 599 585 599 585 599 585 599 585 599 585 599 585 599 585 599 585 599 585 1700 585 1700 585 599 585 1700 585 40069 9007 4539 585 1700 585 1700 585 599 585 599 585 1700 585 1700 585 1700 585 599 585 1700 585 599 585 599 585 1700 585 599 585 599 585 599 585 599 585 599 585 599 585 599 585 599 585 599 585 1700 585 599 585 599 585 599 585 599 585 599 585 599 585 1700 585 1700 585 1700 585 599 585 599 585 1700 585 599 585 20087 585 599 585 599 585 599 585 599 585 599 585 599 585 599 585 599 585 599 585 599 585 599 585 599 585 599 585 599 585 599 585 599 585 599 585 599 585 599 585 599 585 599 585 599 585 1700 585 1700 585 599 585 599 585 599 585 599 585 599 585 1700 585 599 585 599 585
GREE_YAPOF.ir,Auto,GREE 40 bits 38092050004000f0,1,True,learned fidelity_check (279 timings),GREE 40 bits 38092050004000f0,True,-42.8,38.0,89,8995 4545 626 554 628 555 627 581 628 1661 625 1659 628 1660 626 581 628 555 627 1660 627 581 628 556 626 1661 625 582 627 556 626 555 627 581 628 555 627 555 628 582 627 556 626 555 627 1687 626 555 628 554 629 581 628 555 627 555 627 581 628 1659 628 555 628 1660 626 581 628 556 627 1659 627 580 629 20008 627 555 628 582 627 556 627 555 627 581 628 556 627 554 628 581 628 557 625 556 626 582 627 555 627 557 626 581 627 1661 626 556 626 582 627 555 627 556 626 581 628 556 626 555 628 581 628 556 627 555 627 583 626 556 626 556 627 1685 628 1659 628 1659 628 1659 628 40017 8992 4544 626 556 626 555 627 582 627 1660 627 1660 626 1660 626 581 628 556 626 1658 629 582 601 582 627 1660 626 556 627 583 626 556 627 556 626 582 627 555 627 555 627 581 628 556 626 1660 627 582 627 555 627 554 629 582 627 555 627 556 626 1687 626 1660 627 1660 627 555 627 582 627 1659 627 555 628 20036 627 556 626 554 628 582 627 555 627 556 627 581 628 556 626 554 628 584 625 557 626 556 627 582 627 555 628 556 626 582 627 556 626 554 629 582 627 556 626 556 626 1685 628 1659 628 556 627 1685 628 555 628 555 627 582 627 556 627 555 627 1661 626 1685 628 556 627,8995 4545 626 554 628 555 627 581 628 1661 625 1659 628 1660 626 581 628 555 627 1660 627 581 628 556 626 1661 625 582 627 556 626 555 627 581 628 555 627 555 628 582 627 556 626 555 627 1687 626 555 628 554 629 581 628 555 627 555 627 581 628 1659 628 555 628 1660 626 581 628 556 627 1659 627 580 629 20008 627 555 628 582 627 556 627 555 627 581 628 556 627 554 628 581 628 557 625 556 626 582 627 555 627 557 626 581 627 1661 626 556 626 582 627 555 627 556 626 581 628 556 626 555 628 581 628 556 627 555 627 583 626 556 626 556 627 1685 628 1659 628 1659 628 1659 628 40017 8992 4544 626 556 626 555 627 582 627 1660 627 1660 626 1660 626 581 628 556 626 1658 629 582 601 582 627 1660 626 556 627 583 626 556 627 556 626 582 627 555 627 555 627 581 628 556 626 1660 627 582 627 555 627 554 629 582 627 555 627 556 626 1687 626 1660 627 1660 627 555 627 582 627 1659 627 555 628 20036 627 556 626 554 628 582 627 555 627 556 627 581 628 556 626 554 628 584 625 557 626 556 627 582 627 555 628 556 626 582 627 556 626 554 629 582 627 556 626 556 626 1685 628 1659 628 556 627 1685 628 555 628 555 627 582 627 556 627 555 627 1661 626 1685 628 556 627,8915 4612 667 515 629 555 630 580 633 1658 666 1623 628 1659 548 647 591 591 623 1666 655 551 629 556 653 1635 660 547 657 527 633 551 632 579 655 529 629 555 623 588 596 588 593 590 575 1742 605 558 629 553 625 586 654 528 655 528 656 554 658 1631 662 523 658 1630 661 551 657 526 626 1663 594 615 547 20084 660 524 656 555 624 559 618 563 548 664 573 611 576 590 626 584 658 526 665 517 667 541 669 514 669 515 668 543 668 1620 668 517 666 544 656 528 618 563 593 618 569 615 548 618 588 621 594 590 620 562 649 561 649 533 626 557 628 1689 649 1662 602 1687 601 1688 596 40032 8968 4581 601 562 617 567 592 616 593 1696 570 1719 596 1693 600 609 601 563 622 1687 601 610 572 612 599 1690 598 586 598 612 595 589 571 613 570 617 593 591 570 614 570 639 596 589 597 1691 599 611 598 586 598 586 598 612 598 586 597 588 597 1718 594 1695 570 1695 594 591 592 618 593 1695 596 588 599 20059 592 592 591 592 592 618 594 589 596 588 594 617 596 587 596 588 596 615 595 588 596 590 594 616 593 591 593 591 591 620 566 617 566 618 565 646 563 622 560 624 559 1756 559 1730 559 624 561 1755 560 624 560 624 560 651 559 625 559 625 560 1730 559 1730 561 624 559,8955 4625 584 601 584 601 584 601 584 1703 584 1703 584 1703 584 601 584 601 584 1703 584 601 584 601 584 1703 584 601 584 601 584 601 584 601 584 601 584 601 584 601 584 601 584 601 584 1703 584 601 584 601 584 601 584 601 584 601 584 601 584 1703 584 601 584 1703 584 601 584 601 584 1703 584 601 584 20097 584 601 584 601 584 601 584 601 584 601 584 601 584 601 584 601 584 601 584 601 584 601 584 601 584 601 584 601 584 1703 584 601 584 601 584 601 584 601 584 601 584 601 584 601 584 601 584 601 584 601 584 601 584 601 584 601 584 1703 584 1703 584 1703 584 1703 584 40045 8955 4625 584 601 584 601 584 601 584 1703 584 1703 584 1703 584 601 584 601 584 1703 584 601 584 601 584 1703 584 601 584 601 584 601 584 601 584 601 584 601 584 601 584 601 584 601 584 1703 584 601 584 601 584 601 584 601 584 601 584 601 584 1703 584 1703 584 1703 584 601 584 601 584 1703 584 601 584 20097 584 601 584 601 584 601 584 601 584 601 584 601 584 601 584 601 584 601 584 601 584 601 584 601 584 601 584 601 584 601 584 601 584 601 584 601 584 601 584 601 584 1703 584 1703 584 601 584 1703 584 601 584 601 584 601 584 601 584 601 584 1703 584 1703 584 601 584
GREE_YAPOF.ir,Auto,GREE 40 bits 38092050004000f0,2,True,learned fidelity_check (279 timings),TECO 23 bits 0x250200938,False,-26,26.3,53,8995 4545 626 554 628 555 627 581 628 1661 625 1659 628 1660 626 581 628 555 627 1660 627 581 628 556 626 1661 625 582 627 556 626 555 627 581 628 555 627 555 628 582 627 556 626 555 627 1687 626 555 628 554 629 581 628 555 627 555 627 581 628 1659 628 555 628 1660 626 581 628 556 627 1659 627 580 629 20008 627 555 628 582 627 556 627 555 627 581 628 556 627 554 628 581 628 557 625 556 626 582 627 555 627 557 626 581 627 1661 626 556 626 582 627 555 627 556 626 581 628 556 626 555 628 581 628 556 627 555 627 583 626 556 626 556 627 1685 628 1659 628 1659 628 1659 628 40017 8992 4544 626 556 626 555 627 582 627 1660 627 1660 626 1660 626 581 628 556 626 1658 629 582 601 582 627 1660 626 556 627 583 626 556 627 556 626 582 627 555 627 555 627 581 628 556 626 1660 627 582 627 555 627 554 629 582 627 555 627 556 626 1687 626 1660 627 1660 627 555 627 582 627 1659 627 555 628 20036 627 556 626 554 628 582 627 555 627 556 627 581 628 556 626 554 628 584 625 557 626 556 627 582 627 555 628 556 626 582 627 556 626 554 629 582 627 556 626 556 626 1685 628 1659 628 556 627 1685 628 555 628 555 627 582 627 556 627 555 627 1661 626 1685 628 556 627,8955 4625 584 601 584 601 584 601 584 1703 584 1703 584 1703 584 601 584 601 584 1703 584 601 584 601 584 1703 584 601 584 601 584 601 584 601 584 601 584 601 584 601 584 601 584 601 584 1703 584 601 584 601 584 601 584 601 584 601 584 601 584 1703 584 601 584 1703 584 601 584 601 584 1703 584 601 584 20097 584 601 584 601 584 601 584 601 584 601 584 601 584 601 584 601 584 601 584 601 584 601 584 601 584 601 584 601 584 1703 584 601 584 601 584 601 584 601 584 601 584 601 584 601 584 601 584 601 584 601 584 601 584 601 584 601 584 1703 584 1703 584 1703 584 1703 584 40045 8955 4625 584 601 584 601 584 601 584 1703 584 1703 584 1703 584 601 584 601 584 1703 584 601 584 601 584 1703 584 601 584 601 584 601 584 601 584 601 584 601 584 601 584 601 584 601 584 1703 584 601 584 601 584 601 584 601 584 601 584 601 584 1703 584 1703 584 1703 584 601 584 601 584 1703 584 601 584 20097 584 601 584 601 584 601 584 601 584 601 584 601 584 601 584 601 584 601 584 601 584 601 584 601 584 601 584 601 584 601 584 601 584 601 584 601 584 601 584 601 584 1703 584 1703 584 601 584 1703 584 601 584 601 584 601 584 601 584 601 584 1703 584 1703 584 601 584,8942 4636 616 569 603 581 604 580 604 1687 615 1672 616 1673 573 610 574 612 604 1684 573 611 573 611 573 1717 572 611 573 611 574 612 606 578 605 578 582 604 604 580 605 579 604 581 604 1683 611 575 605 579 604 579 606 579 606 579 578 605 576 1712 612 574 602 1685 610 577 607 574 607 1682 609 578 607 20073 612 575 608 575 608 576 605 579 576 608 573 611 570 613 546 639 519 666 517 668 517 668 541 644 565 621 563 622 563 1722 565 621 564 620 563 623 588 596 620 581 577 607 601 583 604 579 609 576 604 582 575 609 600 584 599 585 574 1716 574 1712 576 1713 575 1715 571 40055 8942 4635 574 614 570 614 571 614 570 1740 549 1715 594 1695 575 610 574 611 572 1716 573 612 571 613 571 1718 570 614 571 613 571 613 571 613 571 613 571 637 548 637 547 637 547 637 545 1744 545 639 545 639 545 639 545 639 545 639 545 639 546 1743 547 1743 545 1744 546 638 545 640 545 1744 543 640 545 20137 544 640 544 640 545 640 543 641 543 641 544 640 545 640 543 641 543 641 542 641 543 643 540 643 541 642 542 643 541 643 541 644 540 645 539 645 540 645 540 644 564 1725 539 1749 540 644 539 1750 539 645 540 644 540 645 539 645 539 646 538 1751 537 1752 538 645 539,8929 4649 558 627 558 627 558 627 558 1729 558 1729 558 1729 558 627 558 627 558 1729 558 627 558 627 558 1729 558 627 558 627 558 627 558 627 558 627 558 627 558 627 558 627 558 627 558 1729 558 627 558 627 558 627 558 627 558 627 558 627 558 1729 558 627 558 1729 558 627 558 627 558 1729 558 627 558 20150 558 627 558 627 558 627 558 627 558 627 558 627 558 627 558 627 558 627 558 627 558 627 558 627 558 627 558 627 558 1729 558 627 558 627 558 627 558 627 558 627 558 627 558 627 558 627 558 627 558 627 558 627 558 627 558 627 558 1729 558 1729 558 1729 558 1729 558 40068 8929 4649 558 627 558 627 558 627 558 1729 558 1729 558 1729 558 627 558 627 558 1729 558 627 558 627 558 1729 558 627 558 627 558 627 558 627 558 627 558 627 558 627 558 627 558 627 558 1729 558 627 558 627 558 627 558 627 558 627 558 627 558 1729 558 1729 558 1729 558 627 558 627 558 1729 558 627 558 20150 558 627 558 627 558 627 558 627 558 627 558 627 558 627 558 627 558 627 558 627 558 627 558 627 558 627 558 627 558 627 558 627 558 627 558 627 558 627 558 627 558 1729 558 1729 558 627 558 1729 558 627 558 627 558 627 558 627 558 627 558 1729 558 1729 558 627 558
GREE_YAPOF.ir,25,GREE 40 bits 3909205000400000,1,True,learned fidelity_check (279 timings),GREE 40 bits 3909205000400000,True,-23.3,24.7,70,8997 4542 625 1663 624 558 602 606 626 1662 625 1661 626 1660 626 584 625 555 628 1661 626 582 627 557 626 1662 625 582 627 556 627 556 627 584 625 557 626 556 627 583 626 556 627 556 627 1660 626 584 625 556 626 555 628 583 626 556 626 556 627 1687 626 557 626 1661 625 582 627 557 626 1662 625 555 628 20039 625 556 627 582 627 555 627 556 627 582 627 556 626 557 625 582 627 557 626 557 626 585 624 555 628 556 626 582 627 1660 627 557 625 584 625 558 625 556 626 582 627 556 627 556 626 581 628 555 628 555 628 582 627 556 626 557 626 581 628 555 628 556 627 582 627 40020 8970 4542 626 1661 625 555 628 583 626 1661 626 1659 628 1661 626 582 626 556 626 1660 627 582 627 555 627 1660 627 583 626 557 626 555 628 583 626 556 627 556 626 582 627 554 628 558 625 1686 625 559 626 555 628 584 623 560 624 555 628 582 626 1660 628 1660 627 1660 627 582 652 531 652 1633 653 531 652 20012 652 529 654 555 654 529 654 529 654 556 653 529 653 529 654 555 654 529 653 530 652 556 653 529 654 530 653 556 653 530 653 531 652 557 652 531 651 530 652 556 653 1634 653 1634 653 532 651 1661 652 531 651 533 650 556 653 530 652 1636 651 1662 651 1634 653 531 652,8997 4542 625 1663 624 558 602 606 626 1662 625 1661 626 1660 626 584 625 555 628 1661 626 582 627 557 626 1662 625 582 627 556 627 556 627 584 625 557 626 556 627 583 626 556 627 556 627 1660 626 584 625 556 626 555 628 583 626 556 626 556 627 1687 626 557 626 1661 625 582 627 557 626 1662 625 555 628 20039 625 556 627 582 627 555 627 556 627 582 627 556 626 557 625 582 627 557 626 557 626 585 624 555 628 556 626 582 627 1660 627 557 625 584 625 558 625 556 626 582 627 556 627 556 626 581 628 555 628 555 628 582 627 556 626 557 626 581 628 555 628 556 627 582 627 40020 8970 4542 626 1661 625 555 628 583 626 1661 626 1659 628 1661 626 582 626 556 626 1660 627 582 627 555 627 1660 627 583 626 557 626 555 628 583 626 556 627 556 626 582 627 554 628 558 625 1686 625 559 626 555 628 584 623 560 624 555 628 582 626 1660 628 1660 627 1660 627 582 652 531 652 1633 653 531 652 20012 652 529 654 555 654 529 654 529 654 556 653 529 653 529 654 555 654 529 653 530 652 556 653 529 654 530 653 556 653 530 653 531 652 557 652 531 651 530 652 556 653 1634 653 1634 653 532 651 1661 652 531 651 533 650 556 653 530 652 1636 651 1662 651 1634 653 531 652,9036 4514 606 1684 613 550 541 667 656 1635 659 1628 667 1620 669 540 630 554 626 1665 668 540 624 559 622 1671 617 590 549 636 573 594 619 609 605 560 638 544 626 585 654 527 629 554 630 1659 665 543 633 551 631 553 655 556 633 551 632 552 626 1690 622 561 595 1694 600 594 620 564 625 1664 659 519 629 20051 594 589 547 663 576 591 622 561 628 581 657 526 658 526 655 552 658 527 656 527 658 553 660 523 659 526 663 548 666 1621 659 526 650 561 618 565 614 567 577 634 579 606 606 560 653 554 663 520 659 524 661 549 623 560 625 559 626 585 627 557 651 533 652 559 626 40026 8959 4542 649 1660 628 534 626 584 625 1686 604 1686 597 1692 571 615 595 590 570 1718 573 619 616 567 620 1687 602 588 623 560 623 561 623 588 621 562 622 563 621 589 622 563 619 565 617 1695 594 591 593 590 594 617 593 591 593 591 593 616 598 1690 598 1692 598 1691 598 613 624 559 625 1664 625 559 623 20033 625 559 625 586 625 558 626 558 625 586 625 559 623 562 621 589 596 566 617 566 619 592 616 567 617 567 618 593 617 566 619 566 618 591 618 572 612 566 617 594 616 1698 590 1699 587 597 586 1730 586 598 585 599 562 627 583 598 585 1704 585 1730 585 1704 585 598 586,9023 4555 609 1703 609 578 609 578 609 1703 609 1703 609 1703 609 578 609 578 609 1703 609 578 609 578 609 1703 609 578 609 578 609 578 609 578 609 578 609 578 609 578 609 578 609 578 609 1703 609 578 609 578 609 578 609 578 609 578 609 578 609 1703 609 578 609 1703 609 578 609 578 609 1703 609 578 609 20064 609 578 609 578 609 578 609 578 609 578 609 578 609 578 609 578 609 578 609 578 609 578 609 578 609 578 609 578 609 1703 609 578 609 578 609 578 609 578 609 578 609 578 609 578 609 578 609 578 609 578 609 578 609 578 609 578 609 578 609 578 609 578 609 578 609 40039 9023 4555 609 1703 609 578 609 578 609 1703 609 1703 609 1703 609 578 609 578 609 1703 609 578 609 578 609 1703 609 578 609 578 609 578 609 578 609 578 609 578 609 578 609 578 609 578 609 1703 609 578 609 578 609 578 609 578 609 578 609 578 609 1703 609 1703 609 1703 609 578 609 578 609 1703 609 578 609 20064 609 578 609 578 609 578 609 578 609 578 609 578 609 578 609 578 609 578 609 578 609 578 609 578 609 578 609 578 609 578 609 578 609 578 609 578 609 578 609 578 609 1703 609 1703 609 578 609 1703 609 578 609 578 609 578 609 578 609 1703 609 1703 609 1703 609 578 609
GREE_YAPOF.ir,25,GREE 40 bits 3909205000400000,2,True,learned fidelity_check (279 timings),TECO 23 bits 0x250200939,False,-30.4,43.9,48,8997 4542 625 1663 624 558 602 606 626 1662 625 1661 626 1660 626 584 625 555 628 1661 626 582 627 557 626 1662 625 582 627 556 627 556 627 584 625 557 626 556 627 583 626 556 627 556 627 1660 626 584 625 556 626 555 628 583 626 556 626 556 627 1687 626 557 626 1661 625 582 627 557 626 1662 625 555 628 20039 625 556 627 582 627 555 627 556 627 582 627 556 626 557 625 582 627 557 626 557 626 585 624 555 628 556 626 582 627 1660 627 557 625 584 625 558 625 556 626 582 627 556 627 556 626 581 628 555 628 555 628 582 627 556 626 557 626 581 628 555 628 556 627 582 627 40020 8970 4542 626 1661 625 555 628 583 626 1661 626 1659 628 1661 626 582 626 556 626 1660 627 582 627 555 627 1660 627 583 626 557 626 555 628 583 626 556 627 556 626 582 627 554 628 558 625 1686 625 559 626 555 628 584 623 560 624 555 628 582 626 1660 628 1660 627 1660 627 582 652 531 652 1633 653 531 652 20012 652 529 654 555 654 529 654 529 654 556 653 529 653 529 654 555 654 529 653 530 652 556 653 529 654 530 653 556 653 530 653 531 652 557 652 531 651 530 652 556 653 1634 653 1634 653 532 651 1661 652 531 651 533 650 556 653 530 652 1636 651 1662 651 1634 653 531 652,9023 4555 609 1703 609 578 609 578 609 1703 609 1703 609 1703 609 578 609 578 609 1703 609 578 609 578 609 1703 609 578 609 578 609 578 609 578 609 578 609 578 609 578 609 578 609 578 609 1703 609 578 609 578 609 578 609 578 609 578 609 578 609 1703 609 578 609 1703 609 578 609 578 609 1703 609 578 609 20064 609 578 609 578 609 578 609 578 609 578 609 578 609 578 609 578 609 578 609 578 609 578 609 578 609 578 609 578 609 1703 609 578 609 578 609 578 609 578 609 578 609 578 609 578 609 578 609 578 609 578 609 578 609 578 609 578 609 578 609 578 609 578 609 578 609 40039 9023 4555 609 1703 609 578 609 578 609 1703 609 1703 609 1703 609 578 609 578 609 1703 609 578 609 578 609 1703 609 578 609 578 609 578 609 578 609 578 609 578 609 578 609 578 609 578 609 1703 609 578 609 578 609 578 609 578 609 578 609 578 609 1703 609 1703 609 1703 609 578 609 578 609 1703 609 578 609 20064 609 578 609 578 609 578 609 578 609 578 609 578 609 578 609 578 609 578 609 578 609 578 609 578 609 578 609 578 609 578 609 578 609 578 609 578 609 578 609 578 609 1703 609 1703 609 578 609 1703 609 578 609 578 609 578 609 578 609 1703 609 1703 609 1703 609 578 609,9048 4529 545 1768 596 589 547 640 590 1723 546 1770 594 1721 598 584 604 581 599 1718 596 587 598 589 544 1768 596 590 545 642 589 598 651 551 642 543 616 569 604 580 605 580 603 580 597 1717 604 583 596 588 545 642 588 599 648 554 644 539 645 1672 644 538 644 1674 643 538 647 541 603 1710 646 541 601 20059 617 587 641 541 647 540 599 586 597 586 598 587 572 612 546 640 588 600 617 585 642 541 646 541 597 587 597 588 596 1718 597 589 596 587 634 550 597 589 569 618 589 614 598 586 628 558 625 559 626 558 600 584 597 587 570 617 565 622 587 616 598 587 597 589 596 40054 8987 4590 599 1716 594 591 599 585 599 1716 599 1717 567 1747 568 617 568 617 594 1720 568 618 593 591 597 1718 569 616 596 588 596 612 572 612 571 613 572 611 570 615 569 616 567 619 591 1723 568 617 568 616 596 589 595 612 571 613 571 613 571 1745 570 1746 569 1722 594 614 569 615 570 1723 592 615 569 20088 592 594 593 614 570 614 569 615 569 616 568 616 567 617 567 618 566 620 590 617 568 618 566 618 565 620 563 621 563 621 563 645 536 649 558 627 559 626 559 649 534 1757 546 1768 560 625 559 1756 559 626 559 626 557 651 533 651 533 1782 534 1757 559 1756 559 626 558,9035 4603 578 1736 578 625 578 625 578 1736 578 1736 578 1736 578 625 578 625 578 1736 578 625 578 625 578 1736 578 625 578 625 578 625 578 625 578 625 578 625 578 625 578 625 578 625 578 1736 578 625 578 625 578 625 578 625 578 625 578 625 578 1736 578 625 578 1736 578 625 578 625 578 1736 578 625 578 20101 578 625 578 625 578 625 578 625 578 625 578 625 578 625 578 625 578 625 578 625 578 625 578 625 578 625 578 625 578 1736 578 625 578 625 578 625 578 625 578 625 578 625 578 625 578 625 578 625 578 625 578 625 578 625 578 625 578 625 578 625 578 625 578 625 578 40067 9035 4603 578 1736 578 625 578 625 578 1736 578 1736 578 1736 578 625 578 625 578 1736 578 625 578 625 578 1736 578 625 578 625 578 625 578 625 578 625 578 625 578 625 578 625 578 625 578 1736 578 625 578 625 578 625 578 625 578 625 578 625 578 1736 578 1736 578 1736 578 625 578 625 578 1736 578 625 578 20101 578 625 578 625 578 625 578 625 578 625 578 625 578 625 578 625 578 625 578 625 578 625 578 625 578 625 578 625 578 625 578 625 578 625 578 625 578 625 578 625 578 1736 578 1736 578 625 578 1736 578 625 578 625 578 625 578 625 578 1736 578 1736 578 1736 578 625 578
Haier_AC_HWE08XCR-L.ir,POWER,NEC 20 bits 0x19f69867,1,True,learned fidelity_check (67 timings),NEC 20 bits 0x19f69867,True,-18.6,19.3,46,8714 4338 579 538 551 540 549 542 557 1613 555 1615 553 538 551 540 549 1619 549 1620 558 1612 556 1614 554 1617 551 540 559 1611 557 1612 556 531 558 1613 555 536 553 538 551 1620 558 1612 556 535 554 537 552 535 554 537 552 1618 550 1620 558 533 556 536 553 1617 551 1617 551 1608 549,8714 4338 579 538 551 540 549 542 557 1613 555 1615 553 538 551 540 549 1619 549 1620 558 1612 556 1614 554 1617 551 540 559 1611 557 1612 556 531 558 1613 555 536 553 538 551 1620 558 1612 556 535 554 537 552 535 554 537 552 1618 550 1620 558 533 556 536 553 1617 551 1617 551 1608 549,8702 4349 616 495 507 590 615 469 563 1645 518 1640 466 610 592 489 591 1593 541 1643 467 1691 590 1593 518 1640 536 540 562 1625 586 1598 518 532 495 1717 518 532 585 521 577 1610 466 1690 591 485 594 495 562 533 593 490 549 1661 518 1641 534 540 592 489 558 1654 515 1642 517 1616 542,8689 4362 536 534 536 534 536 534 536 1654 536 1654 536 534 536 534 536 1654 536 1654 536 1654 536 1654 536 1654 536 534 536 1654 536 1654 536 534 536 1654 536 534 536 534 536 1654 536 1654 536 534 536 534 536 534 536 534 536 1654 536 1654 536 534 536 534 536 1654 536 1654 536 1654 536
Haier_AC_HWE08XCR-L.ir,POWER,NEC 20 bits 0x19f69867,2,True,learned fidelity_check (67 timings),NEC 20 bits 0x19f69867,True,-27.4,32.6,52,8714 4338 579 538 551 540 549 542 557 1613 555 1615 553 538 551 540 549 1619 549 1620 558 1612 556 1614 554 1617 551 540 559 1611 557 1612 556 531 558 1613 555 536 553 538 551 1620 558 1612 556 535 554 537 552 535 554 537 552 1618 550 1620 558 533 556 536 553 1617 551 1617 551 1608 549,8689 4362 536 534 536 534 536 534 536 1654 536 1654 536 534 536 534 536 1654 536 1654 536 1654 536 1654 536 1654 536 534 536 1654 536 1654 536 534 536 1654 536 534 536 534 536 1654 536 1654 536 534 536 534 536 534 536 534 536 1654 536 1654 536 534 536 534 536 1654 536 1654 536 1654 536,8695 4375 518 532 573 506 519 543 537 1696 528 1656 465 582 520 536 613 1599 545 1665 529 1655 438 1746 512 1672 544 503 541 1675 546 1638 544 505 583 1631 546 500 543 536 520 1696 438 1746 516 531 470 609 521 533 609 468 470 1746 485 1699 545 501 513 566 521 1695 491 1693 486 1698 544,8682 4388 508 545 508 545 508 545 508 1706 508 1706 508 545 508 545 508 1706 508 1706 508 1706 508 1706 508 1706 508 545 508 1706 508 1706 508 545 508 1706 508 545 508 545 508 1706 508 1706 508 545 508 545 508 545 508 545 508 1706 508 1706 508 545 508 545 508 1706 508 1706 508 1706 508
Haier_AC_HWE08XCR-L.ir,MODE,NEC 20 bits 0x19f610ef,1,True,learned fidelity_check (67 timings),NEC 20 bits 0x19f610ef,True,-21.9,-8.5,44,8710 4341 576 541 558 533 556 535 554 1616 552 1618 550 542 557 533 556 1612 556 1614 554 1616 552 1618 550 1621 557 534 555 1615 553 1616 552 536 553 538 551 541 558 533 556 1613 555 537 552 539 550 541 558 528 550 1619 559 1610 557 1612 556 536 553 1616 552 1618 550 1619 559 1598 559,8710 4341 576 541 558 533 556 535 554 1616 552 1618 550 542 557 533 556 1612 556 1614 554 1616 552 1618 550 1621 557 534 555 1615 553 1616 552 536 553 538 551 541 558 533 556 1613 555 537 552 539 550 541 558 528 550 1619 559 1610 557 1612 556 536 553 1616 552 1618 550 1619 559 1598 559,8737 4315 604 507 636 461 618 467 511 1699 545 1612 518 555 619 462 521 1667 579 1605 543 1614 539 1645 545 1613 580 493 619 1571 534 1650 545 505 576 525 618 463 494 609 617 1573 517 557 587 491 618 472 633 461 617 1573 535 1649 545 1613 514 559 616 1573 546 1612 485 1698 519 1639 542,8724 4328 532 506 532 506 532 506 532 1626 532 1626 532 506 532 506 532 1626 532 1626 532 1626 532 1626 532 1626 532 506 532 1626 532 1626 532 506 532 506 532 506 532 506 532 1626 532 506 532 506 532 506 532 506 532 1626 532 1626 532 1626 532 506 532 1626 532 1626 532 1626 532 1626 532
Haier_AC_HWE08XCR-L.ir,MODE,NEC 20 bits 0x19f610ef,2,True,learned fidelity_check (67 timings),NEC 20 bits 0x19f610ef,True,-21.6,21.7,57,8710 4341 576 541 558 533 556 535 554 1616 552 1618 550 542 557 533 556 1612 556 1614 554 1616 552 1618 550 1621 557 534 555 1615 553 1616 552 536 553 538 551 541 558 533 556 1613 555 537 552 539 550 541 558 528 550 1619 559 1610 557 1612 556 536 553 1616 552 1618 550 1619 559 1598 559,8724 4328 532 506 532 506 532 506 532 1626 532 1626 532 506 532 506 532 1626 532 1626 532 1626 532 1626 532 1626 532 506 532 1626 532 1626 532 506 532 506 532 506 532 506 532 1626 532 506 532 506 532 506 532 506 532 1626 532 1626 532 1626 532 506 532 1626 532 1626 532 1626 532 1626 532,8794 4259 511 582 472 509 539 510 520 1669 527 1631 528 468 512 539 521 1668 528 1630 528 1629 528 1630 528 1630 528 466 496 1694 437 1720 438 583 520 506 470 567 536 506 495 1694 521 481 539 506 520 512 542 504 522 1668 529 1629 528 1630 527 471 541 1644 486 1672 509 1648 511 1647 513,8781 4272 508 519 508 519 508 519 508 1660 508 1660 508 519 508 519 508 1660 508 1660 508 1660 508 1660 508 1660 508 519 508 1660 508 1660 508 519 508 519 508 519 508 519 508 1660 508 519 508 519 508 519 508 519 508 1660 508 1660 508 1660 508 519 508 1660 508 1660 508 1660 508 1660 508
Haier_AC_HWE08XCR-L.ir,SPEED,NEC 20 bits 0x19f620df,1,True,learned fidelity_check (67 timings),NEC 20 bits 0x19f620df,True,5.9,-6.4,79,8716 4334 583 534 555 536 553 539 550 1619 559 1611 557 535 554 536 553 1615 553 1617 551 1619 559 1611 557 1613 555 536 553 1617 551 1618 550 537 552 540 549 542 557 1612 556 536 553 538 551 540 549 541 558 528 550 1618 550 1619 559 532 557 1612 556 1614 554 1615 553 1616 552 1606 551,8716 4334 583 534 555 536 553 539 550 1619 559 1611 557 535 554 536 553 1615 553 1617 551 1619 559 1611 557 1613 555 536 553 1617 551 1618 550 537 552 540 549 542 557 1612 556 536 553 538 551 540 549 541 558 528 550 1618 550 1619 559 532 557 1612 556 1614 554 1615 553 1616 552 1606 551,8650 4381 595 537 602 493 618 470 506 1701 546 1612 538 535 618 465 547 1665 545 1613 545 1612 579 1605 490 1668 579 493 618 1573 509 1675 545 504 586 516 591 490 521 1667 577 495 618 488 576 502 618 470 636 460 619 1571 545 1613 579 494 588 1602 574 1610 545 1612 485 1699 545 1613 545,8637 4394 563 506 563 506 563 506 563 1626 563 1626 563 506 563 506 563 1626 563 1626 563 1626 563 1626 563 1626 563 506 563 1626 563 1626 563 506 563 506 563 506 563 1626 563 506 563 506 563 506 563 506 563 506 563 1626 563 1626 563 506 563 1626 563 1626 563 1626 563 1626 563 1626 563
Haier_AC_HWE08XCR-L.ir,SPEED,NEC 20 bits 0x19f620df,2,True,learned fidelity_check (67 timings),NEC 20 bits 0x19f620df,True,-2.4,10.4,52,8716 4334 583 534 555 536 553 539 550 1619 559 1611 557 535 554 536 553 1615 553 1617 551 1619 559 1611 557 1613 555 536 553 1617 551 1618 550 537 552 540 549 542 557 1612 556 536 553 538 551 540 549 541 558 528 550 1618 550 1619 559 532 557 1612 556 1614 554 1615 553 1616 552 1606 551,8637 4394 563 506 563 506 563 506 563 1626 563 1626 563 506 563 506 563 1626 563 1626 563 1626 563 1626 563 1626 563 506 563 1626 563 1626 563 506 563 506 563 506 563 1626 563 506 563 506 563 506 563 506 563 506 563 1626 563 1626 563 506 563 1626 563 1626 563 1626 563 1626 563 1626 563,8702 4369 539 537 618 440 572 502 524 1692 539 1644 581 466 524 556 617 1598 520 1664 464 1720 542 1642 580 1604 580 467 545 1671 580 1604 580 468 545 532 590 471 636 1572 578 472 570 505 578 485 634 434 545 534 616 1600 464 1720 541 506 615 1601 464 1720 543 1641 580 1604 580 1630 545,8689 4382 559 498 559 498 559 498 559 1654 559 1654 559 498 559 498 559 1654 559 1654 559 1654 559 1654 559 1654 559 498 559 1654 559 1654 559 498 559 498 559 498 559 1654 559 498 559 498 559 498 559 498 559 498 559 1654 559 1654 559 498 559 1654 559 1654 559 1654 559 1654 559 1654 559
Haier_AC_HWE08XCR-L.ir,TIMER,NEC 20 bits 0x19f658a7,1,True,learned fidelity_check (67 timings),NEC 20 bits 0x19f658a7,True,-22.1,-1.1,51,8717 4334 583 534 555 537 552 539 550 1620 558 1611 557 535 554 536 553 1615 553 1617 551 1619 559 1611 557 1613 555 537 552 1617 551 1619 559 528 550 541 558 1612 556 535 554 1616 552 1619 549 543 556 534 555 532 557 1614 554 537 552 1619 559 533 556 535 554 1616 552 1617 551 1608 549,8717 4334 583 534 555 537 552 539 550 1620 558 1611 557 535 554 536 553 1615 553 1617 551 1619 559 1611 557 1613 555 537 552 1617 551 1619 559 528 550 541 558 1612 556 535 554 1616 552 1619 549 543 556 534 555 532 557 1614 554 537 552 1619 559 533 556 535 554 1616 552 1617 551 1608 549,8737 4314 605 501 524 579 618 463 615 1599 545 1612 489 585 617 462 617 1572 510 1674 545 1612 577 1607 545 1613 485 588 618 1572 518 1665 545 502 618 471 634 1572 545 510 560 1648 545 1613 489 584 618 466 499 601 617 1572 517 556 587 1603 463 610 618 461 617 1572 540 1644 544 1614 543,8724 4327 532 523 532 523 532 523 532 1625 532 1625 532 523 532 523 532 1625 532 1625 532 1625 532 1625 532 1625 532 523 532 1625 532 1625 532 523 532 523 532 1625 532 523 532 1625 532 1625 532 523 532 523 532 523 532 1625 532 523 532 1625 532 523 532 523 532 1625 532 1625 532 1625 532
Haier_AC_HWE08XCR-L.ir,TIMER,NEC 20 bits 0x19f658a7,2,True,learned fidelity_check (67 timings),NEC 20 bits 0x19f658a7,True,-21.6,23.2,58,8717 4334 583 534 555 537 552 539 550 1620 558 1611 557 535 554 536 553 1615 553 1617 551 1619 559 1611 557 1613 555 537 552 1617 551 1619 559 528 550 541 558 1612 556 535 554 1616 552 1619 549 543 556 534 555 532 557 1614 554 537 552 1619 559 533 556 535 554 1616 552 1617 551 1608 549,8724 4327 532 523 532 523 532 523 532 1625 532 1625 532 523 532 523 532 1625 532 1625 532 1625 532 1625 532 1625 532 523 532 1625 532 1625 532 523 532 523 532 1625 532 523 532 1625 532 1625 532 523 532 523 532 523 532 1625 532 523 532 1625 532 523 532 523 532 1625 532 1625 532 1625 532,8793 4256 511 542 542 513 539 532 520 1642 547 1611 546 501 521 531 521 1669 528 1630 528 1603 546 1611 547 1611 545 502 521 1669 527 1604 547 500 521 531 521 1669 528 492 521 1669 528 1630 528 492 520 532 470 583 469 1721 463 558 514 1675 437 587 539 515 543 1641 511 1647 501 1657 485,8780 4269 508 544 508 544 508 544 508 1655 508 1655 508 544 508 544 508 1655 508 1655 508 1655 508 1655 508 1655 508 544 508 1655 508 1655 508 544 508 544 508 1655 508 544 508 1655 508 1655 508 544 508 544 508 544 508 1655 508 544 508 1655 508 544 508 544 508 1655 508 1655 508 1655 508
Hisense_room_AC.ir,POWER,KELON168 0 bits 830664710000803100000080193d00010000080009,1,True,learned fidelity_check (343 timings),KELON168 0 bits 830664710000803100000080193d00010000080009,True,-12.9,23.1,103,9115 4510 641 1653 641 1632 614 531 611 539 608 543 608 546 608 550 608 1673 608 529 608 1666 608 1670 607 540 607 544 607 570 584 574 584 564 584 553 584 557 584 1694 584 563 584 567 584 1704 584 1708 583 564 583 1686 584 557 584 560 584 564 583 1701 583 1704 584 1708 584 564 584 553 583 557 583 561 583 564 583 567 584 571 584 574 584 564 583 553 584 557 583 561 583 564 584 568 583 572 583 575 583 546 583 8052 583 554 583 557 583 561 583 565 583 568 583 572 582 575 583 1699 582 1688 583 558 583 561 583 565 582 1702 583 1706 582 575 583 565 583 555 582 558 582 562 582 565 582 569 582 572 582 576 582 566 582 555 582 558 582 562 581 565 582 569 581 573 581 576 581 566 581 555 582 559 581 562 582 566 581 570 581 573 581 577 581 566 581 556 581 560 581 563 581 567 580 570 581 574 580 578 580 1701 580 1690 581 560 580 564 580 1701 580 1704 580 575 580 579 579 568 579 1691 579 561 580 1698 579 1702 578 1705 579 1709 579 580 578 575 554 8080 554 582 555 586 554 589 555 593 554 596 555 600 554 604 554 593 555 1717 554 586 554 590 554 593 554 597 554 601 554 604 554 593 555 583 554 586 554 590 554 594 554 597 554 601 553 604 554 594 553 584 553 587 554 591 553 594 554 598 553 602 553 605 553 595 553 584 553 588 552 592 552 1729 553 599 552 602 553 606 552 595 552 585 552 588 552 592 552 620 527 599 552 628 526 631 527 621 526 1744 526 614 526 618 526 1754 526 624 527 628 526 631 527 604 526,9115 4510 641 1653 641 1632 614 531 611 539 608 543 608 546 608 550 608 1673 608 529 608 1666 608 1670 607 540 607 544 607 570 584 574 584 564 584 553 584 557 584 1694 584 563 584 567 584 1704 584 1708 583 564 583 1686 584 557 584 560 584 564 583 1701 583 1704 584 1708 584 564 584 553 583 557 583 561 583 564 583 567 584 571 584 574 584 564 583 553 584 557 583 561 583 564 584 568 583 572 583 575 583 546 583 8052 583 554 583 557 583 561 583 565 583 568 583 572 582 575 583 1699 582 1688 583 558 583 561 583 565 582 1702 583 1706 582 575 583 565 583 555 582 558 582 562 582 565 582 569 582 572 582 576 582 566 582 555 582 558 582 562 581 565 582 569 581 573 581 576 581 566 581 555 582 559 581 562 582 566 581 570 581 573 581 577 581 566 581 556 581 560 581 563 581 567 580 570 581 574 580 578 580 1701 580 1690 581 560 580 564 580 1701 580 1704 580 575 580 579 579 568 579 1691 579 561 580 1698 579 1702 578 1705 579 1709 579 580 578 575 554 8080 554 582 555 586 554 589 555 593 554 596 555 600 554 604 554 593 555 1717 554 586 554 590 554 593 554 597 554 601 554 604 554 593 555 583 554 586 554 590 554 594 554 597 554 601 553 604 554 594 553 584 553 587 554 591 553 594 554 598 553 602 553 605 553 595 553 584 553 588 552 592 552 1729 553 599 552 602 553 606 552 595 552 585 552 588 552 592 552 620 527 599 552 628 526 631 527 621 526 1744 526 614 526 618 526 1754 526 624 527 628 526 631 527 604 526,9128 4501 626 1695 632 1631 563 563 670 467 565 587 643 515 670 487 670 1651 599 501 670 1625 537 1752 599 509 642 508 634 549 574 584 573 585 574 557 573 558 523 1798 582 523 591 562 526 1795 575 1714 544 583 572 1722 581 522 592 562 574 565 564 1750 490 1798 517 1773 512 614 573 558 547 592 588 562 574 567 590 560 540 616 523 635 523 635 574 557 574 561 563 592 573 563 591 561 524 634 573 585 573 558 575 8059 572 560 588 566 573 559 523 634 574 566 590 565 564 593 589 1727 579 1684 538 588 574 558 522 635 574 1721 598 1691 597 556 573 559 539 600 563 586 574 561 538 617 573 585 572 567 564 594 564 585 548 587 563 592 573 557 573 585 574 564 540 614 520 637 521 635 573 558 574 564 537 615 573 566 540 610 522 636 573 584 574 585 573 558 573 559 522 635 573 563 518 635 574 584 574 584 573 1720 569 1720 613 491 520 635 573 1720 516 1774 578 549 572 585 573 585 574 1719 614 492 538 1776 614 1649 542 1748 519 1770 546 588 516 637 580 8055 490 644 602 547 592 544 492 661 590 568 592 551 598 576 582 548 556 1735 548 582 588 547 492 662 586 572 590 552 594 580 579 552 553 584 511 641 583 550 549 608 578 580 581 559 556 600 558 593 578 557 541 612 590 544 576 582 551 606 538 600 506 651 531 621 549 584 517 637 577 558 543 1745 545 610 544 597 530 629 530 620 544 589 517 636 545 589 575 606 525 589 515 665 492 665 493 664 546 1716 547 592 483 668 521 1766 491 645 489 667 545 613 543 588 519,9115 4514 560 1735 560 1735 560 597 560 597 560 597 560 597 560 597 560 1735 560 597 560 1735 560 1735 560 597 560 597 560 597 560 597 560 597 560 597 560 597 560 1735 560 597 560 597 560 1735 560 1735 560 597 560 1735 560 597 560 597 560 597 560 1735 560 1735 560 1735 560 597 560 597 560 597 560 597 560 597 560 597 560 597 560 597 560 597 560 597 560 597 560 597 560 597 560 597 560 597 560 597 560 597 560 8072 560 597 560 597 560 597 560 597 560 597 560 597 560 597 560 1735 560 1735 560 597 560 597 560 597 560 1735 560 1735 560 597 560 597 560 597 560 597 560 597 560 597 560 597 560 597 560 597 560 597 560 597 560 597 560 597 560 597 560 597 560 597 560 597 560 597 560 597 560 597 560 597 560 597 560 597 560 597 560 597 560 597 560 597 560 597 560 597 560 597 560 597 560 597 560 597 560 1735 560 1735 560 597 560 597 560 1735 560 1735 560 597 560 597 560 597 560 1735 560 597 560 1735 560 1735 560 1735 560 1735 560 597 560 597 560 8072 560 597 560 597 560 597 560 597 560 597 560 597 560 597 560 597 560 1735 560 597 560 597 560 597 560 597 560 597 560 597 560 597 560 597 560 597 560 597 560 597 560 597 560 597 560 597 560 597 560 597 560 597 560 597 560 597 560 597 560 597 560 597 560 597 560 597 560 597 560 597 560 1735 560 597 560 597 560 597 560 597 560 597 560 597 560 597 560 597 560 597 560 597 560 597 560 597 560 1735 560 597 560 597 560 1735 560 597 560 597 560 597 560 597 560
Hisense_room_AC.ir,POWER,KELON168 0 bits 830664710000803100000080193d00010000080009,2,True,learned fidelity_check (343 timings),KELON168 0 bits 830664710000803100000080193d00010000080009,True,-33.0,31.7,79,9115 4510 641 1653 641 1632 614 531 611 539 608 543 608 546 608 550 608 1673 608 529 608 1666 608 1670 607 540 607 544 607 570 584 574 584 564 584 553 584 557 584 1694 584 563 584 567 584 1704 584 1708 583 564 583 1686 584 557 584 560 584 564 583 1701 583 1704 584 1708 584 564 584 553 583 557 583 561 583 564 583 567 584 571 584 574 584 564 583 553 584 557 583 561 583 564 584 568 583 572 583 575 583 546 583 8052 583 554 583 557 583 561 583 565 583 568 583 572 582 575 583 1699 582 1688 583 558 583 561 583 565 582 1702 583 1706 582 575 583 565 583 555 582 558 582 562 582 565 582 569 582 572 582 576 582 566 582 555 582 558 582 562 581 565 582 569 581 573 581 576 581 566 581 555 582 559 581 562 582 566 581 570 581 573 581 577 581 566 581 556 581 560 581 563 581 567 580 570 581 574 580 578 580 1701 580 1690 581 560 580 564 580 1701 580 1704 580 575 580 579 579 568 579 1691 579 561 580 1698 579 1702 578 1705 579 1709 579 580 578 575 554 8080 554 582 555 586 554 589 555 593 554 596 555 600 554 604 554 593 555 1717 554 586 554 590 554 593 554 597 554 601 554 604 554 593 555 583 554 586 554 590 554 594 554 597 554 601 553 604 554 594 553 584 553 587 554 591 553 594 554 598 553 602 553 605 553 595 553 584 553 588 552 592 552 1729 553 599 552 602 553 606 552 595 552 585 552 588 552 592 552 620 527 599 552 628 526 631 527 621 526 1744 526 614 526 618 526 1754 526 624 527 628 526 631 527 604 526,9115 4514 560 1735 560 1735 560 597 560 597 560 597 560 597 560 597 560 1735 560 597 560 1735 560 1735 560 597 560 597 560 597 560 597 560 597 560 597 560 597 560 1735 560 597 560 597 560 1735 560 1735 560 597 560 1735 560 597 560 597 560 597 560 1735 560 1735 560 1735 560 597 560 597 560 597 560 597 560 597 560 597 560 597 560 597 560 597 560 597 560 597 560 597 560 597 560 597 560 597 560 597 560 597 560 8072 560 597 560 597 560 597 560 597 560 597 560 597 560 597 560 1735 560 1735 560 597 560 597 560 597 560 1735 560 1735 560 597 560 597 560 597 560 597 560 597 560 597 560 597 560 597 560 597 560 597 560 597 560 597 560 597 560 597 560 597 560 597 560 597 560 597 560 597 560 597 560 597 560 597 560 597 560 597 560 597 560 597 560 597 560 597 560 597 560 597 560 597 560 597 560 597 560 1735 560 1735 560 597 560 597 560 1735 560 1735 560 597 560 597 560 597 560 1735 560 597 560 1735 560 1735 560 1735 560 1735 560 597 560 597 560 8072 560 597 560 597 560 597 560 597 560 597 560 597 560 597 560 597 560 1735 560 597 560 597 560 597 560 597 560 597 560 597 560 597 560 597 560 597 560 597 560 597 560 597 560 597 560 597 560 597 560 597 560 597 560 597 560 597 560 597 560 597 560 597 560 597 560 597 560 597 560 597 560 1735 560 597 560 597 560 597 560 597 560 597 560 597 560 597 560 597 560 597 560 597 560 597 560 597 560 1735 560 597 560 597 560 1735 560 597 560 597 560 597 560 597 560,9098 4533 616 1702 517 1772 490 637 589 570 590 567 618 540 617 540 617 1703 466 662 579 1740 540 1749 614 521 609 548 602 555 598 558 568 590 541 616 541 615 519 1798 614 521 637 521 607 1705 613 1703 516 611 617 1702 467 661 554 604 581 576 586 1734 536 1753 613 1675 614 542 617 525 632 525 633 523 634 524 634 523 635 521 609 548 603 555 601 555 571 587 565 592 541 616 519 638 518 638 519 639 495 662 495 8138 540 616 495 662 495 663 495 662 496 662 550 608 549 609 554 1765 539 1749 590 546 611 545 605 553 599 1711 592 1700 544 611 583 575 584 574 583 575 581 577 590 566 592 567 591 567 590 568 590 569 589 568 590 550 607 549 609 548 610 547 607 550 599 558 570 587 567 591 564 593 539 618 540 618 539 618 539 619 537 620 537 621 494 664 493 665 493 664 494 664 519 639 520 638 520 637 544 1745 494 1799 594 563 540 617 540 1755 565 1742 575 581 575 583 550 608 549 1743 546 611 545 1766 494 1796 517 1773 547 1767 524 610 546 612 544 8110 523 611 546 612 545 613 544 614 543 615 543 615 543 614 542 616 541 1773 517 618 540 618 538 620 538 620 538 620 537 620 538 620 537 621 536 622 536 621 537 621 534 646 513 645 508 650 507 651 507 651 506 651 484 674 483 674 484 675 483 674 483 675 482 676 482 675 482 676 482 676 482 1807 483 675 483 675 482 676 482 676 481 676 482 676 482 676 481 677 481 677 481 677 480 677 480 678 481 1809 481 676 481 677 481 1808 505 653 482 675 482 676 482 676 482,9085 4546 527 1762 527 1762 527 629 527 629 527 629 527 629 527 629 527 1762 527 629 527 1762 527 1762 527 629 527 629 527 629 527 629 527 629 527 629 527 629 527 1762 527 629 527 629 527 1762 527 1762 527 629 527 1762 527 629 527 629 527 629 527 1762 527 1762 527 1762 527 629 527 629 527 629 527 629 527 629 527 629 527 629 527 629 527 629 527 629 527 629 527 629 527 629 527 629 527 629 527 629 527 629 527 8151 527 629 527 629 527 629 527 629 527 629 527 629 527 629 527 1762 527 1762 527 629 527 629 527 629 527 1762 527 1762 527 629 527 629 527 629 527 629 527 629 527 629 527 629 527 629 527 629 527 629 527 629 527 629 527 629 527 629 527 629 527 629 527 629 527 629 527 629 527 629 527 629 527 629 527 629 527 629 527 629 527 629 527 629 527 629 527 629 527 629 527 629 527 629 527 629 527 1762 527 1762 527 629 527 629 527 1762 527 1762 527 629 527 629 527 629 527 1762 527 629 527 1762 527 1762 527 1762 527 1762 527 629 527 629 527 8151 527 629 527 629 527 629 527 629 527 629 527 629 527 629 527 629 527 1762 527 629 527 629 527 629 527 629 527 629 527 629 527 629 527 629 527 629 527 629 527 629 527 629 527 629 527 629 527 629 527 629 527 629 527 629 527 629 527 629 527 629 527 629 527 629 527 629 527 629 527 629 527 1762 527 629 527 629 527 629 527 629 527 629 527 629 527 629 527 629 527 629 527 629 527 629 527 629 527 1762 527 629 527 629 527 1762 527 629 527 629 527 629 527 629 527
Hisense_room_AC.ir,MODE,KELON168 0 bits 8306008200008034000000801aac0006000008000e,1,True,learned fidelity_check (343 timings),KELON168 0 bits 8306008200008034000000801aac0006000008000e,True,-53.0,46.7,161,9131 4483 666 1627 640 1632 637 506 609 564 582 568 582 572 582 575 582 1697 581 554 581 1690 581 1693 581 565 581 568 582 571 582 575 582 565 581 554 582 558 581 561 581 565 581 568 582 572 581 576 581 565 582 555 581 1690 581 562 581 565 581 569 581 573 580 576 581 1698 581 555 580 559 581 562 581 565 581 569 581 573 580 576 581 566 580 555 581 559 580 563 580 566 580 570 580 573 581 577 580 549 580 8048 580 556 580 560 580 563 579 567 580 570 580 574 580 578 579 1700 579 556 580 560 579 1696 579 567 580 1703 579 1706 580 578 579 567 579 557 579 560 580 564 579 567 579 571 578 574 579 578 579 568 579 558 578 561 579 565 578 568 578 572 578 576 578 580 577 569 578 558 578 562 577 565 577 569 577 572 578 577 576 580 577 593 553 583 552 586 553 590 553 594 552 597 553 601 552 604 553 1726 552 583 552 1719 552 590 552 1726 552 1730 552 601 552 605 551 594 552 584 552 587 552 1723 551 1727 551 598 551 1733 552 605 552 1709 551 8074 551 584 552 588 551 592 551 595 551 599 551 602 551 606 551 596 550 585 550 1721 550 1725 550 596 550 600 550 603 550 607 550 597 549 611 525 591 549 618 525 622 524 625 524 628 525 632 525 622 524 611 524 615 524 618 525 622 524 625 524 629 524 633 523 622 524 612 524 616 523 619 523 1756 522 627 522 630 523 634 522 648 498 638 498 642 497 645 498 649 497 653 497 656 497 660 497 649 497 639 497 1775 497 1779 496 1782 497 679 471 683 470 687 470 634 495,9131 4483 666 1627 640 1632 637 506 609 564 582 568 582 572 582 575 582 1697 581 554 581 1690 581 1693 581 565 581 568 582 571 582 575 582 565 581 554 582 558 581 561 581 565 581 568 582 572 581 576 581 565 582 555 581 1690 581 562 581 565 581 569 581 573 580 576 581 1698 581 555 580 559 581 562 581 565 581 569 581 573 580 576 581 566 580 555 581 559 580 563 580 566 580 570 580 573 581 577 580 549 580 8048 580 556 580 560 580 563 579 567 580 570 580 574 580 578 579 1700 579 556 580 560 579 1696 579 567 580 1703 579 1706 580 578 579 567 579 557 579 560 580 564 579 567 579 571 578 574 579 578 579 568 579 558 578 561 579 565 578 568 578 572 578 576 578 580 577 569 578 558 578 562 577 565 577 569 577 572 578 577 576 580 577 593 553 583 552 586 553 590 553 594 552 597 553 601 552 604 553 1726 552 583 552 1719 552 590 552 1726 552 1730 552 601 552 605 551 594 552 584 552 587 552 1723 551 1727 551 598 551 1733 552 605 552 1709 551 8074 551 584 552 588 551 592 551 595 551 599 551 602 551 606 551 596 550 585 550 1721 550 1725 550 596 550 600 550 603 550 607 550 597 549 611 525 591 549 618 525 622 524 625 524 628 525 632 525 622 524 611 524 615 524 618 525 622 524 625 524 629 524 633 523 622 524 612 524 616 523 619 523 1756 522 627 522 630 523 634 522 648 498 638 498 642 497 645 498 649 497 653 497 656 497 660 497 649 497 639 497 1775 497 1779 496 1782 497 679 471 683 470 687 470 634 495,9122 4503 697 1595 668 1594 627 529 644 514 571 586 579 580 602 556 603 1665 516 616 540 1745 615 1648 581 575 578 559 539 614 521 636 521 637 603 527 579 555 520 635 574 559 572 586 603 555 604 553 604 529 519 619 549 1733 614 517 571 587 604 555 542 592 517 639 519 1768 610 522 604 531 516 637 597 539 516 637 606 554 606 551 608 530 514 636 546 586 608 528 543 610 609 548 546 593 538 620 530 598 542 8086 573 564 513 638 614 519 616 541 617 522 537 616 575 583 578 1708 615 517 617 520 543 1740 617 520 541 1743 616 1673 615 543 614 541 545 590 608 523 572 583 541 592 573 586 574 581 543 615 542 591 598 537 542 611 567 566 598 558 568 569 562 592 571 587 570 588 571 560 572 562 569 585 565 570 567 611 552 606 546 612 543 615 520 612 515 618 540 615 518 617 515 640 516 642 517 641 516 1773 516 616 515 1748 515 621 510 1775 514 1775 513 645 512 646 511 621 511 623 508 647 507 1781 481 1783 507 650 481 1808 480 677 482 1782 481 8149 480 652 480 651 481 677 481 651 480 677 481 677 481 677 481 651 481 651 480 1808 480 1783 480 677 481 653 480 677 480 677 481 677 480 677 455 651 480 704 454 678 454 703 454 703 503 656 453 679 453 703 430 702 454 678 453 705 453 680 453 703 454 704 452 705 455 677 453 678 454 703 452 1813 452 705 453 706 451 705 453 706 426 706 426 730 426 731 402 731 426 730 403 755 402 756 381 751 427 730 402 1861 378 1911 378 1885 379 805 352 806 352 806 352 753 378,9109 4516 505 1786 505 1786 505 631 505 631 505 631 505 631 505 631 505 1786 505 631 505 1786 505 1786 505 631 505 631 505 631 505 631 505 631 505 631 505 631 505 631 505 631 505 631 505 631 505 631 505 631 505 631 505 1786 505 631 505 631 505 631 505 631 505 631 505 1786 505 631 505 631 505 631 505 631 505 631 505 631 505 631 505 631 505 631 505 631 505 631 505 631 505 631 505 631 505 631 505 631 505 8162 505 631 505 631 505 631 505 631 505 631 505 631 505 631 505 1786 505 631 505 631 505 1786 505 631 505 1786 505 1786 505 631 505 631 505 631 505 631 505 631 505 631 505 631 505 631 505 631 505 631 505 631 505 631 505 631 505 631 505 631 505 631 505 631 505 631 505 631 505 631 505 631 505 631 505 631 505 631 505 631 505 631 505 631 505 631 505 631 505 631 505 631 505 631 505 631 505 1786 505 631 505 1786 505 631 505 1786 505 1786 505 631 505 631 505 631 505 631 505 631 505 1786 505 1786 505 631 505 1786 505 631 505 1786 505 8162 505 631 505 631 505 631 505 631 505 631 505 631 505 631 505 631 505 631 505 1786 505 1786 505 631 505 631 505 631 505 631 505 631 505 631 505 631 505 631 505 631 505 631 505 631 505 631 505 631 505 631 505 631 505 631 505 631 505 631 505 631 505 631 505 631 505 631 505 631 505 631 505 1786 505 631 505 631 505 631 505 631 505 631 505 631 505 631 505 631 505 631 505 631 505 631 505 631 505 631 505 1786 505 1786 505 1786 505 631 505 631 505 631 505 631 505
Hisense_room_AC.ir,MODE,KELON168 0 bits 8306008200008034000000801aac0006000008000e,2,True,learned fidelity_check (343 timings),KELON168 0 bits 8306008200008034000000801aac0006000008000e,True,-49.6,49.6,92,9131 4483 666 1627 640 1632 637 506 609 564 582 568 582 572 582 575 582 1697 581 554 581 1690 581 1693 581 565 581 568 582 571 582 575 582 565 581 554 582 558 581 561 581 565 581 568 582 572 581 576 581 565 582 555 581 1690 581 562 581 565 581 569 581 573 580 576 581 1698 581 555 580 559 581 562 581 565 581 569 581 573 580 576 581 566 580 555 581 559 580 563 580 566 580 570 580 573 581 577 580 549 580 8048 580 556 580 560 580 563 579 567 580 570 580 574 580 578 579 1700 579 556 580 560 579 1696 579 567 580 1703 579 1706 580 578 579 567 579 557 579 560 580 564 579 567 579 571 578 574 579 578 579 568 579 558 578 561 579 565 578 568 578 572 578 576 578 580 577 569 578 558 578 562 577 565 577 569 577 572 578 577 576 580 577 593 553 583 552 586 553 590 553 594 552 597 553 601 552 604 553 1726 552 583 552 1719 552 590 552 1726 552 1730 552 601 552 605 551 594 552 584 552 587 552 1723 551 1727 551 598 551 1733 552 605 552 1709 551 8074 551 584 552 588 551 592 551 595 551 599 551 602 551 606 551 596 550 585 550 1721 550 1725 550 596 550 600 550 603 550 607 550 597 549 611 525 591 549 618 525 622 524 625 524 628 525 632 525 622 524 611 524 615 524 618 525 622 524 625 524 629 524 633 523 622 524 612 524 616 523 619 523 1756 522 627 522 630 523 634 522 648 498 638 498 642 497 645 498 649 497 653 497 656 497 660 497 649 497 639 497 1775 497 1779 496 1782 497 679 471 683 470 687 470 634 495,9109 4516 505 1786 505 1786 505 631 505 631 505 631 505 631 505 631 505 1786 505 631 505 1786 505 1786 505 631 505 631 505 631 505 631 505 631 505 631 505 631 505 631 505 631 505 631 505 631 505 631 505 631 505 631 505 1786 505 631 505 631 505 631 505 631 505 631 505 1786 505 631 505 631 505 631 505 631 505 631 505 631 505 631 505 631 505 631 505 631 505 631 505 631 505 631 505 631 505 631 505 631 505 8162 505 631 505 631 505 631 505 631 505 631 505 631 505 631 505 1786 505 631 505 631 505 1786 505 631 505 1786 505 1786 505 631 505 631 505 631 505 631 505 631 505 631 505 631 505 631 505 631 505 631 505 631 505 631 505 631 505 631 505 631 505 631 505 631 505 631 505 631 505 631 505 631 505 631 505 631 505 631 505 631 505 631 505 631 505 631 505 631 505 631 505 631 505 631 505 631 505 1786 505 631 505 1786 505 631 505 1786 505 1786 505 631 505 631 505 631 505 631 505 631 505 1786 505 1786 505 631 505 1786 505 631 505 1786 505 8162 505 631 505 631 505 631 505 631 505 631 505 631 505 631 505 631 505 631 505 1786 505 1786 505 631 505 631 505 631 505 631 505 631 505 631 505 631 505 631 505 631 505 631 505 631 505 631 505 631 505 631 505 631 505 631 505 631 505 631 505 631 505 631 505 631 505 631 505 631 505 631 505 1786 505 631 505 631 505 631 505 631 505 631 505 631 505 631 505 631 505 631 505 631 505 631 505 631 505 631 505 1786 505 1786 505 1786 505 631 505 631 505 631 505 631 505,9143 4486 539 1750 540 1752 491 638 528 604 496 637 440 695 545 606 539 1750 540 593 528 1763 491 1797 493 638 467 668 485 651 556 592 539 594 527 604 500 633 440 695 510 644 536 595 524 607 502 630 494 638 441 695 517 1774 554 594 539 595 523 609 497 636 439 695 497 1794 542 608 538 595 499 634 496 635 491 642 460 674 552 599 538 596 497 636 494 635 490 647 505 628 556 592 538 597 497 635 493 638 440 8241 538 623 468 634 507 628 489 642 460 677 548 600 540 623 491 1769 497 637 491 638 440 1850 487 651 549 1758 540 1748 540 595 491 640 491 640 440 693 484 670 533 597 539 596 491 641 491 640 441 693 485 667 496 635 497 638 527 604 523 608 465 671 484 667 523 611 520 611 521 611 491 642 484 651 508 642 495 639 492 640 493 639 487 646 485 668 490 642 492 663 470 662 470 661 465 668 464 1825 464 669 490 1799 490 665 466 1824 464 1826 464 667 463 669 462 671 487 669 463 669 462 1828 461 1828 461 670 460 1830 460 673 458 1855 458 8224 430 702 429 703 430 701 453 680 453 678 454 703 428 703 429 703 430 702 453 1836 454 1836 453 679 453 703 428 703 429 703 429 703 454 678 454 702 429 703 428 704 428 703 429 704 453 679 453 703 428 703 428 704 428 703 430 702 455 688 442 704 428 703 428 704 429 703 453 680 453 702 428 1862 428 703 428 704 428 703 430 703 452 704 428 704 428 703 428 704 429 703 451 682 452 703 428 704 428 704 426 1863 428 1862 427 1862 428 705 451 704 428 705 426 706 425,9130 4499 455 1838 455 1838 455 680 455 680 455 680 455 680 455 680 455 1838 455 680 455 1838 455 1838 455 680 455 680 455 680 455 680 455 680 455 680 455 680 455 680 455 680 455 680 455 680 455 680 455 680 455 680 455 1838 455 680 455 680 455 680 455 680 455 680 455 1838 455 680 455 680 455 680 455 680 455 680 455 680 455 680 455 680 455 680 455 680 455 680 455 680 455 680 455 680 455 680 455 680 455 8254 455 680 455 680 455 680 455 680 455 680 455 680 455 680 455 1838 455 680 455 680 455 1838 455 680 455 1838 455 1838 455 680 455 680 455 680 455 680 455 680 455 680 455 680 455 680 455 680 455 680 455 680 455 680 455 680 455 680 455 680 455 680 455 680 455 680 455 680 455 680 455 680 455 680 455 680 455 680 455 680 455 680 455 680 455 680 455 680 455 680 455 680 455 680 455 680 455 1838 455 680 455 1838 455 680 455 1838 455 1838 455 680 455 680 455 680 455 680 455 680 455 1838 455 1838 455 680 455 1838 455 680 455 1838 455 8254 455 680 455 680 455 680 455 680 455 680 455 680 455 680 455 680 455 680 455 1838 455 1838 455 680 455 680 455 680 455 680 455 680 455 680 455 680 455 680 455 680 455 680 455 680 455 680 455 680 455 680 455 680 455 680 455 680 455 680 455 680 455 680 455 680 455 680 455 680 455 680 455 1838 455 680 455 680 455 680 455 680 455 680 455 680 455 680 455 680 455 680 455 680 455 680 455 680 455 680 455 1838 455 1838 455 1838 455 680 455 680 455 680 455 680 455
Hisense_room_AC.ir,SUPER,KELON168 0 bits 8306010200908034000000801abd0004000008000c,1,True,learned fidelity_check (343 timings),KELON168 0 bits 8306010200908034000000801abd0004000008000c,True,-42.3,34.5,159,9140 4486 667 1628 640 1634 638 507 609 565 582 569 582 572 582 576 582 1699 582 555 582 1692 582 1695 582 566 581 569 582 573 582 576 582 565 582 1689 581 559 581 562 582 566 581 569 582 573 581 576 581 566 581 555 581 1692 581 562 581 566 581 570 581 573 581 577 581 566 581 555 581 559 581 563 580 567 580 570 581 573 581 577 581 567 581 556 580 560 580 563 581 567 580 1704 580 574 580 578 580 1683 580 8054 580 557 579 560 580 564 579 568 579 571 580 575 579 578 580 1701 579 557 579 561 579 1697 579 568 579 1705 578 1708 578 579 579 568 579 558 579 562 578 565 578 569 578 572 579 576 578 580 578 569 578 559 578 562 578 566 577 570 577 574 577 577 577 605 553 594 553 560 576 587 553 591 552 594 553 598 553 602 552 605 553 595 552 584 553 588 552 592 552 595 552 599 552 602 552 606 552 1729 551 585 552 1722 552 592 552 1729 552 1732 552 602 552 606 552 595 551 1719 550 589 551 1725 551 1730 550 1733 551 1737 550 607 551 1713 550 8084 550 587 550 590 550 594 549 598 549 625 525 629 525 633 524 622 524 611 525 615 525 1752 525 622 525 626 525 630 524 633 524 623 524 612 524 616 524 619 524 623 523 627 523 630 524 634 523 624 523 614 523 617 523 621 522 650 497 629 522 657 497 661 497 650 497 640 497 643 497 647 496 1783 497 654 496 657 497 662 496 651 496 666 470 670 470 674 470 677 470 681 470 684 470 688 470 678 469 668 468 671 469 1834 442 1838 442 709 442 712 442 716 441 688 443,9140 4486 667 1628 640 1634 638 507 609 565 582 569 582 572 582 576 582 1699 582 555 582 1692 582 1695 582 566 581 569 582 573 582 576 582 565 582 1689 581 559 581 562 582 566 581 569 582 573 581 576 581 566 581 555 581 1692 581 562 581 566 581 570 581 573 581 577 581 566 581 555 581 559 581 563 580 567 580 570 581 573 581 577 581 567 581 556 580 560 580 563 581 567 580 1704 580 574 580 578 580 1683 580 8054 580 557 579 560 580 564 579 568 579 571 580 575 579 578 580 1701 579 557 579 561 579 1697 579 568 579 1705 578 1708 578 579 579 568 579 558 579 562 578 565 578 569 578 572 579 576 578 580 578 569 578 559 578 562 578 566 577 570 577 574 577 577 577 605 553 594 553 560 576 587 553 591 552 594 553 598 553 602 552 605 553 595 552 584 553 588 552 592 552 595 552 599 552 602 552 606 552 1729 551 585 552 1722 552 592 552 1729 552 1732 552 602 552 606 552 595 551 1719 550 589 551 1725 551 1730 550 1733 551 1737 550 607 551 1713 550 8084 550 587 550 590 550 594 549 598 549 625 525 629 525 633 524 622 524 611 525 615 525 1752 525 622 525 626 525 630 524 633 524 623 524 612 524 616 524 619 524 623 523 627 523 630 524 634 523 624 523 614 523 617 523 621 522 650 497 629 522 657 497 661 497 650 497 640 497 643 497 647 496 1783 497 654 496 657 497 662 496 651 496 666 470 670 470 674 470 677 470 681 470 684 470 688 470 678 469 668 468 671 469 1834 442 1838 442 709 442 712 442 716 441 688 443,9069 4558 650 1667 573 1690 623 505 645 539 573 564 563 591 521 637 520 1797 589 513 572 1719 572 1719 581 547 575 563 563 592 539 618 540 614 575 1693 574 563 587 561 575 582 573 563 539 616 521 636 572 585 578 553 576 1694 515 636 577 560 538 614 572 586 578 581 579 578 572 559 579 552 579 580 545 586 575 583 605 553 579 578 604 532 517 637 545 585 580 556 518 636 579 1711 612 544 572 586 573 1690 573 8059 613 518 581 553 570 585 604 532 544 609 605 554 606 552 607 1681 545 587 606 526 610 1677 546 588 581 1708 611 1677 615 545 617 520 539 609 571 564 617 521 539 611 616 543 614 540 547 611 571 565 611 526 531 620 571 562 568 588 573 582 543 598 512 670 510 643 572 535 572 591 533 617 547 609 516 619 540 617 547 610 570 589 545 586 543 591 537 619 545 609 517 639 520 638 519 639 519 1746 515 640 520 1744 516 641 518 1747 515 1773 517 641 516 642 515 642 514 1750 515 616 516 1774 514 1751 511 1777 513 1777 511 646 511 1777 486 8145 480 652 482 674 482 650 481 677 480 679 455 702 455 703 455 702 454 677 455 678 455 1833 455 678 455 701 455 703 455 703 455 703 454 677 455 677 455 679 478 677 454 703 455 703 455 703 455 678 454 679 453 702 454 678 454 730 428 703 453 706 428 731 426 729 428 704 428 729 428 704 428 1861 428 706 427 729 428 731 426 730 427 731 401 732 401 756 401 756 376 756 400 757 402 756 401 757 401 731 400 731 401 1915 374 1914 350 783 374 783 375 784 373 759 373,9056 4571 508 1759 508 1759 508 632 508 632 508 632 508 632 508 632 508 1759 508 632 508 1759 508 1759 508 632 508 632 508 632 508 632 508 632 508 1759 508 632 508 632 508 632 508 632 508 632 508 632 508 632 508 632 508 1759 508 632 508 632 508 632 508 632 508 632 508 632 508 632 508 632 508 632 508 632 508 632 508 632 508 632 508 632 508 632 508 632 508 632 508 632 508 1759 508 632 508 632 508 1759 508 8158 508 632 508 632 508 632 508 632 508 632 508 632 508 632 508 1759 508 632 508 632 508 1759 508 632 508 1759 508 1759 508 632 508 632 508 632 508 632 508 632 508 632 508 632 508 632 508 632 508 632 508 632 508 632 508 632 508 632 508 632 508 632 508 632 508 632 508 632 508 632 508 632 508 632 508 632 508 632 508 632 508 632 508 632 508 632 508 632 508 632 508 632 508 632 508 632 508 1759 508 632 508 1759 508 632 508 1759 508 1759 508 632 508 632 508 632 508 1759 508 632 508 1759 508 1759 508 1759 508 1759 508 632 508 1759 508 8158 508 632 508 632 508 632 508 632 508 632 508 632 508 632 508 632 508 632 508 632 508 1759 508 632 508 632 508 632 508 632 508 632 508 632 508 632 508 632 508 632 508 632 508 632 508 632 508 632 508 632 508 632 508 632 508 632 508 632 508 632 508 632 508 632 508 632 508 632 508 632 508 1759 508 632 508 632 508 632 508 632 508 632 508 632 508 632 508 632 508 632 508 632 508 632 508 632 508 632 508 632 508 1759 508 1759 508 632 508 632 508 632 508 632 508
Hisense_room_AC.ir,SUPER,KELON168 0 bits 8306010200908034000000801abd0004000008000c,2,True,learned fidelity_check (343 timings),KELON168 0 bits 8306010200908034000000801abd0004000008000c,True,-56.8,51.0,84,9140 4486 667 1628 640 1634 638 507 609 565 582 569 582 572 582 576 582 1699 582 555 582 1692 582 1695 582 566 581 569 582 573 582 576 582 565 582 1689 581 559 581 562 582 566 581 569 582 573 581 576 581 566 581 555 581 1692 581 562 581 566 581 570 581 573 581 577 581 566 581 555 581 559 581 563 580 567 580 570 581 573 581 577 581 567 581 556 580 560 580 563 581 567 580 1704 580 574 580 578 580 1683 580 8054 580 557 579 560 580 564 579 568 579 571 580 575 579 578 580 1701 579 557 579 561 579 1697 579 568 579 1705 578 1708 578 579 579 568 579 558 579 562 578 565 578 569 578 572 579 576 578 580 578 569 578 559 578 562 578 566 577 570 577 574 577 577 577 605 553 594 553 560 576 587 553 591 552 594 553 598 553 602 552 605 553 595 552 584 553 588 552 592 552 595 552 599 552 602 552 606 552 1729 551 585 552 1722 552 592 552 1729 552 1732 552 602 552 606 552 595 551 1719 550 589 551 1725 551 1730 550 1733 551 1737 550 607 551 1713 550 8084 550 587 550 590 550 594 549 598 549 625 525 629 525 633 524 622 524 611 525 615 525 1752 525 622 525 626 525 630 524 633 524 623 524 612 524 616 524 619 524 623 523 627 523 630 524 634 523 624 523 614 523 617 523 621 522 650 497 629 522 657 497 661 497 650 497 640 497 643 497 647 496 1783 497 654 496 657 497 662 496 651 496 666 470 670 470 674 470 677 470 681 470 684 470 688 470 678 469 668 468 671 469 1834 442 1838 442 709 442 712 442 716 441 688 443,9056 4571 508 1759 508 1759 508 632 508 632 508 632 508 632 508 632 508 1759 508 632 508 1759 508 1759 508 632 508 632 508 632 508 632 508 632 508 1759 508 632 508 632 508 632 508 632 508 632 508 632 508 632 508 632 508 1759 508 632 508 632 508 632 508 632 508 632 508 632 508 632 508 632 508 632 508 632 508 632 508 632 508 632 508 632 508 632 508 632 508 632 508 632 508 1759 508 632 508 632 508 1759 508 8158 508 632 508 632 508 632 508 632 508 632 508 632 508 632 508 1759 508 632 508 632 508 1759 508 632 508 1759 508 1759 508 632 508 632 508 632 508 632 508 632 508 632 508 632 508 632 508 632 508 632 508 632 508 632 508 632 508 632 508 632 508 632 508 632 508 632 508 632 508 632 508 632 508 632 508 632 508 632 508 632 508 632 508 632 508 632 508 632 508 632 508 632 508 632 508 632 508 1759 508 632 508 1759 508 632 508 1759 508 1759 508 632 508 632 508 632 508 1759 508 632 508 1759 508 1759 508 1759 508 1759 508 632 508 1759 508 8158 508 632 508 632 508 632 508 632 508 632 508 632 508 632 508 632 508 632 508 632 508 1759 508 632 508 632 508 632 508 632 508 632 508 632 508 632 508 632 508 632 508 632 508 632 508 632 508 632 508 632 508 632 508 632 508 632 508 632 508 632 508 632 508 632 508 632 508 632 508 632 508 1759 508 632 508 632 508 632 508 632 508 632 508 632 508 632 508 632 508 632 508 632 508 632 508 632 508 632 508 632 508 1759 508 1759 508 632 508 632 508 632 508 632 508,9046 4582 442 1823 513 1755 557 594 525 606 442 695 553 600 524 608 490 1772 511 629 555 1724 538 1727 493 638 463 677 556 593 527 606 461 676 557 1724 539 594 494 642 511 641 538 596 493 667 483 644 537 598 494 636 488 1779 553 600 523 638 414 691 546 606 540 595 488 647 537 613 540 596 490 644 516 636 539 596 490 644 512 639 540 594 493 642 510 642 540 597 489 641 487 1778 558 596 496 637 439 1821 489 8194 540 594 493 638 510 645 540 594 491 640 486 670 540 594 491 1770 467 669 549 602 540 1725 493 641 482 1781 540 1726 557 596 492 639 441 696 512 640 529 603 466 670 514 640 520 610 463 673 516 634 498 637 466 669 512 640 521 613 464 670 511 642 495 639 488 646 485 668 494 661 443 689 464 670 491 664 467 665 465 668 491 664 466 666 464 670 491 664 467 665 464 670 488 668 464 667 463 1801 488 669 463 1801 462 669 461 1803 485 1780 485 671 460 671 458 699 460 1803 457 700 429 1834 430 1833 454 1809 455 1809 454 703 428 1835 429 8229 453 703 429 703 429 703 454 680 452 703 429 702 455 702 429 704 429 702 454 704 427 1836 427 704 430 703 453 703 428 704 429 703 453 704 428 703 430 703 453 704 427 704 429 704 453 703 429 703 429 703 454 703 428 704 428 704 453 704 428 704 428 703 454 703 429 704 427 704 452 705 428 1860 403 705 428 728 428 705 427 712 420 728 429 729 403 728 403 729 429 704 427 729 404 728 429 703 410 747 403 728 428 1836 404 1859 404 753 403 728 405 728 404 753 379,9033 4595 451 1814 451 1814 451 682 451 682 451 682 451 682 451 682 451 1814 451 682 451 1814 451 1814 451 682 451 682 451 682 451 682 451 682 451 1814 451 682 451 682 451 682 451 682 451 682 451 682 451 682 451 682 451 1814 451 682 451 682 451 682 451 682 451 682 451 682 451 682 451 682 451 682 451 682 451 682 451 682 451 682 451 682 451 682 451 682 451 682 451 682 451 1814 451 682 451 682 451 1814 451 8242 451 682 451 682 451 682 451 682 451 682 451 682 451 682 451 1814 451 682 451 682 451 1814 451 682 451 1814 451 1814 451 682 451 682 451 682 451 682 451 682 451 682 451 682 451 682 451 682 451 682 451 682 451 682 451 682 451 682 451 682 451 682 451 682 451 682 451 682 451 682 451 682 451 682 451 682 451 682 451 682 451 682 451 682 451 682 451 682 451 682 451 682 451 682 451 682 451 1814 451 682 451 1814 451 682 451 1814 451 1814 451 682 451 682 451 682 451 1814 451 682 451 1814 451 1814 451 1814 451 1814 451 682 451 1814 451 8242 451 682 451 682 451 682 451 682 451 682 451 682 451 682 451 682 451 682 451 682 451 1814 451 682 451 682 451 682 451 682 451 682 451 682 451 682 451 682 451 682 451 682 451 682 451 682 451 682 451 682 451 682 451 682 451 682 451 682 451 682 451 682 451 682 451 682 451 682 451 682 451 1814 451 682 451 682 451 682 451 682 451 682 451 682 451 682 451 682 451 682 451 682 451 682 451 682 451 682 451 682 451 1814 451 1814 451 682 451 682 451 682 451 682 451
Hisense_room_AC.ir,SMART,KELON168 0 bits 8306007180008035000000801ade0017000008001f,1,True,learned fidelity_check (343 timings),KELON168 0 bits 8306007180008035000000801ade0017000008001f,True,-31.0,34.7,142,9117 4511 667 1628 641 1633 638 506 610 539 608 568 582 571 583 575 583 1698 582 554 582 1691 583 1694 583 564 583 568 583 572 582 575 583 565 582 554 583 558 582 561 583 565 582 568 583 572 582 576 582 565 582 1688 582 558 582 562 581 565 582 1702 581 1706 581 1709 581 566 581 555 582 559 581 562 582 566 581 569 582 573 581 577 581 1700 581 556 581 559 581 563 581 566 581 570 581 574 580 577 581 549 581 8053 579 556 580 560 580 563 580 567 580 570 580 574 580 578 579 1700 579 1690 579 560 580 1697 579 567 580 1704 580 1707 579 578 580 568 579 557 580 561 580 565 579 568 579 572 578 575 579 579 579 569 578 558 578 562 578 565 578 569 578 573 578 576 578 580 578 570 577 559 578 587 553 567 577 594 553 597 554 601 553 604 553 594 553 584 553 587 553 591 553 594 553 598 553 602 553 605 553 1728 553 584 553 1721 553 591 553 1728 552 1732 552 602 552 605 553 595 552 584 552 1722 551 1725 552 1728 552 1732 551 603 551 1739 551 1712 551 8083 551 585 551 589 551 593 551 596 551 599 551 603 551 607 550 596 551 1719 550 1747 525 1751 525 598 548 1758 525 629 525 632 525 622 525 611 526 615 525 619 525 622 525 626 524 630 524 633 524 623 524 612 525 616 524 619 525 623 524 626 524 630 524 633 524 623 524 613 523 617 523 620 524 1758 523 652 499 657 497 660 498 650 498 639 498 643 497 646 498 650 497 654 497 657 497 661 497 650 497 1773 496 1777 496 1806 470 1809 470 1813 470 684 470 687 470 660 470,9117 4511 667 1628 641 1633 638 506 610 539 608 568 582 571 583 575 583 1698 582 554 582 1691 583 1694 583 564 583 568 583 572 582 575 583 565 582 554 583 558 582 561 583 565 582 568 583 572 582 576 582 565 582 1688 582 558 582 562 581 565 582 1702 581 1706 581 1709 581 566 581 555 582 559 581 562 582 566 581 569 582 573 581 577 581 1700 581 556 581 559 581 563 581 566 581 570 581 574 580 577 581 549 581 8053 579 556 580 560 580 563 580 567 580 570 580 574 580 578 579 1700 579 1690 579 560 580 1697 579 567 580 1704 580 1707 579 578 580 568 579 557 580 561 580 565 579 568 579 572 578 575 579 579 579 569 578 558 578 562 578 565 578 569 578 573 578 576 578 580 578 570 577 559 578 587 553 567 577 594 553 597 554 601 553 604 553 594 553 584 553 587 553 591 553 594 553 598 553 602 553 605 553 1728 553 584 553 1721 553 591 553 1728 552 1732 552 602 552 605 553 595 552 584 552 1722 551 1725 552 1728 552 1732 551 603 551 1739 551 1712 551 8083 551 585 551 589 551 593 551 596 551 599 551 603 551 607 550 596 551 1719 550 1747 525 1751 525 598 548 1758 525 629 525 632 525 622 525 611 526 615 525 619 525 622 525 626 524 630 524 633 524 623 524 612 525 616 524 619 525 623 524 626 524 630 524 633 524 623 524 613 523 617 523 620 524 1758 523 652 499 657 497 660 498 650 498 639 498 643 497 646 498 650 497 654 497 657 497 661 497 650 497 1773 496 1777 496 1806 470 1809 470 1813 470 684 470 687 470 660 470,9099 4532 720 1598 666 1597 544 584 668 468 544 635 574 583 574 584 574 1719 570 558 573 1719 557 1706 570 560 540 616 573 585 574 584 573 566 564 586 573 558 574 565 565 585 573 585 574 584 574 584 574 560 540 1749 571 557 575 562 539 614 574 1745 590 1670 573 1745 613 491 520 616 564 587 575 559 521 634 574 585 573 565 540 619 562 1749 556 551 538 613 574 559 569 588 575 567 562 592 533 624 538 591 539 8097 537 612 570 561 578 559 517 635 576 582 573 568 562 596 537 1744 616 1653 541 608 574 1691 582 576 579 1710 545 1726 537 620 538 612 580 554 570 585 570 562 604 555 606 533 512 641 569 589 570 584 609 523 613 525 541 611 617 522 538 613 616 541 617 540 616 542 608 523 616 543 543 588 607 551 519 638 547 611 583 575 581 555 514 636 543 591 574 563 509 643 572 586 573 582 546 612 547 1724 510 640 516 1771 524 592 533 1772 523 1766 521 616 543 636 523 610 515 617 516 1771 519 1745 515 1773 520 1770 518 639 519 1771 518 1745 518 8113 516 615 515 619 513 643 515 620 510 645 514 643 514 644 514 644 512 1753 510 1803 460 1829 455 651 481 1834 454 703 455 703 455 678 455 677 479 677 455 677 456 701 455 703 455 678 479 679 479 677 455 677 455 702 455 676 455 703 455 678 456 701 455 703 455 702 455 677 454 679 454 702 454 1811 477 705 429 729 428 730 428 729 429 702 429 704 428 729 428 705 428 728 428 730 428 730 428 730 427 1836 427 1836 427 1889 400 1864 400 1887 401 757 402 756 400 731 402,9086 4545 525 1762 525 1762 525 625 525 625 525 625 525 625 525 625 525 1762 525 625 525 1762 525 1762 525 625 525 625 525 625 525 625 525 625 525 625 525 625 525 625 525 625 525 625 525 625 525 625 525 625 525 1762 525 625 525 625 525 625 525 1762 525 1762 525 1762 525 625 525 625 525 625 525 625 525 625 525 625 525 625 525 625 525 1762 525 625 525 625 525 625 525 625 525 625 525 625 525 625 525 625 525 8126 525 625 525 625 525 625 525 625 525 625 525 625 525 625 525 1762 525 1762 525 625 525 1762 525 625 525 1762 525 1762 525 625 525 625 525 625 525 625 525 625 525 625 525 625 525 625 525 625 525 625 525 625 525 625 525 625 525 625 525 625 525 625 525 625 525 625 525 625 525 625 525 625 525 625 525 625 525 625 525 625 525 625 525 625 525 625 525 625 525 625 525 625 525 625 525 625 525 1762 525 625 525 1762 525 625 525 1762 525 1762 525 625 525 625 525 625 525 625 525 1762 525 1762 525 1762 525 1762 525 625 525 1762 525 1762 525 8126 525 625 525 625 525 625 525 625 525 625 525 625 525 625 525 625 525 1762 525 1762 525 1762 525 625 525 1762 525 625 525 625 525 625 525 625 525 625 525 625 525 625 525 625 525 625 525 625 525 625 525 625 525 625 525 625 525 625 525 625 525 625 525 625 525 625 525 625 525 625 525 625 525 1762 525 625 525 625 525 625 525 625 525 625 525 625 525 625 525 625 525 625 525 625 525 625 525 625 525 1762 525 1762 525 1762 525 1762 525 1762 525 625 525 625 525 625 525
Hisense_room_AC.ir,SMART,KELON168 0 bits 8306007180008035000000801ade0017000008001f,2,True,learned fidelity_check (343 timings),KELON168 0 bits 8306007180008035000000801ade0017000008001f,True,-49.6,52.5,64,9117 4511 667 1628 641 1633 638 506 610 539 608 568 582 571 583 575 583 1698 582 554 582 1691 583 1694 583 564 583 568 583 572 582 575 583 565 582 554 583 558 582 561 583 565 582 568 583 572 582 576 582 565 582 1688 582 558 582 562 581 565 582 1702 581 1706 581 1709 581 566 581 555 582 559 581 562 582 566 581 569 582 573 581 577 581 1700 581 556 581 559 581 563 581 566 581 570 581 574 580 577 581 549 581 8053 579 556 580 560 580 563 580 567 580 570 580 574 580 578 579 1700 579 1690 579 560 580 1697 579 567 580 1704 580 1707 579 578 580 568 579 557 580 561 580 565 579 568 579 572 578 575 579 579 579 569 578 558 578 562 578 565 578 569 578 573 578 576 578 580 578 570 577 559 578 587 553 567 577 594 553 597 554 601 553 604 553 594 553 584 553 587 553 591 553 594 553 598 553 602 553 605 553 1728 553 584 553 1721 553 591 553 1728 552 1732 552 602 552 605 553 595 552 584 552 1722 551 1725 552 1728 552 1732 551 603 551 1739 551 1712 551 8083 551 585 551 589 551 593 551 596 551 599 551 603 551 607 550 596 551 1719 550 1747 525 1751 525 598 548 1758 525 629 525 632 525 622 525 611 526 615 525 619 525 622 525 626 524 630 524 633 524 623 524 612 525 616 524 619 525 623 524 626 524 630 524 633 524 623 524 613 523 617 523 620 524 1758 523 652 499 657 497 660 498 650 498 639 498 643 497 646 498 650 497 654 497 657 497 661 497 650 497 1773 496 1777 496 1806 470 1809 470 1813 470 684 470 687 470 660 470,9086 4545 525 1762 525 1762 525 625 525 625 525 625 525 625 525 625 525 1762 525 625 525 1762 525 1762 525 625 525 625 525 625 525 625 525 625 525 625 525 625 525 625 525 625 525 625 525 625 525 625 525 625 525 1762 525 625 525 625 525 625 525 1762 525 1762 525 1762 525 625 525 625 525 625 525 625 525 625 525 625 525 625 525 625 525 1762 525 625 525 625 525 625 525 625 525 625 525 625 525 625 525 625 525 8126 525 625 525 625 525 625 525 625 525 625 525 625 525 625 525 1762 525 1762 525 625 525 1762 525 625 525 1762 525 1762 525 625 525 625 525 625 525 625 525 625 525 625 525 625 525 625 525 625 525 625 525 625 525 625 525 625 525 625 525 625 525 625 525 625 525 625 525 625 525 625 525 625 525 625 525 625 525 625 525 625 525 625 525 625 525 625 525 625 525 625 525 625 525 625 525 625 525 1762 525 625 525 1762 525 625 525 1762 525 1762 525 625 525 625 525 625 525 625 525 1762 525 1762 525 1762 525 1762 525 625 525 1762 525 1762 525 8126 525 625 525 625 525 625 525 625 525 625 525 625 525 625 525 625 525 1762 525 1762 525 1762 525 625 525 1762 525 625 525 625 525 625 525 625 525 625 525 625 525 625 525 625 525 625 525 625 525 625 525 625 525 625 525 625 525 625 525 625 525 625 525 625 525 625 525 625 525 625 525 625 525 1762 525 625 525 625 525 625 525 625 525 625 525 625 525 625 525 625 525 625 525 625 525 625 525 625 525 1762 525 1762 525 1762 525 1762 525 1762 525 625 525 625 525 625 525,9117 4515 562 1725 493 1797 466 667 521 635 551 606 493 644 516 636 552 1739 564 593 523 1766 491 1799 466 667 523 634 554 601 494 643 518 635 528 632 552 586 486 663 528 631 553 604 467 667 520 636 528 631 548 1739 491 645 518 636 528 631 553 1733 493 1797 467 1806 484 665 528 632 553 601 492 645 520 634 551 609 553 583 514 636 552 1738 559 628 530 579 487 664 529 631 554 601 466 695 523 606 554 606 547 8088 486 665 555 605 556 597 492 645 522 633 555 632 523 585 514 1772 520 1767 554 604 563 1724 562 594 493 1799 467 1801 493 660 562 597 561 593 467 668 560 597 558 596 519 620 463 691 519 638 520 619 459 691 547 611 548 607 491 646 515 640 521 637 518 619 484 668 544 614 519 637 488 647 515 642 517 638 514 643 489 667 494 664 494 640 464 691 495 663 495 640 486 669 490 667 493 665 491 1775 488 668 488 1801 490 667 491 1799 489 1800 489 646 485 670 488 670 486 671 462 1828 459 1829 460 1830 458 1831 455 703 454 1835 454 1835 455 8177 479 678 455 702 455 703 455 677 455 702 454 704 455 678 455 702 453 1836 454 1835 454 1835 455 702 455 1811 478 678 455 703 454 703 454 679 454 702 455 703 454 703 433 699 455 703 454 703 455 678 454 704 457 700 454 703 430 702 454 704 454 703 455 678 454 703 453 705 454 703 429 703 454 1837 451 706 453 703 429 704 453 706 452 704 453 680 453 728 430 703 454 703 429 729 428 729 429 703 430 1859 429 1860 430 1860 427 1862 405 1884 405 753 405 727 429 728 404,9104 4528 475 1814 475 1814 475 678 475 678 475 678 475 678 475 678 475 1814 475 678 475 1814 475 1814 475 678 475 678 475 678 475 678 475 678 475 678 475 678 475 678 475 678 475 678 475 678 475 678 475 678 475 1814 475 678 475 678 475 678 475 1814 475 1814 475 1814 475 678 475 678 475 678 475 678 475 678 475 678 475 678 475 678 475 1814 475 678 475 678 475 678 475 678 475 678 475 678 475 678 475 678 475 8190 475 678 475 678 475 678 475 678 475 678 475 678 475 678 475 1814 475 1814 475 678 475 1814 475 678 475 1814 475 1814 475 678 475 678 475 678 475 678 475 678 475 678 475 678 475 678 475 678 475 678 475 678 475 678 475 678 475 678 475 678 475 678 475 678 475 678 475 678 475 678 475 678 475 678 475 678 475 678 475 678 475 678 475 678 475 678 475 678 475 678 475 678 475 678 475 678 475 1814 475 678 475 1814 475 678 475 1814 475 1814 475 678 475 678 475 678 475 678 475 1814 475 1814 475 1814 475 1814 475 678 475 1814 475 1814 475 8190 475 678 475 678 475 678 475 678 475 678 475 678 475 678 475 678 475 1814 475 1814 475 1814 475 678 475 1814 475 678 475 678 475 678 475 678 475 678 475 678 475 678 475 678 475 678 475 678 475 678 475 678 475 678 475 678 475 678 475 678 475 678 475 678 475 678 475 678 475 678 475 678 475 1814 475 678 475 678 475 678 475 678 475 678 475 678 475 678 475 678 475 678 475 678 475 678 475 678 475 1814 475 1814 475 1814 475 1814 475 1814 475 678 475 678 475 678 475
Hitach_RAK-18QH8.ir,Dh,HITACHI_AC296 128 bits 01100040bfff00cc33926d13ec5ca300ff00ff00ff00ff00ff25daf10e00ff00ff00ff03fc,1,True,learned fidelity_check (541 timings),UNKNOWN,False,,,,3295 1683 467 1196 440 407 467 404 470 407 467 405 469 406 467 405 468 409 468 407 467 406 468 405 469 405 469 1168 468 403 470 406 468 411 467 404 470 406 468 404 469 406 468 405 469 406 467 404 470 409 469 405 469 404 470 405 468 406 468 407 467 405 468 1167 469 410 467 1168 468 1167 469 1167 469 1167 468 1168 468 1167 469 407 467 1173 467 1168 468 1169 467 1166 470 1168 468 1168 468 1168 468 1167 469 1171 469 405 469 409 464 404 470 432 441 405 469 404 470 407 467 410 468 404 470 405 468 1169 467 1168 468 404 469 405 469 1167 469 1169 471 1167 469 1167 469 405 469 403 470 1167 469 1168 468 406 468 409 469 404 469 1168 468 404 469 404 469 1168 468 406 467 406 468 1171 469 1169 467 404 469 1167 469 1167 469 404 469 1169 467 1195 441 409 469 1169 467 1168 468 405 469 404 470 1168 468 404 470 405 469 409 469 405 469 404 470 1167 469 1169 467 403 470 1169 467 1168 468 1171 469 404 469 405 469 1168 468 1168 468 1168 468 404 470 1169 467 408 469 1169 467 1167 469 404 470 405 469 405 468 1168 468 405 468 1173 467 406 467 406 468 407 466 406 468 406 468 406 468 406 468 410 468 1168 468 1168 468 1168 468 1169 467 1169 467 1168 468 1169 467 1172 468 405 468 406 468 407 467 407 467 406 468 405 469 406 468 411 466 1168 468 1167 469 1168 468 1169 467 1195 440 1169 467 1168 468 1171 469 405 469 407 467 407 467 406 467 407 467 406 468 406 467 410 468 1168 468 1169 467 1169 467 1169 467 1168 468 1168 468 1167 469 1172 468 407 467 404 469 405 469 405 468 406 468 406 468 406 467 410 468 1169 467 1169 467 1168 468 1168 468 1167 469 1168 468 1167 469 1172 468 405 468 405 469 407 466 406 468 407 466 406 468 406 468 410 468 1168 468 1168 468 1170 466 1168 468 1168 468 1168 468 1168 468 1173 467 1168 468 405 468 1169 467 406 467 406 468 1168 468 406 468 410 467 408 466 1168 468 407 467 1168 468 1170 466 406 468 1169 467 1173 467 1169 467 405 468 406 467 407 467 1170 466 1170 466 1170 466 1173 467 406 468 1169 467 1171 465 1169 467 406 468 406 467 406 467 411 467 406 468 406 467 407 467 407 466 407 467 407 467 408 466 412 465 1170 466 1170 466 1169 467 1169 467 1170 466 1170 466 1169 467 1174 466 407 466 408 466 408 466 407 466 407 467 407 466 406 468 411 467 1170 466 1170 466 1171 465 1168 468 1170 466 1169 467 1170 466 1174 466 407 467 408 466 407 466 407 467 407 467 408 466 407 466 412 466 1171 465 1169 467 1170 465 1170 466 1171 465 1170 465 1171 465 1174 466 1170 466 1169 467 408 465 408 465 408 465 408 466 408 465 414 464 408 466 407 467 1170 466 1170 466 1170 466 1170 466 1171 465 1174 465,3295 1683 467 1196 440 407 467 404 470 407 467 405 469 406 467 405 468 409 468 407 467 406 468 405 469 405 469 1168 468 403 470 406 468 411 467 404 470 406 468 404 469 406 468 405 469 406 467 404 470 409 469 405 469 404 470 405 468 406 468 407 467 405 468 1167 469 410 467 1168 468 1167 469 1167 469 1167 468 1168 468 1167 469 407 467 1173 467 1168 468 1169 467 1166 470 1168 468 1168 468 1168 468 1167 469 1171 469 405 469 409 464 404 470 432 441 405 469 404 470 407 467 410 468 404 470 405 468 1169 467 1168 468 404 469 405 469 1167 469 1169 471 1167 469 1167 469 405 469 403 470 1167 469 1168 468 406 468 409 469 404 469 1168 468 404 469 404 469 1168 468 406 467 406 468 1171 469 1169 467 404 469 1167 469 1167 469 404 469 1169 467 1195 441 409 469 1169 467 1168 468 405 469 404 470 1168 468 404 470 405 469 409 469 405 469 404 470 1167 469 1169 467 403 470 1169 467 1168 468 1171 469 404 469 405 469 1168 468 1168 468 1168 468 404 470 1169 467 408 469 1169 467 1167 469 404 470 405 469 405 468 1168 468 405 468 1173 467 406 467 406 468 407 466 406 468 406 468 406 468 406 468 410 468 1168 468 1168 468 1168 468 1169 467 1169 467 1168 468 1169 467 1172 468 405 468 406 468 407 467 407 467 406 468 405 469 406 468 411 466 1168 468 1167 469 1168 468 1169 467 1195 440 1169 467 1168 468 1171 469 405 469 407 467 407 467 406 467 407 467 406 468 406 467 410 468 1168 468 1169 467 1169 467 1169 467 1168 468 1168 468 1167 469 1172 468 407 467 404 469 405 469 405 468 406 468 406 468 406 467 410 468 1169 467 1169 467 1168 468 1168 468 1167 469 1168 468 1167 469 1172 468 405 468 405 469 407 466 406 468 407 466 406 468 406 468 410 468 1168 468 1168 468 1170 466 1168 468 1168 468 1168 468 1168 468 1173 467 1168 468 405 468 1169 467 406 467 406 468 1168 468 406 468 410 467 408 466 1168 468 407 467 1168 468 1170 466 406 468 1169 467 1173 467 1169 467 405 468 406 467 407 467 1170 466 1170 466 1170 466 1173 467 406 468 1169 467 1171 465 1169 467 406 468 406 467 406 467 411 467 406 468 406 467 407 467 407 466 407 467 407 467 408 466 412 465 1170 466 1170 466 1169 467 1169 467 1170 466 1170 466 1169 467 1174 466 407 466 408 466 408 466 407 466 407 467 407 466 406 468 411 467 1170 466 1170 466 1171 465 1168 468 1170 466 1169 467 1170 466 1174 466 407 467 408 466 407 466 407 467 407 467 408 466 407 466 412 466 1171 465 1169 467 1170 465 1170 466 1171 465 1170 465 1171 465 1174 466 1170 466 1169 467 408 465 408 465 408 465 408 466 408 465 414 464 408 466 407 467 1170 466 1170 466 1170 466 1170 466 1171 465 1174 465,3282 1719 478 1179 412 404 465 406 464 425 415 453 468 400 468 403 466 411 460 424 440 428 468 400 468 406 467 1187 416 450 440 429 468 406 497 375 460 425 440 428 468 401 468 406 464 425 442 426 441 427 468 406 466 407 434 451 439 429 468 405 463 407 469 1184 442 424 468 1194 482 1151 481 1149 453 1176 443 1217 436 1170 508 355 469 1191 475 1155 390 1248 496 1131 509 1122 509 1127 503 1149 447 1183 415 1219 507 359 469 426 487 365 406 504 474 368 469 399 469 409 497 389 441 426 470 400 467 1173 502 1147 442 426 438 430 469 1164 508 1129 495 1155 390 1244 470 397 472 396 472 1166 504 1147 442 426 440 429 474 398 498 1157 449 417 415 454 472 1161 507 363 500 373 502 1149 464 1167 508 360 508 1127 505 1130 499 387 416 1218 503 1155 439 406 508 1144 421 1212 459 409 507 361 503 1134 504 367 408 479 438 431 468 403 464 409 407 1244 435 1196 495 372 495 1142 489 1162 440 1195 436 431 469 399 493 1162 447 1185 414 1242 412 434 465 1188 444 408 460 1190 438 1218 413 434 463 405 462 412 456 1194 411 482 411 1220 441 429 438 431 435 457 411 458 436 432 440 430 438 432 434 458 436 1195 437 1196 436 1196 434 1222 409 1224 408 1223 434 1198 433 1223 407 462 408 462 429 440 412 480 402 468 401 467 402 491 402 467 402 1229 403 1229 403 1254 402 1229 403 1255 376 1229 402 1230 402 1255 401 467 402 467 402 467 402 468 402 490 403 466 401 467 402 468 401 1255 401 1231 402 1229 402 1230 402 1230 401 1231 401 1255 402 1230 401 467 402 468 400 492 401 468 401 467 402 467 401 493 377 492 401 1231 400 1231 400 1233 400 1256 376 1255 400 1232 401 1230 401 1256 376 493 376 493 400 468 401 467 401 493 376 493 376 492 402 467 401 1255 376 1255 378 1280 376 1256 375 1256 376 1256 376 1255 377 1281 376 1255 376 492 358 1274 360 509 376 518 351 1280 353 515 354 516 375 518 351 1281 352 517 352 1279 352 1280 352 542 350 1281 352 1280 352 1279 353 517 351 542 351 518 351 1281 351 1280 352 1304 327 1307 349 519 351 1305 326 1306 326 1305 326 543 350 544 326 543 326 542 326 543 349 544 326 542 327 542 327 542 325 569 324 545 326 542 325 1307 325 1332 299 1334 323 1308 325 1306 325 1332 299 1333 299 1358 298 570 300 568 301 568 299 595 273 596 298 571 298 571 297 596 273 1360 291 1365 272 1359 273 1359 272 1360 271 1386 246 1412 220 1464 167 675 194 675 218 661 209 1569 167 728 139,3269 1243 395 1243 395 470 395 470 395 470 395 470 395 470 395 470 395 470 395 470 395 470 395 470 395 470 395 1243 395 470 395 470 395 470 395 470 395 470 395 470 395 470 395 470 395 470 395 470 395 470 395 470 395 470 395 470 395 470 395 470 395 470 395 1243 395 470 395 1243 395 1243 395 1243 395 1243 395 1243 395 1243 395 470 395 1243 395 1243 395 1243 395 1243 395 1243 395 1243 395 1243 395 1243 395 1243 395 470 395 470 395 470 395 470 395 470 395 470 395 470 395 470 395 470 395 470 395 1243 395 1243 395 470 395 470 395 1243 395 1243 395 1243 395 1243 395 470 395 470 395 1243 395 1243 395 470 395 470 395 470 395 1243 395 470 395 470 395 1243 395 470 395 470 395 1243 395 1243 395 470 395 1243 395 1243 395 470 395 1243 395 1243 395 470 395 1243 395 1243 395 470 395 470 395 1243 395 470 395 470 395 470 395 470 395 470 395 1243 395 1243 395 470 395 1243 395 1243 395 1243 395 470 395 470 395 1243 395 1243 395 1243 395 470 395 1243 395 470 395 1243 395 1243 395 470 395 470 395 470 395 1243 395 470 395 1243 395 470 395 470 395 470 395 470 395 470 395 470 395 470 395 470 395 1243 395 1243 395 1243 395 1243 395 1243 395 1243 395 1243 395 1243 395 470 395 470 395 470 395 470 395 470 395 470 395 470 395 470 395 1243 395 1243 395 1243 395 1243 395 1243 395 1243 395 1243 395 1243 395 470 395 470 395 470 395 470 395 470 395 470 395 470 395 470 395 1243 395 1243 395 1243 395 1243 395 1243 395 1243 395 1243 395 1243 395 470 395 470 395 470 395 470 395 470 395 470 395 470 395 470 395 1243 395 1243 395 1243 395 1243 395 1243 395 1243 395 1243 395 1243 395 470 395 470 395 470 395 470 395 470 395 470 395 470 395 470 395 1243 395 1243 395 1243 395 1243 395 1243 395 1243 395 1243 395 1243 395 1243 395 470 395 1243 395 470 395 470 395 1243 395 470 395 470 395 470 395 1243 395 470 395 1243 395 1243 395 470 395 1243 395 1243 395 1243 395 470 395 470 395 470 395 1243 395 1243 395 1243 395 1243 395 470 395 1243 395 1243 395 1243 395 470 395 470 395 470 395 470 395 470 395 470 395 470 395 470 395 470 395 470 395 470 395 470 395 1243 395 1243 395 1243 395 1243 395 1243 395 1243 395 1243 395 1243 395 470 395 470 395 470 395 470 395 470 395 470 395 470 395 470 395 1243 395 1243 395 1243 395 1243 395 1243 395 1243 395 1243 395 1243 154 470 395 470 395 470 395 1243 154 470 126
Hitach_RAK-18QH8.ir,Dh,HITACHI_AC296 128 bits 01100040bfff00cc33926d13ec5ca300ff00ff00ff00ff00ff25daf10e00ff00ff00ff03fc,2,True,learned fidelity_check (535 timings),UNKNOWN,False,,,,3295 1683 467 1196 440 407 467 404 470 407 467 405 469 406 467 405 468 409 468 407 467 406 468 405 469 405 469 1168 468 403 470 406 468 411 467 404 470 406 468 404 469 406 468 405 469 406 467 404 470 409 469 405 469 404 470 405 468 406 468 407 467 405 468 1167 469 410 467 1168 468 1167 469 1167 469 1167 468 1168 468 1167 469 407 467 1173 467 1168 468 1169 467 1166 470 1168 468 1168 468 1168 468 1167 469 1171 469 405 469 409 464 404 470 432 441 405 469 404 470 407 467 410 468 404 470 405 468 1169 467 1168 468 404 469 405 469 1167 469 1169 471 1167 469 1167 469 405 469 403 470 1167 469 1168 468 406 468 409 469 404 469 1168 468 404 469 404 469 1168 468 406 467 406 468 1171 469 1169 467 404 469 1167 469 1167 469 404 469 1169 467 1195 441 409 469 1169 467 1168 468 405 469 404 470 1168 468 404 470 405 469 409 469 405 469 404 470 1167 469 1169 467 403 470 1169 467 1168 468 1171 469 404 469 405 469 1168 468 1168 468 1168 468 404 470 1169 467 408 469 1169 467 1167 469 404 470 405 469 405 468 1168 468 405 468 1173 467 406 467 406 468 407 466 406 468 406 468 406 468 406 468 410 468 1168 468 1168 468 1168 468 1169 467 1169 467 1168 468 1169 467 1172 468 405 468 406 468 407 467 407 467 406 468 405 469 406 468 411 466 1168 468 1167 469 1168 468 1169 467 1195 440 1169 467 1168 468 1171 469 405 469 407 467 407 467 406 467 407 467 406 468 406 467 410 468 1168 468 1169 467 1169 467 1169 467 1168 468 1168 468 1167 469 1172 468 407 467 404 469 405 469 405 468 406 468 406 468 406 467 410 468 1169 467 1169 467 1168 468 1168 468 1167 469 1168 468 1167 469 1172 468 405 468 405 469 407 466 406 468 407 466 406 468 406 468 410 468 1168 468 1168 468 1170 466 1168 468 1168 468 1168 468 1168 468 1173 467 1168 468 405 468 1169 467 406 467 406 468 1168 468 406 468 410 467 408 466 1168 468 407 467 1168 468 1170 466 406 468 1169 467 1173 467 1169 467 405 468 406 467 407 467 1170 466 1170 466 1170 466 1173 467 406 468 1169 467 1171 465 1169 467 406 468 406 467 406 467 411 467 406 468 406 467 407 467 407 466 407 467 407 467 408 466 412 465 1170 466 1170 466 1169 467 1169 467 1170 466 1170 466 1169 467 1174 466 407 466 408 466 408 466 407 466 407 467 407 466 406 468 411 467 1170 466 1170 466 1171 465 1168 468 1170 466 1169 467 1170 466 1174 466 407 467 408 466 407 466 407 467 407 467 408 466 407 466 412 466 1171 465 1169 467 1170 465 1170 466 1171 465 1170 465 1171 465 1174 466 1170 466 1169 467 408 465 408 465 408 465 408 466 408 465 414 464 408 466 407 467 1170 466 1170 466 1170 466 1170 466 1171 465 1174 465,3269 1243 395 1243 395 470 395 470 395 470 395 470 395 470 395 470 395 470 395 470 395 470 395 470 395 470 395 1243 395 470 395 470 395 470 395 470 395 470 395 470 395 470 395 470 395 470 395 470 395 470 395 470 395 470 395 470 395 470 395 470 395 470 395 1243 395 470 395 1243 395 1243 395 1243 395 1243 395 1243 395 1243 395 470 395 1243 395 1243 395 1243 395 1243 395 1243 395 1243 395 1243 395 1243 395 1243 395 470 395 470 395 470 395 470 395 470 395 470 395 470 395 470 395 470 395 470 395 1243 395 1243 395 470 395 470 395 1243 395 1243 395 1243 395 1243 395 470 395 470 395 1243 395 1243 395 470 395 470 395 470 395 1243 395 470 395 470 395 1243 395 470 395 470 395 1243 395 1243 395 470 395 1243 395 1243 395 470 395 1243 395 1243 395 470 395 1243 395 1243 395 470 395 470 395 1243 395 470 395 470 395 470 395 470 395 470 395 1243 395 1243 395 470 395 1243 395 1243 395 1243 395 470 395 470 395 1243 395 1243 395 1243 395 470 395 1243 395 470 395 1243 395 1243 395 470 395 470 395 470 395 1243 395 470 395 1243 395 470 395 470 395 470 395 470 395 470 395 470 395 470 395 470 395 1243 395 1243 395 1243 395 1243 395 1243 395 1243 395 1243 395 1243 395 470 395 470 395 470 395 470 395 470 395 470 395 470 395 470 395 1243 395 1243 395 1243 395 1243 395 1243 395 1243 395 1243 395 1243 395 470 395 470 395 470 395 470 395 470 395 470 395 470 395 470 395 1243 395 1243 395 1243 395 1243 395 1243 395 1243 395 1243 395 1243 395 470 395 470 395 470 395 470 395 470 395 470 395 470 395 470 395 1243 395 1243 395 1243 395 1243 395 1243 395 1243 395 1243 395 1243 395 470 395 470 395 470 395 470 395 470 395 470 395 470 395 470 395 1243 395 1243 395 1243 395 1243 395 1243 395 1243 395 1243 395 1243 395 1243 395 470 395 1243 395 470 395 470 395 1243 395 470 395 470 395 470 395 1243 395 470 395 1243 395 1243 395 470 395 1243 395 1243 395 1243 395 470 395 470 395 470 395 1243 395 1243 395 1243 395 1243 395 470 395 1243 395 1243 395 1243 395 470 395 470 395 470 395 470 395 470 395 470 395 470 395 470 395 470 395 470 395 470 395 470 395 1243 395 1243 395 1243 395 1243 395 1243 395 1243 395 1243 395 1243 395 470 395 470 395 470 395 470 395 470 395 470 395 470 395 470 395 1243 395 1243 395 1243 395 1243 395 1243 395 1243 395 1243 395 1243 154 470 395 470 395 470 395 1243 154 470 126,3273 1272 361 1272 360 478 435 434 434 434 435 434 430 420 404 462 332 532 399 467 435 434 434 434 434 435 433 1228 359 479 433 436 432 436 429 421 403 462 333 532 399 468 433 435 434 434 434 435 432 436 427 424 401 464 333 531 400 467 432 437 430 438 431 1203 386 479 430 1207 384 1271 380 1252 386 1246 385 1248 383 1272 381 464 333 1319 428 1206 387 1244 388 1249 349 1301 429 1204 390 1242 389 1248 349 1300 432 419 404 462 332 533 397 469 426 442 427 441 427 442 428 439 431 421 403 462 332 1319 431 1203 420 448 423 443 431 1203 396 1236 394 1243 349 1300 432 421 402 462 332 1319 433 1201 417 451 421 445 434 436 387 1246 417 448 434 436 387 1246 418 447 433 437 387 1246 392 1239 392 476 389 1242 391 1246 373 492 334 1321 386 1246 387 478 432 1203 387 1244 387 481 389 480 390 1241 388 480 423 446 424 444 422 444 416 453 360 1273 419 1212 416 453 389 1243 390 1248 348 1299 392 479 358 490 353 1297 391 1265 391 1241 365 481 386 1268 335 510 386 1270 359 1272 389 481 358 492 375 490 377 1275 381 488 355 1276 385 485 356 511 356 511 358 509 361 508 359 509 359 510 359 509 359 1273 360 1271 360 1273 356 1300 358 1275 356 1275 356 1278 353 1302 355 514 329 517 351 515 352 516 349 519 348 545 323 544 325 520 348 1307 324 1308 324 1308 325 1308 348 1307 323 1309 323 1309 324 1333 323 521 347 520 324 544 325 543 323 546 323 545 323 545 323 545 323 1309 323 1308 324 1308 324 1333 323 1309 323 1308 323 1309 325 1332 323 545 324 520 323 544 324 544 323 546 322 546 323 545 323 546 322 1309 323 1309 323 1309 323 1334 323 1308 322 1310 323 1309 323 1334 322 546 323 522 321 545 323 545 323 545 322 547 322 546 322 547 321 1311 321 1310 321 1335 298 1359 297 1335 297 1334 298 1334 298 1359 297 1335 283 585 297 1334 297 572 274 594 273 1358 275 594 273 595 274 595 274 1357 274 594 274 1358 274 1358 297 570 299 1334 298 1359 274 1358 273 595 273 595 274 594 273 1359 273 1358 274 1358 297 1360 273 595 273 1385 248 1383 248 1383 249 595 273 596 272 620 248 621 248 595 272 596 272 596 271 597 247 621 248 621 247 621 247 621 248 1384 246 1386 247 1384 271 1387 246 1385 247 1385 246 1410 246 1412 221 622 246 622 245 623 220 648 220 648 220 649 220 648 220 649 219 1413 218 1414 218 1438 195 1463 168 1464 167 1464 189 1469 167 2095 168 701 166 676 167,3260 1321 335 1321 335 524 335 524 335 524 335 524 335 524 335 524 335 524 335 524 335 524 335 524 335 524 335 1321 335 524 335 524 335 524 335 524 335 524 335 524 335 524 335 524 335 524 335 524 335 524 335 524 335 524 335 524 335 524 335 524 335 524 335 1321 335 524 335 1321 335 1321 335 1321 335 1321 335 1321 335 1321 335 524 335 1321 335 1321 335 1321 335 1321 335 1321 335 1321 335 1321 335 1321 335 1321 335 524 335 524 335 524 335 524 335 524 335 524 335 524 335 524 335 524 335 524 335 1321 335 1321 335 524 335 524 335 1321 335 1321 335 1321 335 1321 335 524 335 524 335 1321 335 1321 335 524 335 524 335 524 335 1321 335 524 335 524 335 1321 335 524 335 524 335 1321 335 1321 335 524 335 1321 335 1321 335 524 335 1321 335 1321 335 524 335 1321 335 1321 335 524 335 524 335 1321 335 524 335 524 335 524 335 524 335 524 335 1321 335 1321 335 524 335 1321 335 1321 335 1321 335 524 335 524 335 1321 335 1321 335 1321 335 524 335 1321 335 524 335 1321 335 1321 335 524 335 524 335 524 335 1321 335 524 335 1321 335 524 335 524 335 524 335 524 335 524 335 524 335 524 335 524 335 1321 335 1321 335 1321 335 1321 335 1321 335 1321 335 1321 335 1321 335 524 335 524 335 524 335 524 335 524 335 524 335 524 335 524 335 1321 335 1321 335 1321 335 1321 335 1321 335 1321 335 1321 335 1321 335 524 335 524 335 524 335 524 335 524 335 524 335 524 335 524 335 1321 335 1321 335 1321 335 1321 335 1321 335 1321 335 1321 335 1321 335 524 335 524 335 524 335 524 335 524 335 524 335 524 335 524 335 1321 335 1321 335 1321 335 1321 335 1321 335 1321 335 1321 335 1321 335 524 335 524 335 524 335 524 335 524 335 524 335 524 335 524 335 1321 335 1321 335 1321 335 1321 335 1321 335 1321 335 1321 335 1321 335 1321 335 524 335 1321 335 524 335 524 335 1321 335 524 335 524 335 524 335 1321 335 524 335 1321 335 1321 335 524 335 1321 335 1321 335 1321 335 524 335 524 335 524 335 1321 335 1321 335 1321 335 1321 335 524 335 1321 335 1321 335 1321 335 524 335 524 335 524 335 524 335 524 335 524 335 524 335 524 335 524 335 524 335 524 335 524 335 1321 335 1321 335 1321 335 1321 335 1321 335 1321 335 1321 335 1321 335 524 335 524 335 524 335 524 335 524 335 524 335 524 335 524 335 1321 335 1321 335 1321 335 1321 335 1321 335 1321 335 1321 335 2108 335 524 335 524 335
Hitach_RAK-18QH8.ir,Cool_hi,HITACHI_AC296 128 bits 01100040bfff00cc33926d13ec40bf00ff00ff00ff00ff00ff53acf10e00ff00ff00ff03fc,1,True,learned fidelity_check (559 timings),UNKNOWN,False,,,,3376 1605 463 1172 464 411 463 408 466 407 466 412 462 409 465 409 465 415 463 409 464 411 463 408 465 409 464 1171 465 410 463 410 464 413 464 437 437 411 462 410 464 409 464 410 463 410 464 410 463 413 465 409 465 413 460 410 464 409 465 410 464 409 465 1173 463 415 462 1171 465 1174 462 1174 462 1173 463 1173 463 1174 462 412 462 1177 463 1175 461 1173 462 1172 464 1173 463 1174 462 1172 464 1174 462 1177 463 411 463 409 464 410 464 411 463 410 464 410 463 411 463 414 463 410 463 412 462 1174 462 1174 462 410 464 412 462 1173 463 1177 463 1174 462 1173 463 411 462 411 463 1174 462 1174 462 413 460 417 461 414 459 1174 462 411 463 413 460 1174 462 412 461 413 461 1179 461 1175 461 412 462 1172 464 1174 462 414 460 1174 462 1172 464 414 464 1172 464 1172 464 409 465 409 465 1172 464 409 464 408 466 415 463 408 465 410 464 1171 465 1171 465 408 466 1172 464 1172 464 1176 464 409 464 409 465 409 465 409 465 409 465 409 465 1172 464 412 466 1172 464 1171 465 1174 462 1171 465 1172 464 1172 464 409 465 1176 464 411 463 408 465 408 466 408 466 409 465 409 465 409 464 414 464 1172 464 1172 464 1172 464 1172 464 1173 463 1171 465 1174 462 1177 462 409 465 409 465 411 462 410 464 410 464 409 465 409 464 414 464 1172 464 1172 464 1172 464 1171 465 1173 463 1173 463 1172 464 1176 464 409 464 410 464 410 463 410 463 410 464 410 464 409 464 414 464 1172 464 1173 463 1173 463 1172 464 1172 464 1173 463 1173 463 1176 464 410 463 411 463 411 463 409 465 409 464 411 462 411 463 414 463 1173 463 1172 464 1173 463 1172 464 1172 464 1173 463 1174 461 1178 462 410 463 410 463 412 462 411 463 410 463 409 464 411 463 415 463 1173 463 1174 462 1173 463 1173 462 1173 463 1174 462 1172 464 1178 462 1171 465 1174 462 411 462 411 463 1174 462 410 463 1173 463 414 463 412 462 410 463 1174 462 1173 463 411 463 1173 463 410 464 1177 463 1174 462 411 463 411 462 411 463 1174 462 1174 462 1175 461 1178 462 412 461 1173 463 1172 464 1175 461 412 462 411 462 411 463 415 462 411 463 412 462 412 461 412 462 412 462 411 463 412 462 416 461 1174 462 1173 463 1174 462 1174 461 1174 462 1175 461 1174 462 1181 459 412 462 411 463 412 462 412 461 411 462 411 463 413 460 415 463 1174 462 1175 461 1176 460 1176 460 1174 462 1174 461 1174 462 1178 461 413 461 413 460 413 460 414 460 412 461 412 462 412 462 417 460 1175 461 1175 461 1175 461 1175 460 1176 460 1175 461 1174 462 1179 461 1175 460 1177 435 436 461 413 460 413 437 437 460 412 438 440 461 414 436 437 437 1199 460 1177 459 1176 460 1176 437 1199 437 1202 437,3376 1605 463 1172 464 411 463 408 466 407 466 412 462 409 465 409 465 415 463 409 464 411 463 408 465 409 464 1171 465 410 463 410 464 413 464 437 437 411 462 410 464 409 464 410 463 410 464 410 463 413 465 409 465 413 460 410 464 409 465 410 464 409 465 1173 463 415 462 1171 465 1174 462 1174 462 1173 463 1173 463 1174 462 412 462 1177 463 1175 461 1173 462 1172 464 1173 463 1174 462 1172 464 1174 462 1177 463 411 463 409 464 410 464 411 463 410 464 410 463 411 463 414 463 410 463 412 462 1174 462 1174 462 410 464 412 462 1173 463 1177 463 1174 462 1173 463 411 462 411 463 1174 462 1174 462 413 460 417 461 414 459 1174 462 411 463 413 460 1174 462 412 461 413 461 1179 461 1175 461 412 462 1172 464 1174 462 414 460 1174 462 1172 464 414 464 1172 464 1172 464 409 465 409 465 1172 464 409 464 408 466 415 463 408 465 410 464 1171 465 1171 465 408 466 1172 464 1172 464 1176 464 409 464 409 465 409 465 409 465 409 465 409 465 1172 464 412 466 1172 464 1171 465 1174 462 1171 465 1172 464 1172 464 409 465 1176 464 411 463 408 465 408 466 408 466 409 465 409 465 409 464 414 464 1172 464 1172 464 1172 464 1172 464 1173 463 1171 465 1174 462 1177 462 409 465 409 465 411 462 410 464 410 464 409 465 409 464 414 464 1172 464 1172 464 1172 464 1171 465 1173 463 1173 463 1172 464 1176 464 409 464 410 464 410 463 410 463 410 464 410 464 409 464 414 464 1172 464 1173 463 1173 463 1172 464 1172 464 1173 463 1173 463 1176 464 410 463 411 463 411 463 409 465 409 464 411 462 411 463 414 463 1173 463 1172 464 1173 463 1172 464 1172 464 1173 463 1174 461 1178 462 410 463 410 463 412 462 411 463 410 463 409 464 411 463 415 463 1173 463 1174 462 1173 463 1173 462 1173 463 1174 462 1172 464 1178 462 1171 465 1174 462 411 462 411 463 1174 462 410 463 1173 463 414 463 412 462 410 463 1174 462 1173 463 411 463 1173 463 410 464 1177 463 1174 462 411 463 411 462 411 463 1174 462 1174 462 1175 461 1178 462 412 461 1173 463 1172 464 1175 461 412 462 411 462 411 463 415 462 411 463 412 462 412 461 412 462 412 462 411 463 412 462 416 461 1174 462 1173 463 1174 462 1174 461 1174 462 1175 461 1174 462 1181 459 412 462 411 463 412 462 412 461 411 462 411 463 413 460 415 463 1174 462 1175 461 1176 460 1176 460 1174 462 1174 461 1174 462 1178 461 413 461 413 460 413 460 414 460 412 461 412 462 412 462 417 460 1175 461 1175 461 1175 461 1175 460 1176 460 1175 461 1174 462 1179 461 1175 460 1177 435 436 461 413 460 413 437 437 460 412 438 440 461 414 436 437 437 1199 460 1177 459 1176 460 1176 437 1199 437 1202 437,3362 1640 406 1227 478 362 465 405 476 398 496 388 415 454 468 401 467 427 454 414 390 478 467 402 468 406 493 1164 475 388 444 424 440 431 466 436 432 426 451 418 415 453 469 402 466 407 507 380 457 412 465 403 468 410 504 381 479 389 415 453 469 402 466 1194 483 381 417 1244 468 1164 483 1148 484 1147 485 1173 361 1269 430 410 468 1193 484 1147 482 1175 362 1270 432 1199 484 1148 483 1149 483 1146 457 1202 436 403 468 403 466 409 505 380 446 423 440 428 468 406 491 398 451 417 415 453 469 1194 479 1151 483 382 454 414 415 1246 480 1153 481 1147 485 1151 386 477 414 454 467 1174 503 1147 483 383 454 415 441 431 468 1169 504 381 484 384 443 1192 463 402 467 408 499 1154 436 1196 433 432 468 1167 502 1136 504 381 481 1152 435 1197 465 406 497 1158 486 1142 450 420 438 431 502 1133 501 370 508 379 450 419 511 358 512 363 505 1145 483 1151 431 436 503 1129 508 1128 505 1148 389 478 437 432 468 402 466 407 460 428 414 454 438 1195 493 380 489 1161 417 1217 434 1198 463 1184 452 1170 461 1187 445 426 409 1245 468 382 462 409 458 429 413 456 435 433 468 404 472 418 439 432 433 1220 439 1193 439 1193 440 1192 437 1219 410 1221 412 1220 438 1195 438 433 433 457 411 458 437 432 436 434 435 457 410 459 409 460 436 1197 433 1223 408 1225 405 1226 407 1226 432 1222 405 1227 402 1256 377 491 402 466 402 467 401 468 401 492 377 492 402 466 402 468 400 1232 401 1255 378 1253 402 1230 402 1229 402 1230 401 1256 377 1254 402 467 401 468 400 493 377 492 401 467 402 467 401 469 400 493 377 1255 401 1230 401 1231 400 1232 400 1255 377 1256 377 1254 402 1230 401 486 383 492 377 492 400 468 401 468 400 469 400 493 377 491 402 1231 400 1232 400 1256 376 1256 376 1256 399 1232 401 1231 400 1256 376 1257 375 1257 399 469 400 469 400 1256 375 494 375 1281 351 493 400 493 375 494 375 1282 350 1281 376 492 376 1256 376 493 356 1301 351 1280 353 516 352 517 351 543 350 1281 351 1280 352 1280 352 1281 351 542 350 1282 351 1280 352 1280 352 517 351 542 326 543 350 518 352 517 352 542 326 543 350 518 351 517 352 542 326 543 326 543 351 1305 327 1305 326 1306 325 1332 300 1331 325 1307 325 1307 325 1307 325 568 300 569 325 543 325 544 325 569 300 569 299 569 324 544 326 1331 300 1358 273 1359 277 1354 299 1333 299 1332 300 1332 299 1358 273 596 298 571 298 570 298 596 273 622 246 621 272 597 272 623 245 1386 246 1386 246 1411 245 1387 244 1387 220 1438 193,3349 1243 396 1243 396 467 396 467 396 467 396 467 396 467 396 467 396 467 396 467 396 467 396 467 396 467 396 1243 396 467 396 467 396 467 396 467 396 467 396 467 396 467 396 467 396 467 396 467 396 467 396 467 396 467 396 467 396 467 396 467 396 467 396 1243 396 467 396 1243 396 1243 396 1243 396 1243 396 1243 396 1243 396 467 396 1243 396 1243 396 1243 396 1243 396 1243 396 1243 396 1243 396 1243 396 1243 396 467 396 467 396 467 396 467 396 467 396 467 396 467 396 467 396 467 396 467 396 1243 396 1243 396 467 396 467 396 1243 396 1243 396 1243 396 1243 396 467 396 467 396 1243 396 1243 396 467 396 467 396 467 396 1243 396 467 396 467 396 1243 396 467 396 467 396 1243 396 1243 396 467 396 1243 396 1243 396 467 396 1243 396 1243 396 467 396 1243 396 1243 396 467 396 467 396 1243 396 467 396 467 396 467 396 467 396 467 396 1243 396 1243 396 467 396 1243 396 1243 396 1243 396 467 396 467 396 467 396 467 396 467 396 467 396 1243 396 467 396 1243 396 1243 396 1243 396 1243 396 1243 396 1243 396 467 396 1243 396 467 396 467 396 467 396 467 396 467 396 467 396 467 396 467 396 1243 396 1243 396 1243 396 1243 396 1243 396 1243 396 1243 396 1243 396 467 396 467 396 467 396 467 396 467 396 467 396 467 396 467 396 1243 396 1243 396 1243 396 1243 396 1243 396 1243 396 1243 396 1243 396 467 396 467 396 467 396 467 396 467 396 467 396 467 396 467 396 1243 396 1243 396 1243 396 1243 396 1243 396 1243 396 1243 396 1243 396 467 396 467 396 467 396 467 396 467 396 467 396 467 396 467 396 1243 396 1243 396 1243 396 1243 396 1243 396 1243 396 1243 396 1243 396 467 396 467 396 467 396 467 396 467 396 467 396 467 396 467 396 1243 396 1243 396 1243 396 1243 396 1243 396 1243 396 1243 396 1243 396 1243 396 1243 396 467 396 467 396 1243 396 467 396 1243 396 467 396 467 396 467 396 1243 396 1243 396 467 396 1243 396 467 396 1243 396 1243 396 467 396 467 396 467 396 1243 396 1243 396 1243 396 1243 396 467 396 1243 396 1243 396 1243 396 467 396 467 396 467 396 467 396 467 396 467 396 467 396 467 396 467 396 467 396 467 396 467 396 1243 396 1243 396 1243 396 1243 396 1243 396 1243 396 1243 396 1243 396 467 396 467 396 467 396 467 396 467 396 467 396 467 396 467 396 1243 396 1243 396 1243 396 1243 396 1243 396 1243 396 1243 396 1243 396 467 396 467 396 467 396 467 396 467 396 467 396 467 396 467 396 1243 396 1243 396 1243 396 1243 396 1243 396 1243 396
Hitach_RAK-18QH8.ir,Cool_hi,HITACHI_AC296 128 bits 01100040bfff00cc33926d13ec40bf00ff00ff00ff00ff00ff53acf10e00ff00ff00ff03fc,2,True,learned fidelity_check (531 timings),UNKNOWN,False,,,,3376 1605 463 1172 464 411 463 408 466 407 466 412 462 409 465 409 465 415 463 409 464 411 463 408 465 409 464 1171 465 410 463 410 464 413 464 437 437 411 462 410 464 409 464 410 463 410 464 410 463 413 465 409 465 413 460 410 464 409 465 410 464 409 465 1173 463 415 462 1171 465 1174 462 1174 462 1173 463 1173 463 1174 462 412 462 1177 463 1175 461 1173 462 1172 464 1173 463 1174 462 1172 464 1174 462 1177 463 411 463 409 464 410 464 411 463 410 464 410 463 411 463 414 463 410 463 412 462 1174 462 1174 462 410 464 412 462 1173 463 1177 463 1174 462 1173 463 411 462 411 463 1174 462 1174 462 413 460 417 461 414 459 1174 462 411 463 413 460 1174 462 412 461 413 461 1179 461 1175 461 412 462 1172 464 1174 462 414 460 1174 462 1172 464 414 464 1172 464 1172 464 409 465 409 465 1172 464 409 464 408 466 415 463 408 465 410 464 1171 465 1171 465 408 466 1172 464 1172 464 1176 464 409 464 409 465 409 465 409 465 409 465 409 465 1172 464 412 466 1172 464 1171 465 1174 462 1171 465 1172 464 1172 464 409 465 1176 464 411 463 408 465 408 466 408 466 409 465 409 465 409 464 414 464 1172 464 1172 464 1172 464 1172 464 1173 463 1171 465 1174 462 1177 462 409 465 409 465 411 462 410 464 410 464 409 465 409 464 414 464 1172 464 1172 464 1172 464 1171 465 1173 463 1173 463 1172 464 1176 464 409 464 410 464 410 463 410 463 410 464 410 464 409 464 414 464 1172 464 1173 463 1173 463 1172 464 1172 464 1173 463 1173 463 1176 464 410 463 411 463 411 463 409 465 409 464 411 462 411 463 414 463 1173 463 1172 464 1173 463 1172 464 1172 464 1173 463 1174 461 1178 462 410 463 410 463 412 462 411 463 410 463 409 464 411 463 415 463 1173 463 1174 462 1173 463 1173 462 1173 463 1174 462 1172 464 1178 462 1171 465 1174 462 411 462 411 463 1174 462 410 463 1173 463 414 463 412 462 410 463 1174 462 1173 463 411 463 1173 463 410 464 1177 463 1174 462 411 463 411 462 411 463 1174 462 1174 462 1175 461 1178 462 412 461 1173 463 1172 464 1175 461 412 462 411 462 411 463 415 462 411 463 412 462 412 461 412 462 412 462 411 463 412 462 416 461 1174 462 1173 463 1174 462 1174 461 1174 462 1175 461 1174 462 1181 459 412 462 411 463 412 462 412 461 411 462 411 463 413 460 415 463 1174 462 1175 461 1176 460 1176 460 1174 462 1174 461 1174 462 1178 461 413 461 413 460 413 460 414 460 412 461 412 462 412 462 417 460 1175 461 1175 461 1175 461 1175 460 1176 460 1175 461 1174 462 1179 461 1175 460 1177 435 436 461 413 460 413 437 437 460 412 438 440 461 414 436 437 437 1199 460 1177 459 1176 460 1176 437 1199 437 1202 437,3349 1243 396 1243 396 467 396 467 396 467 396 467 396 467 396 467 396 467 396 467 396 467 396 467 396 467 396 1243 396 467 396 467 396 467 396 467 396 467 396 467 396 467 396 467 396 467 396 467 396 467 396 467 396 467 396 467 396 467 396 467 396 467 396 1243 396 467 396 1243 396 1243 396 1243 396 1243 396 1243 396 1243 396 467 396 1243 396 1243 396 1243 396 1243 396 1243 396 1243 396 1243 396 1243 396 1243 396 467 396 467 396 467 396 467 396 467 396 467 396 467 396 467 396 467 396 467 396 1243 396 1243 396 467 396 467 396 1243 396 1243 396 1243 396 1243 396 467 396 467 396 1243 396 1243 396 467 396 467 396 467 396 1243 396 467 396 467 396 1243 396 467 396 467 396 1243 396 1243 396 467 396 1243 396 1243 396 467 396 1243 396 1243 396 467 396 1243 396 1243 396 467 396 467 396 1243 396 467 396 467 396 467 396 467 396 467 396 1243 396 1243 396 467 396 1243 396 1243 396 1243 396 467 396 467 396 467 396 467 396 467 396 467 396 1243 396 467 396 1243 396 1243 396 1243 396 1243 396 1243 396 1243 396 467 396 1243 396 467 396 467 396 467 396 467 396 467 396 467 396 467 396 467 396 1243 396 1243 396 1243 396 1243 396 1243 396 1243 396 1243 396 1243 396 467 396 467 396 467 396 467 396 467 396 467 396 467 396 467 396 1243 396 1243 396 1243 396 1243 396 1243 396 1243 396 1243 396 1243 396 467 396 467 396 467 396 467 396 467 396 467 396 467 396 467 396 1243 396 1243 396 1243 396 1243 396 1243 396 1243 396 1243 396 1243 396 467 396 467 396 467 396 467 396 467 396 467 396 467 396 467 396 1243 396 1243 396 1243 396 1243 396 1243 396 1243 396 1243 396 1243 396 467 396 467 396 467 396 467 396 467 396 467 396 467 396 467 396 1243 396 1243 396 1243 396 1243 396 1243 396 1243 396 1243 396 1243 396 1243 396 1243 396 467 396 467 396 1243 396 467 396 1243 396 467 396 467 396 467 396 1243 396 1243 396 467 396 1243 396 467 396 1243 396 1243 396 467 396 467 396 467 396 1243 396 1243 396 1243 396 1243 396 467 396 1243 396 1243 396 1243 396 467 396 467 396 467 396 467 396 467 396 467 396 467 396 467 396 467 396 467 396 467 396 467 396 1243 396 1243 396 1243 396 1243 396 1243 396 1243 396 1243 396 1243 396 467 396 467 396 467 396 467 396 467 396 467 396 467 396 467 396 1243 396 1243 396 1243 396 1243 396 1243 396 1243 396 1243 396 1243 396 467 396 467 396 467 396 467 396 467 396 467 396 467 396 467 396 1243 396 1243 396 1243 396 1243 396 1243 396 1243 396,3283 1321 428 1232 359 480 431 419 405 458 390 475 433 435 433 437 431 417 405 459 391 474 434 435 431 437 434 1201 385 480 430 422 438 424 334 530 431 438 431 437 429 423 437 426 333 531 427 441 429 439 428 424 435 427 334 531 426 442 427 442 428 423 434 1216 392 474 432 1203 388 1243 364 1294 384 1246 392 1240 391 1245 351 510 434 1207 399 1252 394 1237 394 1240 333 1320 432 1201 418 1214 366 1273 401 1248 420 447 424 424 351 512 430 439 422 447 421 446 422 425 351 512 425 444 419 450 391 1241 415 1220 332 531 425 444 390 1243 362 1295 386 1246 389 1242 389 479 387 478 435 1199 389 1245 334 532 388 480 388 478 435 1199 388 480 388 479 393 1240 388 478 431 420 376 1275 387 1245 387 480 388 1244 387 1250 374 488 393 1247 375 1275 417 449 384 1250 422 1209 418 450 391 477 390 1243 388 479 415 452 389 460 352 512 386 481 415 1243 357 1272 388 462 377 1273 387 1269 363 1269 336 509 389 480 413 456 387 479 357 489 379 489 381 1271 357 511 360 1273 357 1299 363 1269 361 1271 357 1276 382 1274 359 509 359 1273 359 509 360 486 380 486 356 511 357 512 356 512 357 511 355 489 353 1303 355 1278 355 1277 352 1304 350 1307 324 1307 324 1308 325 1307 349 519 326 542 324 544 324 545 323 520 348 520 349 518 324 544 324 1308 325 1308 349 1307 323 1308 325 1308 348 1309 322 1309 323 1309 324 543 324 545 323 546 322 521 348 519 324 544 326 542 323 545 324 1308 323 1309 326 1307 347 1309 323 1308 323 1310 347 1309 323 1309 322 546 323 545 323 521 346 521 323 545 323 545 322 546 323 522 345 1311 322 1309 323 1309 323 1334 323 1309 322 1309 323 1333 323 1311 321 546 323 521 322 545 323 545 322 546 323 545 323 521 322 546 322 1334 322 1336 297 1334 298 1335 297 1334 322 1334 279 1353 298 1334 299 1358 274 1358 274 594 274 569 299 1357 274 595 274 1358 273 595 273 595 274 569 298 1359 274 1357 274 595 273 1358 274 594 274 1358 273 1360 297 570 296 572 274 595 272 1360 272 1384 273 1360 272 1384 248 620 248 1384 248 1384 271 1386 247 595 273 595 271 597 248 621 247 621 247 596 272 595 248 621 247 622 246 621 248 595 272 596 247 1410 247 1386 246 1411 220 1411 246 1412 220 1411 220 1411 221 1411 246 622 222 647 220 648 220 649 219 649 219 623 221 647 219 675 168 1439 219 1438 218 1440 167 1490 140 1491 168 1516 100 1507 140 1490 150,3270 1321 336 1321 336 525 336 525 336 525 336 525 336 525 336 525 336 525 336 525 336 525 336 525 336 525 336 1321 336 525 336 525 336 525 336 525 336 525 336 525 336 525 336 525 336 525 336 525 336 525 336 525 336 525 336 525 336 525 336 525 336 525 336 1321 336 525 336 1321 336 1321 336 1321 336 1321 336 1321 336 1321 336 525 336 1321 336 1321 336 1321 336 1321 336 1321 336 1321 336 1321 336 1321 336 1321 336 525 336 525 336 525 336 525 336 525 336 525 336 525 336 525 336 525 336 525 336 1321 336 1321 336 525 336 525 336 1321 336 1321 336 1321 336 1321 336 525 336 525 336 1321 336 1321 336 525 336 525 336 525 336 1321 336 525 336 525 336 1321 336 525 336 525 336 1321 336 1321 336 525 336 1321 336 1321 336 525 336 1321 336 1321 336 525 336 1321 336 1321 336 525 336 525 336 1321 336 525 336 525 336 525 336 525 336 525 336 1321 336 1321 336 525 336 1321 336 1321 336 1321 336 525 336 525 336 525 336 525 336 525 336 525 336 1321 336 525 336 1321 336 1321 336 1321 336 1321 336 1321 336 1321 336 525 336 1321 336 525 336 525 336 525 336 525 336 525 336 525 336 525 336 525 336 1321 336 1321 336 1321 336 1321 336 1321 336 1321 336 1321 336 1321 336 525 336 525 336 525 336 525 336 525 336 525 336 525 336 525 336 1321 336 1321 336 1321 336 1321 336 1321 336 1321 336 1321 336 1321 336 525 336 525 336 525 336 525 336 525 336 525 336 525 336 525 336 1321 336 1321 336 1321 336 1321 336 1321 336 1321 336 1321 336 1321 336 525 336 525 336 525 336 525 336 525 336 525 336 525 336 525 336 1321 336 1321 336 1321 336 1321 336 1321 336 1321 336 1321 336 1321 336 525 336 525 336 525 336 525 336 525 336 525 336 525 336 525 336 1321 336 1321 336 1321 336 1321 336 1321 336 1321 336 1321 336 1321 336 1321 336 1321 336 525 336 525 336 1321 336 525 336 1321 336 525 336 525 336 525 336 1321 336 1321 336 525 336 1321 336 525 336 1321 336 1321 336 525 336 525 336 525 336 1321 336 1321 336 1321 336 1321 336 525 336 1321 336 1321 336 1321 336 525 336 525 336 525 336 525 336 525 336 525 336 525 336 525 336 525 336 525 336 525 336 525 336 1321 336 1321 336 1321 336 1321 336 1321 336 1321 336 1321 336 1321 336 525 336 525 336 525 336 525 336 525 336 525 336 525 336 525 154 1321 336 1321 336 1321 154 1321 154 1321 154 1321 87 1321 154 1321 154
Hitach_RAK-18QH8.ir,Cool_lo,HITACHI_AC296 128 bits 01100040bfff00cc33926d13ec5ca300ff00ff00ff00ff00ff53acf10e00ff00ff00ff03fc,1,True,learned fidelity_check (519 timings),UNKNOWN,False,,,,3376 1603 465 1198 438 408 489 384 490 382 468 407 467 408 466 407 467 439 438 408 490 384 489 384 466 435 439 1169 467 408 466 408 489 388 467 411 463 406 467 409 465 408 490 385 465 409 488 383 467 412 489 383 467 407 466 409 465 408 466 408 466 408 466 1173 463 412 466 1171 465 1170 466 1171 465 1170 466 1170 466 1170 466 408 466 1175 465 1169 467 1171 465 1171 465 1173 463 1172 464 1170 466 1170 466 1176 463 409 465 409 465 410 463 407 467 409 465 411 462 407 467 413 464 407 466 410 464 1172 464 1173 463 408 466 411 463 1171 465 1175 465 1171 465 1171 465 408 465 410 464 1171 465 1172 463 408 465 413 465 408 466 1171 465 409 465 408 465 1173 463 410 464 408 465 1175 465 1169 467 409 464 1172 464 1172 463 408 466 1172 464 1172 464 412 466 1171 465 1172 464 409 464 409 464 1171 465 411 462 410 464 414 463 409 464 411 463 1172 463 1174 462 411 463 1173 463 1173 463 1177 463 410 463 411 463 1172 464 1173 463 1178 458 411 462 1172 464 416 462 1174 462 1173 463 412 461 411 463 411 463 1174 462 411 462 1178 462 411 462 410 464 413 461 411 463 410 464 412 462 411 463 417 461 1173 463 1175 461 1173 463 1173 463 1172 464 1173 463 1175 461 1177 463 411 463 410 464 410 463 410 464 410 464 411 463 410 463 414 464 1173 463 1173 463 1174 462 1172 464 1175 461 1173 463 1175 461 1176 464 411 463 410 463 412 461 411 462 411 463 411 462 414 460 415 463 1174 462 1174 462 1173 463 1173 463 1174 462 1173 463 1173 463 1178 462 410 463 411 463 411 463 411 463 412 462 410 463 411 462 416 462 1173 463 1174 462 1174 462 1174 462 1173 463 1174 462 1173 463 1177 463 410 463 438 436 410 463 412 462 410 463 411 463 412 461 416 462 1174 462 1174 462 1175 461 1173 463 1174 462 1173 463 1174 462 1179 461 1175 461 1174 462 411 463 412 462 1176 459 412 462 1174 461 415 463 411 462 411 463 1175 461 1174 462 411 463 1175 460 412 462 1178 461 1176 460 411 463 412 461 412 462 1174 462 1174 462 1174 462 1179 461 412 461 1174 462 1174 462 1175 461 413 460 412 462 412 462 417 461 411 463 412 462 412 461 413 460 412 462 412 462 413 461 416 461 1176 461 1175 461 1174 462 1175 461 1174 462 1176 460 1174 461 1180 460 412 461 414 460 412 462 414 459 413 461 413 461 413 460 417 461 1176 459 1176 460 1177 459 1176 460 1175 460 1175 461 1176 437 1203 460 414 459 413 461 413 460 413 437 436 461 413 438 437 437 440 461 1176 437 1198 438 1198 438 1198 461 1175 461 1177 459 1177 436 1203 437 1201 458 1175 438 436 438 436 438 437 436 437 437 436 437 441 437 438 436 436 438 1198 438 1200 436 1199 437 1199 437 1199 437 1203 436,3376 1603 465 1198 438 408 489 384 490 382 468 407 467 408 466 407 467 439 438 408 490 384 489 384 466 435 439 1169 467 408 466 408 489 388 467 411 463 406 467 409 465 408 490 385 465 409 488 383 467 412 489 383 467 407 466 409 465 408 466 408 466 408 466 1173 463 412 466 1171 465 1170 466 1171 465 1170 466 1170 466 1170 466 408 466 1175 465 1169 467 1171 465 1171 465 1173 463 1172 464 1170 466 1170 466 1176 463 409 465 409 465 410 463 407 467 409 465 411 462 407 467 413 464 407 466 410 464 1172 464 1173 463 408 466 411 463 1171 465 1175 465 1171 465 1171 465 408 465 410 464 1171 465 1172 463 408 465 413 465 408 466 1171 465 409 465 408 465 1173 463 410 464 408 465 1175 465 1169 467 409 464 1172 464 1172 463 408 466 1172 464 1172 464 412 466 1171 465 1172 464 409 464 409 464 1171 465 411 462 410 464 414 463 409 464 411 463 1172 463 1174 462 411 463 1173 463 1173 463 1177 463 410 463 411 463 1172 464 1173 463 1178 458 411 462 1172 464 416 462 1174 462 1173 463 412 461 411 463 411 463 1174 462 411 462 1178 462 411 462 410 464 413 461 411 463 410 464 412 462 411 463 417 461 1173 463 1175 461 1173 463 1173 463 1172 464 1173 463 1175 461 1177 463 411 463 410 464 410 463 410 464 410 464 411 463 410 463 414 464 1173 463 1173 463 1174 462 1172 464 1175 461 1173 463 1175 461 1176 464 411 463 410 463 412 461 411 462 411 463 411 462 414 460 415 463 1174 462 1174 462 1173 463 1173 463 1174 462 1173 463 1173 463 1178 462 410 463 411 463 411 463 411 463 412 462 410 463 411 462 416 462 1173 463 1174 462 1174 462 1174 462 1173 463 1174 462 1173 463 1177 463 410 463 438 436 410 463 412 462 410 463 411 463 412 461 416 462 1174 462 1174 462 1175 461 1173 463 1174 462 1173 463 1174 462 1179 461 1175 461 1174 462 411 463 412 462 1176 459 412 462 1174 461 415 463 411 462 411 463 1175 461 1174 462 411 463 1175 460 412 462 1178 461 1176 460 411 463 412 461 412 462 1174 462 1174 462 1174 462 1179 461 412 461 1174 462 1174 462 1175 461 413 460 412 462 412 462 417 461 411 463 412 462 412 461 413 460 412 462 412 462 413 461 416 461 1176 461 1175 461 1174 462 1175 461 1174 462 1176 460 1174 461 1180 460 412 461 414 460 412 462 414 459 413 461 413 461 413 460 417 461 1176 459 1176 460 1177 459 1176 460 1175 460 1175 461 1176 437 1203 460 414 459 413 461 413 460 413 437 436 461 413 438 437 437 440 461 1176 437 1198 438 1198 438 1198 461 1175 461 1177 459 1177 436 1203 437 1201 458 1175 438 436 438 436 438 437 436 437 437 436 437 441 437 438 436 436 438 1198 438 1200 436 1199 437 1199 437 1199 437 1203 436,3366 1611 454 1209 384 453 491 377 539 331 467 408 472 414 415 453 469 431 471 375 485 401 417 451 465 430 485 1126 501 371 496 389 417 451 468 408 505 363 501 386 390 478 498 372 466 408 494 376 495 391 489 379 468 404 466 408 501 385 389 479 466 402 469 1172 504 381 417 1218 467 1164 507 1127 499 1135 504 1147 451 1181 435 431 473 1165 502 1132 503 1148 388 1244 437 1195 505 1127 502 1132 500 1153 485 1147 436 430 500 371 502 390 488 380 443 426 439 429 503 367 507 384 453 418 436 432 507 1127 507 1131 505 379 483 387 436 1196 507 1128 509 1126 506 1142 446 424 460 408 511 1123 509 1128 505 381 488 382 493 375 510 1124 510 364 497 389 390 1242 463 405 509 361 508 1146 451 1182 433 435 494 1139 505 1130 499 371 460 1192 437 1195 436 430 471 1167 488 1162 444 426 411 457 438 1196 466 405 463 426 443 426 436 433 467 403 490 1163 443 1189 441 430 410 1244 438 1193 445 1188 441 429 434 436 433 1220 438 1194 440 1193 439 431 437 1217 410 458 439 1194 438 1195 437 455 411 458 410 458 438 1194 436 435 433 1222 409 459 410 459 435 437 432 459 409 460 406 463 431 438 432 462 404 1252 378 1254 402 1229 402 1229 402 1231 401 1231 401 1255 377 1254 402 467 401 469 400 492 377 492 402 466 403 466 402 468 401 491 402 1230 401 1231 401 1231 401 1231 401 1255 377 1254 402 1230 401 1232 400 493 376 492 401 467 402 467 401 469 400 493 376 492 400 468 402 1231 400 1256 376 1256 377 1255 401 1230 402 1230 400 1232 400 1257 376 492 401 467 401 469 400 493 376 492 377 492 401 468 400 493 376 1257 375 1256 400 1232 400 1232 400 1256 375 1258 374 1281 351 1281 376 492 376 519 349 494 376 494 399 492 376 493 375 494 376 517 352 1280 377 1255 353 1279 351 1281 351 1305 351 1281 351 1280 353 1279 353 1305 325 1306 350 518 352 517 352 1281 350 542 326 1306 350 518 352 517 353 541 326 1306 326 1306 350 518 352 1280 352 541 326 1331 301 1331 325 519 351 542 326 543 325 1332 299 1333 324 1307 325 1307 325 568 300 1333 299 1332 324 1308 325 542 325 545 324 570 299 570 324 544 324 569 299 597 272 595 297 572 299 569 298 571 298 596 273 1359 298 1333 299 1333 298 1359 272 1386 246 1385 271 1361 272 1360 271 622 247 622 246 649 243 599 271 624 244 624 244 675 195 649 220 1438 193 1491 137,3353 1244 389 1244 389 472 389 472 389 472 389 472 389 472 389 472 389 472 389 472 389 472 389 472 389 472 389 1244 389 472 389 472 389 472 389 472 389 472 389 472 389 472 389 472 389 472 389 472 389 472 389 472 389 472 389 472 389 472 389 472 389 472 389 1244 389 472 389 1244 389 1244 389 1244 389 1244 389 1244 389 1244 389 472 389 1244 389 1244 389 1244 389 1244 389 1244 389 1244 389 1244 389 1244 389 1244 389 472 389 472 389 472 389 472 389 472 389 472 389 472 389 472 389 472 389 472 389 1244 389 1244 389 472 389 472 389 1244 389 1244 389 1244 389 1244 389 472 389 472 389 1244 389 1244 389 472 389 472 389 472 389 1244 389 472 389 472 389 1244 389 472 389 472 389 1244 389 1244 389 472 389 1244 389 1244 389 472 389 1244 389 1244 389 472 389 1244 389 1244 389 472 389 472 389 1244 389 472 389 472 389 472 389 472 389 472 389 1244 389 1244 389 472 389 1244 389 1244 389 1244 389 472 389 472 389 1244 389 1244 389 1244 389 472 389 1244 389 472 389 1244 389 1244 389 472 389 472 389 472 389 1244 389 472 389 1244 389 472 389 472 389 472 389 472 389 472 389 472 389 472 389 472 389 1244 389 1244 389 1244 389 1244 389 1244 389 1244 389 1244 389 1244 389 472 389 472 389 472 389 472 389 472 389 472 389 472 389 472 389 1244 389 1244 389 1244 389 1244 389 1244 389 1244 389 1244 389 1244 389 472 389 472 389 472 389 472 389 472 389 472 389 472 389 472 389 1244 389 1244 389 1244 389 1244 389 1244 389 1244 389 1244 389 1244 389 472 389 472 389 472 389 472 389 472 389 472 389 472 389 472 389 1244 389 1244 389 1244 389 1244 389 1244 389 1244 389 1244 389 1244 389 472 389 472 389 472 389 472 389 472 389 472 389 472 389 472 389 1244 389 1244 389 1244 389 1244 389 1244 389 1244 389 1244 389 1244 389 1244 389 1244 389 472 389 472 389 1244 389 472 389 1244 389 472 389 472 389 472 389 1244 389 1244 389 472 389 1244 389 472 389 1244 389 1244 389 472 389 472 389 472 389 1244 389 1244 389 1244 389 1244 389 472 389 1244 389 1244 389 1244 389 472 389 472 389 472 389 472 389 472 389 472 389 472 389 472 389 472 389 472 389 472 389 472 389 1244 389 1244 389 1244 389 1244 389 1244 389 1244 389 1244 389 1244 389 472 389 472 389 472 389 472 389 472 389 472 389 472 389 472 389 1244 389 1244 124
Hitach_RAK-18QH8.ir,Cool_lo,HITACHI_AC296 128 bits 01100040bfff00cc33926d13ec5ca300ff00ff00ff00ff00ff53acf10e00ff00ff00ff03fc,2,True,learned fidelity_check (517 timings),UNKNOWN,False,,,,3376 1603 465 1198 438 408 489 384 490 382 468 407 467 408 466 407 467 439 438 408 490 384 489 384 466 435 439 1169 467 408 466 408 489 388 467 411 463 406 467 409 465 408 490 385 465 409 488 383 467 412 489 383 467 407 466 409 465 408 466 408 466 408 466 1173 463 412 466 1171 465 1170 466 1171 465 1170 466 1170 466 1170 466 408 466 1175 465 1169 467 1171 465 1171 465 1173 463 1172 464 1170 466 1170 466 1176 463 409 465 409 465 410 463 407 467 409 465 411 462 407 467 413 464 407 466 410 464 1172 464 1173 463 408 466 411 463 1171 465 1175 465 1171 465 1171 465 408 465 410 464 1171 465 1172 463 408 465 413 465 408 466 1171 465 409 465 408 465 1173 463 410 464 408 465 1175 465 1169 467 409 464 1172 464 1172 463 408 466 1172 464 1172 464 412 466 1171 465 1172 464 409 464 409 464 1171 465 411 462 410 464 414 463 409 464 411 463 1172 463 1174 462 411 463 1173 463 1173 463 1177 463 410 463 411 463 1172 464 1173 463 1178 458 411 462 1172 464 416 462 1174 462 1173 463 412 461 411 463 411 463 1174 462 411 462 1178 462 411 462 410 464 413 461 411 463 410 464 412 462 411 463 417 461 1173 463 1175 461 1173 463 1173 463 1172 464 1173 463 1175 461 1177 463 411 463 410 464 410 463 410 464 410 464 411 463 410 463 414 464 1173 463 1173 463 1174 462 1172 464 1175 461 1173 463 1175 461 1176 464 411 463 410 463 412 461 411 462 411 463 411 462 414 460 415 463 1174 462 1174 462 1173 463 1173 463 1174 462 1173 463 1173 463 1178 462 410 463 411 463 411 463 411 463 412 462 410 463 411 462 416 462 1173 463 1174 462 1174 462 1174 462 1173 463 1174 462 1173 463 1177 463 410 463 438 436 410 463 412 462 410 463 411 463 412 461 416 462 1174 462 1174 462 1175 461 1173 463 1174 462 1173 463 1174 462 1179 461 1175 461 1174 462 411 463 412 462 1176 459 412 462 1174 461 415 463 411 462 411 463 1175 461 1174 462 411 463 1175 460 412 462 1178 461 1176 460 411 463 412 461 412 462 1174 462 1174 462 1174 462 1179 461 412 461 1174 462 1174 462 1175 461 413 460 412 462 412 462 417 461 411 463 412 462 412 461 413 460 412 462 412 462 413 461 416 461 1176 461 1175 461 1174 462 1175 461 1174 462 1176 460 1174 461 1180 460 412 461 414 460 412 462 414 459 413 461 413 461 413 460 417 461 1176 459 1176 460 1177 459 1176 460 1175 460 1175 461 1176 437 1203 460 414 459 413 461 413 460 413 437 436 461 413 438 437 437 440 461 1176 437 1198 438 1198 438 1198 461 1175 461 1177 459 1177 436 1203 437 1201 458 1175 438 436 438 436 438 437 436 437 437 436 437 441 437 438 436 436 438 1198 438 1200 436 1199 437 1199 437 1199 437 1203 436,3353 1244 389 1244 389 472 389 472 389 472 389 472 389 472 389 472 389 472 389 472 389 472 389 472 389 472 389 1244 389 472 389 472 389 472 389 472 389 472 389 472 389 472 389 472 389 472 389 472 389 472 389 472 389 472 389 472 389 472 389 472 389 472 389 1244 389 472 389 1244 389 1244 389 1244 389 1244 389 1244 389 1244 389 472 389 1244 389 1244 389 1244 389 1244 389 1244 389 1244 389 1244 389 1244 389 1244 389 472 389 472 389 472 389 472 389 472 389 472 389 472 389 472 389 472 389 472 389 1244 389 1244 389 472 389 472 389 1244 389 1244 389 1244 389 1244 389 472 389 472 389 1244 389 1244 389 472 389 472 389 472 389 1244 389 472 389 472 389 1244 389 472 389 472 389 1244 389 1244 389 472 389 1244 389 1244 389 472 389 1244 389 1244 389 472 389 1244 389 1244 389 472 389 472 389 1244 389 472 389 472 389 472 389 472 389 472 389 1244 389 1244 389 472 389 1244 389 1244 389 1244 389 472 389 472 389 1244 389 1244 389 1244 389 472 389 1244 389 472 389 1244 389 1244 389 472 389 472 389 472 389 1244 389 472 389 1244 389 472 389 472 389 472 389 472 389 472 389 472 389 472 389 472 389 1244 389 1244 389 1244 389 1244 389 1244 389 1244 389 1244 389 1244 389 472 389 472 389 472 389 472 389 472 389 472 389 472 389 472 389 1244 389 1244 389 1244 389 1244 389 1244 389 1244 389 1244 389 1244 389 472 389 472 389 472 389 472 389 472 389 472 389 472 389 472 389 1244 389 1244 389 1244 389 1244 389 1244 389 1244 389 1244 389 1244 389 472 389 472 389 472 389 472 389 472 389 472 389 472 389 472 389 1244 389 1244 389 1244 389 1244 389 1244 389 1244 389 1244 389 1244 389 472 389 472 389 472 389 472 389 472 389 472 389 472 389 472 389 1244 389 1244 389 1244 389 1244 389 1244 389 1244 389 1244 389 1244 389 1244 389 1244 389 472 389 472 389 1244 389 472 389 1244 389 472 389 472 389 472 389 1244 389 1244 389 472 389 1244 389 472 389 1244 389 1244 389 472 389 472 389 472 389 1244 389 1244 389 1244 389 1244 389 472 389 1244 389 1244 389 1244 389 472 389 472 389 472 389 472 389 472 389 472 389 472 389 472 389 472 389 472 389 472 389 472 389 1244 389 1244 389 1244 389 1244 389 1244 389 1244 389 1244 389 1244 389 472 389 472 389 472 389 472 389 472 389 472 389 472 389 472 389 1244 389 1244 124,3285 1320 311 1320 330 516 420 443 431 438 388 463 329 531 431 437 428 440 357 491 413 449 433 435 422 448 311 1319 355 491 420 445 425 443 387 464 329 531 434 434 427 441 358 490 386 476 434 434 395 474 312 533 423 443 424 444 359 490 355 505 434 436 425 1208 392 475 358 1274 358 1274 359 1272 388 1242 421 1212 398 1233 393 475 359 1273 386 1245 418 1214 393 1237 421 1211 420 1212 419 1212 421 1213 415 1218 386 476 427 443 360 507 312 532 390 477 390 476 359 491 381 481 394 476 382 484 311 1320 356 1279 308 539 356 505 389 1244 387 1246 386 1247 382 1250 381 482 388 481 360 1272 385 1246 388 478 357 492 385 479 387 1245 386 481 387 480 311 1319 358 492 415 448 389 1243 389 1243 386 481 418 1214 388 1243 391 478 384 1246 419 1213 421 445 333 1301 357 1275 358 492 352 509 414 1220 411 453 417 452 355 494 380 481 388 480 387 1267 365 1267 362 484 356 1297 360 1272 364 1267 365 480 357 492 379 1271 356 1275 333 1299 333 535 360 1271 361 506 362 1270 359 1272 359 510 359 488 353 512 358 1273 358 509 360 1272 357 511 357 512 329 514 356 511 357 512 353 515 328 515 355 513 355 1278 350 1305 324 1307 324 1308 323 1308 323 1309 323 1309 323 1308 323 545 323 545 323 521 323 544 323 545 323 545 323 521 322 545 323 1308 323 1309 323 1309 322 1309 322 1310 323 1309 322 1310 322 1333 323 520 323 545 322 546 323 545 298 545 322 545 323 546 323 520 323 1309 322 1310 322 1334 298 1333 322 1310 322 1309 322 1309 323 1309 322 546 321 523 322 544 322 547 322 545 299 544 322 546 323 545 323 1310 322 1309 322 1310 321 1310 322 1309 322 1311 321 1309 322 1310 322 546 322 546 321 546 298 546 322 546 322 545 297 571 297 547 321 1334 297 1335 297 1335 296 1335 274 1357 274 1358 297 1334 298 1335 297 1334 297 1359 273 570 273 595 274 1358 273 594 275 1357 273 595 273 570 273 595 274 1358 273 1358 273 595 273 1360 272 595 273 1360 272 1359 272 595 272 572 272 599 269 1384 247 1384 248 1384 247 1383 248 622 247 1384 247 1385 246 1385 247 621 247 621 245 598 246 622 247 621 247 621 221 622 246 622 247 621 245 623 221 622 246 623 245 1411 221 1410 221 1411 220 1411 220 1412 219 1413 219 1438 168 1463 168 701 167 701 168 674 193 676 167 701 167 701 167 676 166 727 141 1491 141,3272 1322 311 1322 311 529 311 529 311 529 311 529 311 529 311 529 311 529 311 529 311 529 311 529 311 529 311 1322 311 529 311 529 311 529 311 529 311 529 311 529 311 529 311 529 311 529 311 529 311 529 311 529 311 529 311 529 311 529 311 529 311 529 311 1322 311 529 311 1322 311 1322 311 1322 311 1322 311 1322 311 1322 311 529 311 1322 311 1322 311 1322 311 1322 311 1322 311 1322 311 1322 311 1322 311 1322 311 529 311 529 311 529 311 529 311 529 311 529 311 529 311 529 311 529 311 529 311 1322 311 1322 311 529 311 529 311 1322 311 1322 311 1322 311 1322 311 529 311 529 311 1322 311 1322 311 529 311 529 311 529 311 1322 311 529 311 529 311 1322 311 529 311 529 311 1322 311 1322 311 529 311 1322 311 1322 311 529 311 1322 311 1322 311 529 311 1322 311 1322 311 529 311 529 311 1322 311 529 311 529 311 529 311 529 311 529 311 1322 311 1322 311 529 311 1322 311 1322 311 1322 311 529 311 529 311 1322 311 1322 311 1322 311 529 311 1322 311 529 311 1322 311 1322 311 529 311 529 311 529 311 1322 311 529 311 1322 311 529 311 529 311 529 311 529 311 529 311 529 311 529 311 529 311 1322 311 1322 311 1322 311 1322 311 1322 311 1322 311 1322 311 1322 311 529 311 529 311 529 311 529 311 529 311 529 311 529 311 529 311 1322 311 1322 311 1322 311 1322 311 1322 311 1322 311 1322 311 1322 311 529 311 529 311 529 311 529 311 529 311 529 311 529 311 529 311 1322 311 1322 311 1322 311 1322 311 1322 311 1322 311 1322 311 1322 311 529 311 529 311 529 311 529 311 529 311 529 311 529 311 529 311 1322 311 1322 311 1322 311 1322 311 1322 311 1322 311 1322 311 1322 311 529 311 529 311 529 311 529 311 529 311 529 311 529 311 529 311 1322 311 1322 311 1322 311 1322 311 1322 311 1322 311 1322 311 1322 311 1322 311 1322 311 529 311 529 311 1322 311 529 311 1322 311 529 311 529 311 529 311 1322 311 1322 311 529 311 1322 311 529 311 1322 311 1322 311 529 311 529 311 529 311 1322 311 1322 311 1322 311 1322 311 529 311 1322 311 1322 311 1322 311 529 311 529 311 529 311 529 311 529 311 529 311 529 311 529 311 529 311 529 311 529 311 529 311 1322 311 1322 311 1322 311 1322 311 1322 311 1322 311 1322 154 1322 154 529 154 529 154 529 311 529 154 529 154 529 154 529 154 529 128 1322 128
Hitach_RAK-18QH8.ir,Heat_hi,HITACHI_AC296 128 bits 01100040bfff00cc33926d13ec807f00ff00ff00ff00ff00ff56a9f10e00ff00ff00ff03fc,1,True,learned fidelity_check (573 timings),UNKNOWN,False,,,,3297 1684 411 1224 412 461 413 462 412 460 413 461 413 461 413 463 411 466 412 461 412 461 413 461 413 461 413 1223 413 461 412 465 409 466 412 461 412 462 467 406 412 461 413 462 467 407 466 406 412 465 467 406 468 406 468 406 468 405 468 408 466 406 467 1168 412 493 440 1167 469 1168 468 1168 468 1167 468 1168 468 1168 468 407 466 1171 469 1167 469 1170 466 1168 468 1168 468 1168 468 1168 468 1168 468 1173 467 407 466 407 467 408 465 406 468 406 468 404 470 405 469 409 469 405 468 406 468 1168 468 1167 469 406 468 405 468 1166 470 1172 468 1166 470 1171 465 406 467 406 468 1168 468 1168 468 405 469 410 467 405 469 1167 469 406 468 405 469 1168 468 405 468 406 468 1173 467 1169 467 406 467 1169 467 1169 467 407 467 1169 467 1169 467 412 466 1167 469 1169 467 408 466 407 467 1169 467 408 465 408 466 411 466 407 467 409 465 1171 465 1169 467 406 467 1197 439 1171 465 1174 466 434 440 405 468 406 468 405 469 407 467 407 466 406 468 1172 468 1170 466 1168 468 1168 468 1167 469 1169 467 1167 469 1171 465 411 467 405 469 405 469 408 466 405 469 407 466 405 469 405 469 410 468 1168 468 1168 468 1168 468 1169 467 1169 467 1168 468 1169 467 1173 467 406 468 405 468 406 467 407 467 405 469 406 468 406 467 411 467 1169 467 1168 468 1168 468 1167 469 1168 468 1168 468 1169 467 1173 467 406 468 405 468 404 470 405 469 406 468 405 468 406 468 409 468 1168 468 1168 468 1169 467 1169 467 1168 468 1170 465 1169 467 1172 468 405 468 407 467 406 467 406 467 407 467 406 467 406 468 410 467 1168 468 1170 466 1168 468 1168 468 1169 467 1169 467 1168 468 1173 467 406 468 406 468 407 467 406 468 408 466 406 468 406 468 411 466 1170 466 1170 466 1168 468 1169 467 1169 467 1170 466 1169 467 1174 466 406 468 1169 467 1168 468 406 468 1168 468 406 468 1169 467 410 467 1170 466 407 467 406 468 1169 467 406 467 1169 467 407 466 1172 468 1170 466 409 465 407 467 407 466 1169 467 1170 466 1169 467 1173 467 407 466 1172 464 1171 465 1169 467 407 466 407 467 406 467 411 467 406 468 408 465 407 467 407 467 407 467 407 467 407 466 412 466 1169 467 1170 466 1170 466 1169 467 1169 467 1169 467 1170 466 1174 466 408 465 408 466 408 466 407 466 409 465 406 467 409 465 411 466 1170 466 1170 466 1170 466 1171 465 1170 466 1171 465 1170 466 1174 466 407 466 408 466 408 466 408 465 407 467 408 466 407 467 411 466 1169 467 1170 466 1170 466 1170 466 1171 465 1170 466 1170 466 1174 466 1170 466 1170 466 408 466 409 465 407 467 407 466 409 465 412 466 409 465 409 465 1171 465 1170 466 1171 465 1171 465 1171 465 1175 464,3297 1684 411 1224 412 461 413 462 412 460 413 461 413 461 413 463 411 466 412 461 412 461 413 461 413 461 413 1223 413 461 412 465 409 466 412 461 412 462 467 406 412 461 413 462 467 407 466 406 412 465 467 406 468 406 468 406 468 405 468 408 466 406 467 1168 412 493 440 1167 469 1168 468 1168 468 1167 468 1168 468 1168 468 407 466 1171 469 1167 469 1170 466 1168 468 1168 468 1168 468 1168 468 1168 468 1173 467 407 466 407 467 408 465 406 468 406 468 404 470 405 469 409 469 405 468 406 468 1168 468 1167 469 406 468 405 468 1166 470 1172 468 1166 470 1171 465 406 467 406 468 1168 468 1168 468 405 469 410 467 405 469 1167 469 406 468 405 469 1168 468 405 468 406 468 1173 467 1169 467 406 467 1169 467 1169 467 407 467 1169 467 1169 467 412 466 1167 469 1169 467 408 466 407 467 1169 467 408 465 408 466 411 466 407 467 409 465 1171 465 1169 467 406 467 1197 439 1171 465 1174 466 434 440 405 468 406 468 405 469 407 467 407 466 406 468 1172 468 1170 466 1168 468 1168 468 1167 469 1169 467 1167 469 1171 465 411 467 405 469 405 469 408 466 405 469 407 466 405 469 405 469 410 468 1168 468 1168 468 1168 468 1169 467 1169 467 1168 468 1169 467 1173 467 406 468 405 468 406 467 407 467 405 469 406 468 406 467 411 467 1169 467 1168 468 1168 468 1167 469 1168 468 1168 468 1169 467 1173 467 406 468 405 468 404 470 405 469 406 468 405 468 406 468 409 468 1168 468 1168 468 1169 467 1169 467 1168 468 1170 465 1169 467 1172 468 405 468 407 467 406 467 406 467 407 467 406 467 406 468 410 467 1168 468 1170 466 1168 468 1168 468 1169 467 1169 467 1168 468 1173 467 406 468 406 468 407 467 406 468 408 466 406 468 406 468 411 466 1170 466 1170 466 1168 468 1169 467 1169 467 1170 466 1169 467 1174 466 406 468 1169 467 1168 468 406 468 1168 468 406 468 1169 467 410 467 1170 466 407 467 406 468 1169 467 406 467 1169 467 407 466 1172 468 1170 466 409 465 407 467 407 466 1169 467 1170 466 1169 467 1173 467 407 466 1172 464 1171 465 1169 467 407 466 407 467 406 467 411 467 406 468 408 465 407 467 407 467 407 467 407 467 407 466 412 466 1169 467 1170 466 1170 466 1169 467 1169 467 1169 467 1170 466 1174 466 408 465 408 466 408 466 407 466 409 465 406 467 409 465 411 466 1170 466 1170 466 1170 466 1171 465 1170 466 1171 465 1170 466 1174 466 407 466 408 466 408 466 408 465 407 467 408 466 407 467 411 466 1169 467 1170 466 1170 466 1170 466 1171 465 1170 466 1170 466 1174 466 1170 466 1170 466 408 466 409 465 407 467 407 466 409 465 412 466 409 465 409 465 1171 465 1170 466 1171 465 1171 465 1171 465 1175 464,3257 1725 455 1178 395 468 363 505 416 452 416 458 443 447 420 448 363 506 414 459 444 431 416 466 363 505 416 1247 430 414 444 444 401 467 414 455 415 459 494 379 421 463 363 505 469 400 467 406 414 475 391 478 465 403 468 403 466 407 475 412 415 454 466 1196 431 439 439 1191 440 1217 432 1200 507 1123 484 1149 481 1150 482 382 444 1218 483 1148 484 1148 482 1149 452 1179 414 1243 463 1168 485 1147 484 1148 474 390 416 452 465 403 469 402 466 407 476 413 413 454 468 401 468 407 471 416 390 1271 475 1156 485 355 467 407 469 1186 441 1216 485 1146 484 1151 481 363 476 410 415 1246 473 1158 484 355 469 427 446 421 416 1245 483 356 468 408 462 1190 446 420 415 454 467 1195 480 1149 454 412 417 1244 468 1164 481 358 468 1193 481 1147 446 422 468 1166 509 1125 500 373 495 389 390 1244 502 364 470 403 496 394 443 425 441 428 474 1163 501 1132 506 381 444 1216 410 1195 510 1125 509 390 405 453 417 452 505 364 510 362 509 381 481 387 435 1199 507 1126 505 1129 502 1149 414 1216 438 1196 467 1165 469 1167 488 400 414 455 462 406 470 403 465 406 457 431 437 432 466 402 493 383 458 1190 437 1219 438 1194 443 1188 443 1190 444 1188 438 1218 410 1221 439 410 459 431 437 433 434 457 414 454 442 427 440 431 435 457 412 1220 439 1192 440 1192 438 1195 434 1199 432 1223 434 1197 440 1193 434 459 408 461 409 459 435 433 434 438 431 460 407 463 428 442 426 1229 402 1230 402 1230 402 1254 402 1229 403 1229 402 1229 402 1231 402 491 402 467 401 467 402 467 401 469 400 492 401 467 403 466 401 1231 402 1255 377 1254 403 1229 401 1230 402 1230 401 1232 400 1256 402 466 403 466 401 493 376 492 401 468 401 467 402 467 401 493 400 1232 401 1230 402 1230 401 1231 401 1255 377 1256 401 1230 401 1231 400 493 377 1256 376 1256 399 468 401 1232 399 493 376 1256 377 492 401 1256 375 470 399 493 376 1281 374 470 400 1255 376 493 376 1256 376 1281 376 492 353 516 375 493 352 1280 376 1281 351 1281 352 1279 352 517 358 1299 350 1282 351 1281 351 516 353 516 351 542 351 518 353 516 351 518 352 541 350 519 352 517 352 516 352 517 351 543 351 1306 327 1280 351 1281 350 1305 327 1305 350 1307 326 1306 326 1305 326 543 325 569 324 544 327 542 326 543 326 542 325 569 325 543 327 1305 326 1306 325 1332 299 1333 324 1333 299 1332 300 1332 298 1334 299 595 298 570 299 569 300 570 298 570 298 595 299 571 298 570 299 1358 273 1385 247 1385 271 1361 271 1360 271 1386 247 1384 246 1439 193 1438 193 1438 194 701 167 1623 140 701 167,3244 1243 401 1243 401 470 401 470 401 470 401 470 401 470 401 470 401 470 401 470 401 470 401 470 401 470 401 1243 401 470 401 470 401 470 401 470 401 470 401 470 401 470 401 470 401 470 401 470 401 470 401 470 401 470 401 470 401 470 401 470 401 470 401 1243 401 470 401 1243 401 1243 401 1243 401 1243 401 1243 401 1243 401 470 401 1243 401 1243 401 1243 401 1243 401 1243 401 1243 401 1243 401 1243 401 1243 401 470 401 470 401 470 401 470 401 470 401 470 401 470 401 470 401 470 401 470 401 1243 401 1243 401 470 401 470 401 1243 401 1243 401 1243 401 1243 401 470 401 470 401 1243 401 1243 401 470 401 470 401 470 401 1243 401 470 401 470 401 1243 401 470 401 470 401 1243 401 1243 401 470 401 1243 401 1243 401 470 401 1243 401 1243 401 470 401 1243 401 1243 401 470 401 470 401 1243 401 470 401 470 401 470 401 470 401 470 401 1243 401 1243 401 470 401 1243 401 1243 401 1243 401 470 401 470 401 470 401 470 401 470 401 470 401 470 401 1243 401 1243 401 1243 401 1243 401 1243 401 1243 401 1243 401 1243 401 470 401 470 401 470 401 470 401 470 401 470 401 470 401 470 401 470 401 1243 401 1243 401 1243 401 1243 401 1243 401 1243 401 1243 401 1243 401 470 401 470 401 470 401 470 401 470 401 470 401 470 401 470 401 1243 401 1243 401 1243 401 1243 401 1243 401 1243 401 1243 401 1243 401 470 401 470 401 470 401 470 401 470 401 470 401 470 401 470 401 1243 401 1243 401 1243 401 1243 401 1243 401 1243 401 1243 401 1243 401 470 401 470 401 470 401 470 401 470 401 470 401 470 401 470 401 1243 401 1243 401 1243 401 1243 401 1243 401 1243 401 1243 401 1243 401 470 401 470 401 470 401 470 401 470 401 470 401 470 401 470 401 1243 401 1243 401 1243 401 1243 401 1243 401 1243 401 1243 401 1243 401 470 401 1243 401 1243 401 470 401 1243 401 470 401 1243 401 470 401 1243 401 470 401 470 401 1243 401 470 401 1243 401 470 401 1243 401 1243 401 470 401 470 401 470 401 1243 401 1243 401 1243 401 1243 401 470 401 1243 401 1243 401 1243 401 470 401 470 401 470 401 470 401 470 401 470 401 470 401 470 401 470 401 470 401 470 401 470 401 1243 401 1243 401 1243 401 1243 401 1243 401 1243 401 1243 401 1243 401 470 401 470 401 470 401 470 401 470 401 470 401 470 401 470 401 1243 401 1243 401 1243 401 1243 401 1243 401 1243 401 1243 401 1243 401 470 401 470 401 470 401 470 401 470 401 470 401 470 401 470 401 1243 401 1243 401 1243 401 1243 401 1243 401 1243 401 1243 401 1243 180 1243 180 1243 180 714 154 1243 127 714 154
Hitach_RAK-18QH8.ir,Heat_hi,HITACHI_AC296 128 bits 01100040bfff00cc33926d13ec807f00ff00ff00ff00ff00ff56a9f10e00ff00ff00ff03fc,2,True,learned fidelity_check (521 timings),UNKNOWN,False,,,,3297 1684 411 1224 412 461 413 462 412 460 413 461 413 461 413 463 411 466 412 461 412 461 413 461 413 461 413 1223 413 461 412 465 409 466 412 461 412 462 467 406 412 461 413 462 467 407 466 406 412 465 467 406 468 406 468 406 468 405 468 408 466 406 467 1168 412 493 440 1167 469 1168 468 1168 468 1167 468 1168 468 1168 468 407 466 1171 469 1167 469 1170 466 1168 468 1168 468 1168 468 1168 468 1168 468 1173 467 407 466 407 467 408 465 406 468 406 468 404 470 405 469 409 469 405 468 406 468 1168 468 1167 469 406 468 405 468 1166 470 1172 468 1166 470 1171 465 406 467 406 468 1168 468 1168 468 405 469 410 467 405 469 1167 469 406 468 405 469 1168 468 405 468 406 468 1173 467 1169 467 406 467 1169 467 1169 467 407 467 1169 467 1169 467 412 466 1167 469 1169 467 408 466 407 467 1169 467 408 465 408 466 411 466 407 467 409 465 1171 465 1169 467 406 467 1197 439 1171 465 1174 466 434 440 405 468 406 468 405 469 407 467 407 466 406 468 1172 468 1170 466 1168 468 1168 468 1167 469 1169 467 1167 469 1171 465 411 467 405 469 405 469 408 466 405 469 407 466 405 469 405 469 410 468 1168 468 1168 468 1168 468 1169 467 1169 467 1168 468 1169 467 1173 467 406 468 405 468 406 467 407 467 405 469 406 468 406 467 411 467 1169 467 1168 468 1168 468 1167 469 1168 468 1168 468 1169 467 1173 467 406 468 405 468 404 470 405 469 406 468 405 468 406 468 409 468 1168 468 1168 468 1169 467 1169 467 1168 468 1170 465 1169 467 1172 468 405 468 407 467 406 467 406 467 407 467 406 467 406 468 410 467 1168 468 1170 466 1168 468 1168 468 1169 467 1169 467 1168 468 1173 467 406 468 406 468 407 467 406 468 408 466 406 468 406 468 411 466 1170 466 1170 466 1168 468 1169 467 1169 467 1170 466 1169 467 1174 466 406 468 1169 467 1168 468 406 468 1168 468 406 468 1169 467 410 467 1170 466 407 467 406 468 1169 467 406 467 1169 467 407 466 1172 468 1170 466 409 465 407 467 407 466 1169 467 1170 466 1169 467 1173 467 407 466 1172 464 1171 465 1169 467 407 466 407 467 406 467 411 467 406 468 408 465 407 467 407 467 407 467 407 467 407 466 412 466 1169 467 1170 466 1170 466 1169 467 1169 467 1169 467 1170 466 1174 466 408 465 408 466 408 466 407 466 409 465 406 467 409 465 411 466 1170 466 1170 466 1170 466 1171 465 1170 466 1171 465 1170 466 1174 466 407 466 408 466 408 466 408 465 407 467 408 466 407 467 411 466 1169 467 1170 466 1170 466 1170 466 1171 465 1170 466 1170 466 1174 466 1170 466 1170 466 408 466 409 465 407 467 407 466 409 465 412 466 409 465 409 465 1171 465 1170 466 1171 465 1171 465 1171 465 1175 464,3244 1243 401 1243 401 470 401 470 401 470 401 470 401 470 401 470 401 470 401 470 401 470 401 470 401 470 401 1243 401 470 401 470 401 470 401 470 401 470 401 470 401 470 401 470 401 470 401 470 401 470 401 470 401 470 401 470 401 470 401 470 401 470 401 1243 401 470 401 1243 401 1243 401 1243 401 1243 401 1243 401 1243 401 470 401 1243 401 1243 401 1243 401 1243 401 1243 401 1243 401 1243 401 1243 401 1243 401 470 401 470 401 470 401 470 401 470 401 470 401 470 401 470 401 470 401 470 401 1243 401 1243 401 470 401 470 401 1243 401 1243 401 1243 401 1243 401 470 401 470 401 1243 401 1243 401 470 401 470 401 470 401 1243 401 470 401 470 401 1243 401 470 401 470 401 1243 401 1243 401 470 401 1243 401 1243 401 470 401 1243 401 1243 401 470 401 1243 401 1243 401 470 401 470 401 1243 401 470 401 470 401 470 401 470 401 470 401 1243 401 1243 401 470 401 1243 401 1243 401 1243 401 470 401 470 401 470 401 470 401 470 401 470 401 470 401 1243 401 1243 401 1243 401 1243 401 1243 401 1243 401 1243 401 1243 401 470 401 470 401 470 401 470 401 470 401 470 401 470 401 470 401 470 401 1243 401 1243 401 1243 401 1243 401 1243 401 1243 401 1243 401 1243 401 470 401 470 401 470 401 470 401 470 401 470 401 470 401 470 401 1243 401 1243 401 1243 401 1243 401 1243 401 1243 401 1243 401 1243 401 470 401 470 401 470 401 470 401 470 401 470 401 470 401 470 401 1243 401 1243 401 1243 401 1243 401 1243 401 1243 401 1243 401 1243 401 470 401 470 401 470 401 470 401 470 401 470 401 470 401 470 401 1243 401 1243 401 1243 401 1243 401 1243 401 1243 401 1243 401 1243 401 470 401 470 401 470 401 470 401 470 401 470 401 470 401 470 401 1243 401 1243 401 1243 401 1243 401 1243 401 1243 401 1243 401 1243 401 470 401 1243 401 1243 401 470 401 1243 401 470 401 1243 401 470 401 1243 401 470 401 470 401 1243 401 470 401 1243 401 470 401 1243 401 1243 401 470 401 470 401 470 401 1243 401 1243 401 1243 401 1243 401 470 401 1243 401 1243 401 1243 401 470 401 470 401 470 401 470 401 470 401 470 401 470 401 470 401 470 401 470 401 470 401 470 401 1243 401 1243 401 1243 401 1243 401 1243 401 1243 401 1243 401 1243 401 470 401 470 401 470 401 470 401 470 401 470 401 470 401 470 401 1243 401 1243 401 1243 401 1243 401 1243 401 1243 401 1243 401 1243 401 470 401 470 401 470 401 470 401 470 401 470 401 470 401 470 401 1243 401 1243 401 1243 401 1243 401 1243 401 1243 401 1243 401 1243 180 1243 180 1243 180 714 154 1243 127 714 154,3196 1302 433 1202 334 532 336 535 382 489 444 427 452 433 433 435 431 438 431 437 426 442 398 471 365 504 359 1300 388 478 428 440 429 440 395 473 364 506 336 535 407 463 450 422 451 434 434 434 427 442 428 440 399 470 389 479 337 534 382 488 409 462 454 1198 390 477 388 1271 434 1198 363 1295 434 1197 366 1272 452 1199 391 475 368 1292 433 1198 366 1273 451 1199 392 1246 450 1201 419 1218 444 1209 393 1242 411 458 454 434 436 431 436 434 420 449 419 450 364 504 336 532 380 491 403 467 444 1210 390 1245 410 459 454 418 451 1199 361 1277 453 1197 363 1275 454 432 433 435 435 1199 336 1319 433 438 387 482 387 481 387 1250 449 421 450 434 433 1201 337 532 379 492 405 1250 387 1246 402 469 405 1248 388 1247 405 466 405 1247 420 1216 404 467 407 1243 391 1247 409 478 418 449 392 1242 359 510 381 490 379 491 407 481 390 478 393 1262 360 1273 390 481 385 1269 334 1299 387 1269 360 488 381 490 379 509 389 480 388 481 384 507 361 508 361 1271 359 1298 362 1270 359 1298 359 1273 357 1300 360 1273 357 1300 359 509 360 508 359 510 357 512 356 512 356 514 356 514 379 513 355 513 356 1278 352 1303 352 1305 325 1308 349 1307 324 1309 349 1307 324 1309 350 519 348 521 347 545 324 545 323 545 324 544 325 544 324 544 348 1309 323 1309 325 1333 324 1307 325 1308 348 1309 323 1309 349 1308 323 545 324 545 348 521 348 521 348 544 323 546 323 545 323 546 322 1310 349 1308 323 1309 348 1309 322 1310 348 1310 322 1309 347 1311 322 546 322 546 323 545 323 545 324 545 347 522 348 522 346 546 323 1309 323 1334 323 1310 322 1334 324 1309 321 1335 323 1334 297 1335 323 546 323 546 322 546 322 548 321 546 322 547 322 546 322 547 322 1359 298 1334 298 1334 299 1358 298 1334 300 1357 298 1334 300 1357 298 570 299 1334 299 1358 297 571 298 1360 274 594 274 1358 299 570 299 1358 273 595 274 595 297 1360 274 594 274 1360 296 570 299 1360 272 1360 297 570 299 595 274 594 274 1383 249 1384 273 1384 248 1384 273 596 272 1385 246 1386 273 1384 247 621 247 621 272 597 272 597 272 621 248 621 247 622 246 622 246 623 246 623 245 623 246 647 245 1387 246 1412 221 1410 246 1412 220 1412 245 1413 219 1437 220 1438 193 675 194 675 194 674 218 651 195 699 168 700 168 701 167 727 141 1491 167 1491 141 1516 141,3183 1321 336 1321 336 527 336 527 336 527 336 527 336 527 336 527 336 527 336 527 336 527 336 527 336 527 336 1321 336 527 336 527 336 527 336 527 336 527 336 527 336 527 336 527 336 527 336 527 336 527 336 527 336 527 336 527 336 527 336 527 336 527 336 1321 336 527 336 1321 336 1321 336 1321 336 1321 336 1321 336 1321 336 527 336 1321 336 1321 336 1321 336 1321 336 1321 336 1321 336 1321 336 1321 336 1321 336 527 336 527 336 527 336 527 336 527 336 527 336 527 336 527 336 527 336 527 336 1321 336 1321 336 527 336 527 336 1321 336 1321 336 1321 336 1321 336 527 336 527 336 1321 336 1321 336 527 336 527 336 527 336 1321 336 527 336 527 336 1321 336 527 336 527 336 1321 336 1321 336 527 336 1321 336 1321 336 527 336 1321 336 1321 336 527 336 1321 336 1321 336 527 336 527 336 1321 336 527 336 527 336 527 336 527 336 527 336 1321 336 1321 336 527 336 1321 336 1321 336 1321 336 527 336 527 336 527 336 527 336 527 336 527 336 527 336 1321 336 1321 336 1321 336 1321 336 1321 336 1321 336 1321 336 1321 336 527 336 527 336 527 336 527 336 527 336 527 336 527 336 527 336 527 336 1321 336 1321 336 1321 336 1321 336 1321 336 1321 336 1321 336 1321 336 527 336 527 336 527 336 527 336 527 336 527 336 527 336 527 336 1321 336 1321 336 1321 336 1321 336 1321 336 1321 336 1321 336 1321 336 527 336 527 336 527 336 527 336 527 336 527 336 527 336 527 336 1321 336 1321 336 1321 336 1321 336 1321 336 1321 336 1321 336 1321 336 527 336 527 336 527 336 527 336 527 336 527 336 527 336 527 336 1321 336 1321 336 1321 336 1321 336 1321 336 1321 336 1321 336 1321 336 527 336 527 336 527 336 527 336 527 336 527 336 527 336 527 336 1321 336 1321 336 1321 336 1321 336 1321 336 1321 336 1321 336 1321 336 527 336 1321 336 1321 336 527 336 1321 336 527 336 1321 336 527 336 1321 336 527 336 527 336 1321 336 527 336 1321 336 527 336 1321 336 1321 336 527 336 527 336 527 336 1321 336 1321 336 1321 336 1321 336 527 336 1321 336 1321 336 1321 336 527 336 527 336 527 336 527 336 527 336 527 336 527 336 527 336 527 336 527 336 527 336 527 336 1321 336 1321 336 1321 336 1321 336 1321 336 1321 336 1321 336 1321 336 527 336 527 336 527 336 527 336 527 155 527 155 527 155 527 128 1321 155 1321 128 1321 128
LG_SX122CL.ir,On,TCL112AC 70 bits 23cb26010024030f050000000050,1,True,learned fidelity_check (227 timings),TCL112AC 70 bits 23cb26010024030f050000000050,True,-24.1,18.1,55,3126 1586 542 1123 544 1124 543 346 540 344 542 344 541 1124 543 345 541 343 541 1124 543 1125 542 346 540 1124 542 346 540 346 516 1149 518 1150 517 369 516 1151 517 1148 518 369 517 370 516 1148 518 369 516 369 541 1125 543 342 542 344 542 345 541 346 540 371 515 371 515 371 514 370 514 371 515 371 515 371 515 371 515 371 515 370 515 371 514 371 515 372 515 1151 515 371 515 372 515 1151 515 372 514 372 515 1153 514 1153 515 371 515 372 514 370 514 372 514 372 514 372 514 1153 514 1153 514 1131 538 1127 539 347 539 346 540 346 540 345 540 1128 540 347 540 1126 540 346 540 345 541 345 541 345 541 345 541 345 541 343 541 345 541 345 541 345 541 345 541 345 541 344 541 343 541 344 542 344 542 345 541 345 541 344 542 343 541 344 542 345 541 344 542 345 541 345 541 345 541 344 540 345 541 345 541 345 541 345 541 345 541 345 541 343 541 345 541 345 541 345 541 345 541 345 541 345 541 344 541 1127 541 344 541 1127 541 345 541,3126 1586 542 1123 544 1124 543 346 540 344 542 344 541 1124 543 345 541 343 541 1124 543 1125 542 346 540 1124 542 346 540 346 516 1149 518 1150 517 369 516 1151 517 1148 518 369 517 370 516 1148 518 369 516 369 541 1125 543 342 542 344 542 345 541 346 540 371 515 371 515 371 514 370 514 371 515 371 515 371 515 371 515 371 515 370 515 371 514 371 515 372 515 1151 515 371 515 372 515 1151 515 372 514 372 515 1153 514 1153 515 371 515 372 514 370 514 372 514 372 514 372 514 1153 514 1153 514 1131 538 1127 539 347 539 346 540 346 540 345 540 1128 540 347 540 1126 540 346 540 345 541 345 541 345 541 345 541 345 541 343 541 345 541 345 541 345 541 345 541 345 541 344 541 343 541 344 542 344 542 345 541 345 541 344 542 343 541 344 542 345 541 344 542 345 541 345 541 345 541 344 540 345 541 345 541 345 541 345 541 345 541 345 541 343 541 345 541 345 541 345 541 345 541 345 541 345 541 344 541 1127 541 344 541 1127 541 345 541,3120 1589 491 1194 516 1139 517 355 576 313 577 318 519 1169 488 377 517 353 589 1094 517 1169 465 400 518 1170 464 400 518 356 520 1159 500 1188 534 330 501 1163 559 1124 533 330 521 374 497 1165 561 329 501 372 583 1096 470 401 589 303 549 347 494 379 576 339 493 401 511 362 522 368 463 433 539 332 518 373 467 428 539 331 520 373 442 453 538 330 521 373 467 1195 554 336 443 452 538 1122 488 404 538 335 546 1137 468 1189 548 345 496 379 558 329 493 402 504 370 551 338 493 1173 558 1120 466 1169 546 1133 519 350 585 308 469 409 536 349 588 1097 520 350 577 1104 521 351 549 342 516 378 522 349 573 320 516 378 522 348 546 348 495 382 538 348 547 348 493 401 520 349 546 348 499 375 540 349 547 348 498 378 541 346 546 349 526 347 542 348 542 352 521 354 577 311 572 323 468 406 578 310 545 350 495 379 572 317 543 352 494 380 543 346 516 377 520 354 568 323 515 379 518 355 541 349 541 353 517 1165 518 353 493 1188 519 353 492,3107 1602 508 1178 508 1178 508 365 508 365 508 365 508 1178 508 365 508 365 508 1178 508 1178 508 365 508 1178 508 365 508 365 508 1178 508 1178 508 365 508 1178 508 1178 508 365 508 365 508 1178 508 365 508 365 508 1178 508 365 508 365 508 365 508 365 508 365 508 365 508 365 508 365 508 365 508 365 508 365 508 365 508 365 508 365 508 365 508 365 508 365 508 1178 508 365 508 365 508 1178 508 365 508 365 508 1178 508 1178 508 365 508 365 508 365 508 365 508 365 508 365 508 1178 508 1178 508 1178 508 1178 508 365 508 365 508 365 508 365 508 1178 508 365 508 1178 508 365 508 365 508 365 508 365 508 365 508 365 508 365 508 365 508 365 508 365 508 365 508 365 508 365 508 365 508 365 508 365 508 365 508 365 508 365 508 365 508 365 508 365 508 365 508 365 508 365 508 365 508 365 508 365 508 365 508 365 508 365 508 365 508 365 508 365 508 365 508 365 508 365 508 365 508 365 508 365 508 365 508 1178 508 365 508 1178 508 365 508
LG_SX122CL.ir,On,TCL112AC 70 bits 23cb26010024030f050000000050,2,True,learned fidelity_check (227 timings),TCL112AC 70 bits 23cb26010024030f050000000050,True,11.2,-6.7,104,3126 1586 542 1123 544 1124 543 346 540 344 542 344 541 1124 543 345 541 343 541 1124 543 1125 542 346 540 1124 542 346 540 346 516 1149 518 1150 517 369 516 1151 517 1148 518 369 517 370 516 1148 518 369 516 369 541 1125 543 342 542 344 542 345 541 346 540 371 515 371 515 371 514 370 514 371 515 371 515 371 515 371 515 371 515 370 515 371 514 371 515 372 515 1151 515 371 515 372 515 1151 515 372 514 372 515 1153 514 1153 515 371 515 372 514 370 514 372 514 372 514 372 514 1153 514 1153 514 1131 538 1127 539 347 539 346 540 346 540 345 540 1128 540 347 540 1126 540 346 540 345 541 345 541 345 541 345 541 345 541 343 541 345 541 345 541 345 541 345 541 345 541 344 541 343 541 344 542 344 542 345 541 345 541 344 542 343 541 344 542 345 541 344 542 345 541 345 541 345 541 344 540 345 541 345 541 345 541 345 541 345 541 345 541 343 541 345 541 345 541 345 541 345 541 345 541 345 541 344 541 1127 541 344 541 1127 541 345 541,3107 1602 508 1178 508 1178 508 365 508 365 508 365 508 1178 508 365 508 365 508 1178 508 1178 508 365 508 1178 508 365 508 365 508 1178 508 1178 508 365 508 1178 508 1178 508 365 508 365 508 1178 508 365 508 365 508 1178 508 365 508 365 508 365 508 365 508 365 508 365 508 365 508 365 508 365 508 365 508 365 508 365 508 365 508 365 508 365 508 365 508 365 508 1178 508 365 508 365 508 1178 508 365 508 365 508 1178 508 1178 508 365 508 365 508 365 508 365 508 365 508 365 508 1178 508 1178 508 1178 508 1178 508 365 508 365 508 365 508 365 508 1178 508 365 508 1178 508 365 508 365 508 365 508 365 508 365 508 365 508 365 508 365 508 365 508 365 508 365 508 365 508 365 508 365 508 365 508 365 508 365 508 365 508 365 508 365 508 365 508 365 508 365 508 365 508 365 508 365 508 365 508 365 508 365 508 365 508 365 508 365 508 365 508 365 508 365 508 365 508 365 508 365 508 365 508 365 508 365 508 1178 508 365 508 1178 508 365 508,3045 1693 487 1197 524 1160 557 288 583 303 566 303 535 1181 412 424 468 405 519 1192 537 1147 534 329 565 1150 464 374 533 335 468 1247 483 1201 505 339 583 1126 532 1151 534 330 564 304 532 1183 413 425 467 406 548 1162 534 330 564 303 565 304 504 364 468 405 518 355 580 305 565 303 535 334 496 374 467 406 553 336 563 304 565 304 508 360 444 429 513 360 581 1126 533 330 542 326 509 1206 412 425 468 406 518 1192 533 1151 535 328 541 328 540 328 498 372 466 407 548 325 556 1148 533 1177 464 1219 464 1220 463 375 497 373 467 406 551 339 540 1148 530 333 541 1173 463 375 470 402 489 384 559 328 539 329 539 329 504 364 468 406 516 356 558 328 540 328 535 333 497 374 465 408 549 339 540 328 540 328 508 361 450 421 491 383 557 329 538 330 538 331 499 369 467 406 523 351 556 328 538 330 535 334 470 401 489 383 557 331 539 329 539 329 504 365 443 430 517 356 557 328 540 328 536 333 495 374 492 1197 518 353 557 1146 539 328 535,3032 1706 520 1190 520 1190 520 352 520 352 520 352 520 1190 520 352 520 352 520 1190 520 1190 520 352 520 1190 520 352 520 352 520 1190 520 1190 520 352 520 1190 520 1190 520 352 520 352 520 1190 520 352 520 352 520 1190 520 352 520 352 520 352 520 352 520 352 520 352 520 352 520 352 520 352 520 352 520 352 520 352 520 352 520 352 520 352 520 352 520 352 520 1190 520 352 520 352 520 1190 520 352 520 352 520 1190 520 1190 520 352 520 352 520 352 520 352 520 352 520 352 520 1190 520 1190 520 1190 520 1190 520 352 520 352 520 352 520 352 520 1190 520 352 520 1190 520 352 520 352 520 352 520 352 520 352 520 352 520 352 520 352 520 352 520 352 520 352 520 352 520 352 520 352 520 352 520 352 520 352 520 352 520 352 520 352 520 352 520 352 520 352 520 352 520 352 520 352 520 352 520 352 520 352 520 352 520 352 520 352 520 352 520 352 520 352 520 352 520 352 520 352 520 352 520 352 520 352 520 1190 520 352 520 1190 520 352 520
LG_SX122CL.ir,Off,TCL112AC 70 bits 23cb26010020030f05000000004c,1,True,learned fidelity_check (227 timings),TCL112AC 70 bits 23cb26010020030f05000000004c,True,-6.7,17.4,104,3160 1550 576 1092 576 1091 577 329 555 338 573 329 558 1065 601 329 557 329 556 1065 601 1066 575 338 547 1093 574 339 546 339 546 1095 573 1095 572 339 546 1096 572 1097 571 341 544 341 544 1124 544 342 543 342 543 1125 542 344 542 344 541 344 542 344 542 343 541 344 542 344 542 344 542 344 542 344 542 344 542 343 541 344 542 344 542 344 542 344 542 344 542 344 542 343 541 345 542 1126 542 343 541 345 541 1126 542 1126 542 344 542 344 542 344 542 343 541 344 542 345 541 1126 541 1126 541 1127 542 1127 541 343 542 345 541 344 542 345 542 1125 541 345 542 1127 541 343 542 345 541 345 541 345 541 345 541 345 541 345 541 343 541 345 541 345 541 345 541 345 541 345 541 345 541 344 541 345 541 345 541 345 541 345 541 345 541 345 541 344 540 345 541 345 541 345 541 345 541 345 541 344 541 345 541 345 541 345 541 346 540 345 541 344 540 345 541 346 540 345 541 345 541 345 540 1128 541 1126 541 345 541 346 541 1126 541 345 541,3160 1550 576 1092 576 1091 577 329 555 338 573 329 558 1065 601 329 557 329 556 1065 601 1066 575 338 547 1093 574 339 546 339 546 1095 573 1095 572 339 546 1096 572 1097 571 341 544 341 544 1124 544 342 543 342 543 1125 542 344 542 344 541 344 542 344 542 343 541 344 542 344 542 344 542 344 542 344 542 344 542 343 541 344 542 344 542 344 542 344 542 344 542 344 542 343 541 345 542 1126 542 343 541 345 541 1126 542 1126 542 344 542 344 542 344 542 343 541 344 542 345 541 1126 541 1126 541 1127 542 1127 541 343 542 345 541 344 542 345 542 1125 541 345 542 1127 541 343 542 345 541 345 541 345 541 345 541 345 541 345 541 343 541 345 541 345 541 345 541 345 541 345 541 345 541 344 541 345 541 345 541 345 541 345 541 345 541 345 541 344 540 345 541 345 541 345 541 345 541 345 541 344 541 345 541 345 541 345 541 346 540 345 541 344 540 345 541 346 540 345 541 345 541 345 540 1128 541 1126 541 345 541 346 541 1126 541 345 541,3093 1641 574 1109 583 1076 610 239 627 287 609 306 619 1017 518 399 617 230 625 1059 569 1088 580 310 618 1045 581 308 618 268 553 1119 612 1046 579 310 617 1046 574 1110 611 271 478 401 614 1098 490 352 609 274 592 1103 517 347 613 275 477 403 584 305 586 309 520 352 613 269 582 322 494 378 613 268 587 317 495 377 614 268 552 352 520 350 616 267 556 349 519 352 615 266 550 355 521 1168 488 376 519 351 614 1073 513 1171 513 350 470 404 580 309 613 275 501 377 613 269 588 1110 517 1167 522 1136 517 1140 517 347 617 268 522 364 539 348 617 1072 516 349 616 1071 515 350 616 267 555 350 519 353 613 268 580 324 519 354 611 271 548 355 520 351 614 268 551 354 519 351 615 268 553 351 521 349 616 267 551 354 520 351 614 268 552 352 520 351 614 269 524 364 537 348 615 270 548 356 520 348 615 271 522 365 537 348 592 301 539 357 520 348 592 301 490 389 537 348 593 301 514 365 537 1168 462 1196 517 346 543 352 519 1169 489 375 501,3080 1654 540 1122 540 1122 540 361 540 361 540 361 540 1122 540 361 540 361 540 1122 540 1122 540 361 540 1122 540 361 540 361 540 1122 540 1122 540 361 540 1122 540 1122 540 361 540 361 540 1122 540 361 540 361 540 1122 540 361 540 361 540 361 540 361 540 361 540 361 540 361 540 361 540 361 540 361 540 361 540 361 540 361 540 361 540 361 540 361 540 361 540 361 540 361 540 361 540 1122 540 361 540 361 540 1122 540 1122 540 361 540 361 540 361 540 361 540 361 540 361 540 1122 540 1122 540 1122 540 1122 540 361 540 361 540 361 540 361 540 1122 540 361 540 1122 540 361 540 361 540 361 540 361 540 361 540 361 540 361 540 361 540 361 540 361 540 361 540 361 540 361 540 361 540 361 540 361 540 361 540 361 540 361 540 361 540 361 540 361 540 361 540 361 540 361 540 361 540 361 540 361 540 361 540 361 540 361 540 361 540 361 540 361 540 361 540 361 540 361 540 361 540 361 540 1122 540 1122 540 361 540 361 540 1122 540 361 540
LG_SX122CL.ir,Off,TCL112AC 70 bits 23cb26010020030f05000000004c,2,True,learned fidelity_check (227 timings),TCL112AC 70 bits 23cb26010020030f05000000004c,True,-11.9,23.8,32,3160 1550 576 1092 576 1091 577 329 555 338 573 329 558 1065 601 329 557 329 556 1065 601 1066 575 338 547 1093 574 339 546 339 546 1095 573 1095 572 339 546 1096 572 1097 571 341 544 341 544 1124 544 342 543 342 543 1125 542 344 542 344 541 344 542 344 542 343 541 344 542 344 542 344 542 344 542 344 542 344 542 343 541 344 542 344 542 344 542 344 542 344 542 344 542 343 541 345 542 1126 542 343 541 345 541 1126 542 1126 542 344 542 344 542 344 542 343 541 344 542 345 541 1126 541 1126 541 1127 542 1127 541 343 542 345 541 344 542 345 542 1125 541 345 542 1127 541 343 542 345 541 345 541 345 541 345 541 345 541 345 541 343 541 345 541 345 541 345 541 345 541 345 541 345 541 344 541 345 541 345 541 345 541 345 541 345 541 345 541 344 540 345 541 345 541 345 541 345 541 345 541 344 541 345 541 345 541 345 541 346 540 345 541 344 540 345 541 346 540 345 541 345 541 345 540 1128 541 1126 541 345 541 346 541 1126 541 345 541,3080 1654 540 1122 540 1122 540 361 540 361 540 361 540 1122 540 361 540 361 540 1122 540 1122 540 361 540 1122 540 361 540 361 540 1122 540 1122 540 361 540 1122 540 1122 540 361 540 361 540 1122 540 361 540 361 540 1122 540 361 540 361 540 361 540 361 540 361 540 361 540 361 540 361 540 361 540 361 540 361 540 361 540 361 540 361 540 361 540 361 540 361 540 361 540 361 540 361 540 1122 540 361 540 361 540 1122 540 1122 540 361 540 361 540 361 540 361 540 361 540 361 540 1122 540 1122 540 1122 540 1122 540 361 540 361 540 361 540 361 540 1122 540 361 540 1122 540 361 540 361 540 361 540 361 540 361 540 361 540 361 540 361 540 361 540 361 540 361 540 361 540 361 540 361 540 361 540 361 540 361 540 361 540 361 540 361 540 361 540 361 540 361 540 361 540 361 540 361 540 361 540 361 540 361 540 361 540 361 540 361 540 361 540 361 540 361 540 361 540 361 540 361 540 361 540 1122 540 1122 540 361 540 361 540 1122 540 361 540,3098 1630 546 1112 519 1164 491 373 576 324 612 283 541 1168 528 335 539 357 617 1072 518 1139 542 347 471 1219 438 425 617 278 579 1110 523 1161 525 338 541 1148 517 1141 519 353 538 374 469 1220 460 403 618 278 548 1140 519 370 470 425 583 316 611 287 539 374 471 424 577 320 615 283 541 374 470 424 571 326 616 282 542 374 469 425 542 354 617 280 543 375 494 400 540 355 617 280 545 1141 518 372 470 425 584 1104 519 1139 518 372 520 375 513 381 618 276 584 338 521 373 489 1200 487 1171 519 1139 518 1140 518 371 470 425 546 350 616 281 543 1142 518 372 513 1176 487 379 613 285 541 373 471 424 574 324 615 281 542 374 470 425 545 351 616 282 543 373 494 400 542 354 617 280 544 374 496 398 539 356 618 278 549 370 521 374 514 381 617 278 581 340 520 374 489 406 614 281 586 335 520 374 470 424 586 314 609 308 520 374 470 424 579 320 613 284 541 373 471 424 573 324 615 283 541 1169 530 1127 466 398 584 314 611 1074 517 374 493,3085 1643 528 1154 528 1154 528 383 528 383 528 383 528 1154 528 383 528 383 528 1154 528 1154 528 383 528 1154 528 383 528 383 528 1154 528 1154 528 383 528 1154 528 1154 528 383 528 383 528 1154 528 383 528 383 528 1154 528 383 528 383 528 383 528 383 528 383 528 383 528 383 528 383 528 383 528 383 528 383 528 383 528 383 528 383 528 383 528 383 528 383 528 383 528 383 528 383 528 1154 528 383 528 383 528 1154 528 1154 528 383 528 383 528 383 528 383 528 383 528 383 528 1154 528 1154 528 1154 528 1154 528 383 528 383 528 383 528 383 528 1154 528 383 528 1154 528 383 528 383 528 383 528 383 528 383 528 383 528 383 528 383 528 383 528 383 528 383 528 383 528 383 528 383 528 383 528 383 528 383 528 383 528 383 528 383 528 383 528 383 528 383 528 383 528 383 528 383 528 383 528 383 528 383 528 383 528 383 528 383 528 383 528 383 528 383 528 383 528 383 528 383 528 383 528 1154 528 1154 528 383 528 383 528 1154 528 383 528
LG_SX122CL.ir,Up,TEKNOPOINT 70 bits 23cb26010024030905000000004a,1,True,learned fidelity_check (227 timings),TCL112AC 70 bits 23cb26010024030905000000004a,False,-3.8,9.6,97,3185 1530 597 1067 575 1093 574 340 545 338 546 340 546 1094 573 338 545 341 545 1097 570 1098 570 341 543 1124 543 343 542 342 543 1126 542 1125 542 343 542 1125 542 1126 542 344 542 343 542 1126 542 344 542 345 541 1124 542 345 541 345 541 344 542 345 541 345 541 344 541 344 542 344 542 344 542 345 541 345 541 344 541 343 541 345 541 344 542 345 541 344 541 1126 542 345 541 344 541 1127 541 345 541 345 541 1126 541 1127 541 345 541 343 541 345 541 345 540 345 541 344 540 1127 540 345 541 344 541 1126 542 345 541 345 541 345 541 344 541 1126 542 344 541 1126 542 344 542 345 541 344 542 345 541 345 540 343 541 345 541 345 541 345 541 345 541 345 540 344 540 345 540 345 541 345 541 345 541 345 540 345 541 343 541 345 541 345 540 345 541 345 541 345 540 345 541 343 541 345 540 345 541 345 541 345 541 345 540 345 541 343 541 345 540 345 541 345 540 345 541 344 541 1127 541 345 540 1127 541 345 541 344 541 1127 541 345 541,3185 1530 597 1067 575 1093 574 340 545 338 546 340 546 1094 573 338 545 341 545 1097 570 1098 570 341 543 1124 543 343 542 342 543 1126 542 1125 542 343 542 1125 542 1126 542 344 542 343 542 1126 542 344 542 345 541 1124 542 345 541 345 541 344 542 345 541 345 541 344 541 344 542 344 542 344 542 345 541 345 541 344 541 343 541 345 541 344 542 345 541 344 541 1126 542 345 541 344 541 1127 541 345 541 345 541 1126 541 1127 541 345 541 343 541 345 541 345 540 345 541 344 540 1127 540 345 541 344 541 1126 542 345 541 345 541 345 541 344 541 1126 542 344 541 1126 542 344 542 345 541 344 542 345 541 345 540 343 541 345 541 345 541 345 541 345 541 345 540 344 540 345 540 345 541 345 541 345 541 345 540 345 541 343 541 345 541 345 540 345 541 345 541 345 540 345 541 343 541 345 540 345 541 345 541 345 541 345 540 345 541 343 541 345 540 345 541 345 540 345 541 344 541 1127 541 345 540 1127 541 345 541 344 541 1127 541 345 541,3123 1614 596 1087 571 1087 609 274 583 298 573 315 618 1046 608 274 625 267 522 1150 612 1046 611 271 625 1072 519 344 618 267 498 1201 518 1140 518 344 619 1071 518 1166 462 402 519 349 617 1072 516 349 615 268 582 1116 518 345 570 325 519 353 614 268 583 320 496 377 613 269 555 348 520 352 614 267 583 322 495 377 613 269 524 364 536 348 618 267 548 340 537 1168 461 403 519 351 615 1072 517 350 613 268 580 1119 518 1166 520 323 574 314 574 321 495 378 610 272 554 349 519 1170 460 403 520 349 616 1072 518 349 614 267 555 350 519 352 615 1071 516 351 614 1072 515 352 612 269 591 312 471 404 578 310 578 318 518 353 614 268 553 351 520 351 614 269 549 339 536 348 617 268 498 389 538 347 618 267 480 406 540 347 613 275 476 405 568 320 587 308 470 405 573 315 582 313 520 351 614 269 550 353 520 351 614 269 549 355 520 348 618 267 497 390 538 347 618 268 479 405 542 1167 438 408 538 1168 438 408 538 348 617 1071 518 347 616,3110 1627 540 1100 540 1100 540 360 540 360 540 360 540 1100 540 360 540 360 540 1100 540 1100 540 360 540 1100 540 360 540 360 540 1100 540 1100 540 360 540 1100 540 1100 540 360 540 360 540 1100 540 360 540 360 540 1100 540 360 540 360 540 360 540 360 540 360 540 360 540 360 540 360 540 360 540 360 540 360 540 360 540 360 540 360 540 360 540 360 540 360 540 1100 540 360 540 360 540 1100 540 360 540 360 540 1100 540 1100 540 360 540 360 540 360 540 360 540 360 540 360 540 1100 540 360 540 360 540 1100 540 360 540 360 540 360 540 360 540 1100 540 360 540 1100 540 360 540 360 540 360 540 360 540 360 540 360 540 360 540 360 540 360 540 360 540 360 540 360 540 360 540 360 540 360 540 360 540 360 540 360 540 360 540 360 540 360 540 360 540 360 540 360 540 360 540 360 540 360 540 360 540 360 540 360 540 360 540 360 540 360 540 360 540 360 540 360 540 360 540 360 540 1100 540 360 540 1100 540 360 540 360 540 1100 540 360 540
LG_SX122CL.ir,Up,TEKNOPOINT 70 bits 23cb26010024030905000000004a,2,True,learned fidelity_check (227 timings),TCL112AC 70 bits 23cb26010024030905000000004a,False,-14.3,13.5,80,3185 1530 597 1067 575 1093 574 340 545 338 546 340 546 1094 573 338 545 341 545 1097 570 1098 570 341 543 1124 543 343 542 342 543 1126 542 1125 542 343 542 1125 542 1126 542 344 542 343 542 1126 542 344 542 345 541 1124 542 345 541 345 541 344 542 345 541 345 541 344 541 344 542 344 542 344 542 345 541 345 541 344 541 343 541 345 541 344 542 345 541 344 541 1126 542 345 541 344 541 1127 541 345 541 345 541 1126 541 1127 541 345 541 343 541 345 541 345 540 345 541 344 540 1127 540 345 541 344 541 1126 542 345 541 345 541 345 541 344 541 1126 542 344 541 1126 542 344 542 345 541 344 542 345 541 345 540 343 541 345 541 345 541 345 541 345 541 345 540 344 540 345 540 345 541 345 541 345 541 345 540 345 541 343 541 345 541 345 540 345 541 345 541 345 540 345 541 343 541 345 540 345 541 345 541 345 541 345 540 345 541 343 541 345 540 345 541 345 540 345 541 344 541 1127 541 345 540 1127 541 345 541 344 541 1127 541 345 541,3110 1627 540 1100 540 1100 540 360 540 360 540 360 540 1100 540 360 540 360 540 1100 540 1100 540 360 540 1100 540 360 540 360 540 1100 540 1100 540 360 540 1100 540 1100 540 360 540 360 540 1100 540 360 540 360 540 1100 540 360 540 360 540 360 540 360 540 360 540 360 540 360 540 360 540 360 540 360 540 360 540 360 540 360 540 360 540 360 540 360 540 360 540 1100 540 360 540 360 540 1100 540 360 540 360 540 1100 540 1100 540 360 540 360 540 360 540 360 540 360 540 360 540 1100 540 360 540 360 540 1100 540 360 540 360 540 360 540 360 540 1100 540 360 540 1100 540 360 540 360 540 360 540 360 540 360 540 360 540 360 540 360 540 360 540 360 540 360 540 360 540 360 540 360 540 360 540 360 540 360 540 360 540 360 540 360 540 360 540 360 540 360 540 360 540 360 540 360 540 360 540 360 540 360 540 360 540 360 540 360 540 360 540 360 540 360 540 360 540 360 540 360 540 1100 540 360 540 1100 540 360 540 360 540 1100 540 360 540,3072 1694 546 1085 517 1141 492 371 545 350 617 278 576 1112 522 341 539 356 617 1045 517 1141 492 371 547 1116 518 355 538 373 470 1193 511 1121 542 348 520 1142 438 1193 518 354 539 374 519 1143 462 403 617 277 578 1110 524 339 540 355 619 274 592 315 536 374 470 425 541 353 618 277 586 336 520 373 471 424 543 352 618 276 582 340 520 374 471 424 545 351 616 1045 518 372 483 411 540 1123 519 353 539 373 519 1144 463 1168 519 354 537 375 469 425 540 354 619 275 589 318 536 1142 438 425 586 312 614 1046 537 352 470 425 575 322 615 280 545 1141 520 344 541 1121 519 354 538 374 494 400 514 380 615 280 615 287 540 374 493 402 538 356 618 275 615 289 540 373 470 425 540 354 619 275 588 335 520 374 470 424 543 352 618 277 582 339 521 373 470 425 545 350 617 278 576 344 521 374 469 425 572 325 616 278 547 373 520 374 469 426 576 320 616 280 544 374 520 375 487 407 581 1082 517 373 520 1142 439 424 616 279 614 1049 519 370 489,3059 1707 526 1136 526 1136 526 367 526 367 526 367 526 1136 526 367 526 367 526 1136 526 1136 526 367 526 1136 526 367 526 367 526 1136 526 1136 526 367 526 1136 526 1136 526 367 526 367 526 1136 526 367 526 367 526 1136 526 367 526 367 526 367 526 367 526 367 526 367 526 367 526 367 526 367 526 367 526 367 526 367 526 367 526 367 526 367 526 367 526 367 526 1136 526 367 526 367 526 1136 526 367 526 367 526 1136 526 1136 526 367 526 367 526 367 526 367 526 367 526 367 526 1136 526 367 526 367 526 1136 526 367 526 367 526 367 526 367 526 1136 526 367 526 1136 526 367 526 367 526 367 526 367 526 367 526 367 526 367 526 367 526 367 526 367 526 367 526 367 526 367 526 367 526 367 526 367 526 367 526 367 526 367 526 367 526 367 526 367 526 367 526 367 526 367 526 367 526 367 526 367 526 367 526 367 526 367 526 367 526 367 526 367 526 367 526 367 526 367 526 367 526 1136 526 367 526 1136 526 367 526 367 526 1136 526 367 526
LG_SX122CL.ir,Down,TCL112AC 70 bits 23cb26010024030d05000000004e,1,True,learned fidelity_check (227 timings),TCL112AC 70 bits 23cb26010024030d05000000004e,True,-16.3,24.0,86,3157 1554 574 1093 574 1095 573 340 546 338 546 341 545 1096 571 339 544 342 544 1097 570 1124 543 342 543 1125 543 344 542 343 542 1126 543 1125 543 343 542 1125 543 1126 542 344 542 344 541 1126 542 344 542 345 542 1125 542 344 542 345 541 344 542 345 541 345 541 343 541 344 541 345 541 345 541 344 542 345 541 345 541 343 541 344 542 344 541 344 541 344 541 1126 541 345 541 344 541 1126 542 344 541 345 541 1126 541 1126 542 345 541 343 541 345 541 345 541 344 541 344 541 1127 541 345 541 1126 541 1127 541 345 541 343 542 345 541 346 541 1127 541 344 541 1127 542 345 541 344 541 345 541 345 541 345 541 345 541 346 540 346 540 344 540 346 540 345 541 345 541 345 541 346 540 345 541 344 540 345 541 346 540 346 540 345 541 345 541 345 541 344 541 346 540 346 540 346 540 346 540 346 540 346 540 345 540 346 541 346 540 346 540 345 541 346 540 344 540 346 540 346 541 1128 540 1128 540 1128 540 347 540 345 541 1129 540 346 540,3157 1554 574 1093 574 1095 573 340 546 338 546 341 545 1096 571 339 544 342 544 1097 570 1124 543 342 543 1125 543 344 542 343 542 1126 543 1125 543 343 542 1125 543 1126 542 344 542 344 541 1126 542 344 542 345 542 1125 542 344 542 345 541 344 542 345 541 345 541 343 541 344 541 345 541 345 541 344 542 345 541 345 541 343 541 344 542 344 541 344 541 344 541 1126 541 345 541 344 541 1126 542 344 541 345 541 1126 541 1126 542 345 541 343 541 345 541 345 541 344 541 344 541 1127 541 345 541 1126 541 1127 541 345 541 343 542 345 541 346 541 1127 541 344 541 1127 542 345 541 344 541 345 541 345 541 345 541 345 541 346 540 346 540 344 540 346 540 345 541 345 541 345 541 346 540 345 541 344 540 345 541 346 540 346 540 345 541 345 541 345 541 344 541 346 540 346 540 346 540 346 540 346 540 346 540 345 540 346 541 346 540 346 540 345 541 346 540 344 540 346 540 346 541 1128 540 1128 540 1128 540 347 540 345 541 1129 540 346 540,3186 1556 538 1119 612 1046 548 343 617 265 588 299 512 1169 575 295 540 348 618 1044 610 1101 486 360 537 1169 487 377 494 377 614 1072 488 1196 519 344 470 1219 517 1141 517 346 618 267 523 1176 518 345 540 355 519 1170 486 377 519 354 610 273 582 319 495 379 584 305 543 353 519 350 616 267 550 338 537 351 615 267 551 337 537 347 619 266 499 387 540 347 617 1072 519 344 618 267 480 1219 519 344 470 406 540 1168 438 1220 518 345 514 362 539 348 618 267 497 388 540 347 617 1072 519 344 618 1072 518 1166 438 426 520 348 617 268 523 381 520 1169 485 378 520 1169 513 350 470 403 584 306 581 314 493 381 580 308 585 310 471 405 566 321 573 322 518 355 611 271 583 319 494 380 578 311 579 316 520 351 615 268 554 350 519 353 613 268 580 324 519 352 615 268 553 351 519 354 610 272 554 348 519 355 583 306 543 352 518 355 580 309 576 319 495 380 576 312 543 352 520 353 610 1100 523 1135 518 1140 517 348 616 268 523 1175 517 346 572,3173 1569 526 1179 526 1179 526 359 526 359 526 359 526 1179 526 359 526 359 526 1179 526 1179 526 359 526 1179 526 359 526 359 526 1179 526 1179 526 359 526 1179 526 1179 526 359 526 359 526 1179 526 359 526 359 526 1179 526 359 526 359 526 359 526 359 526 359 526 359 526 359 526 359 526 359 526 359 526 359 526 359 526 359 526 359 526 359 526 359 526 359 526 1179 526 359 526 359 526 1179 526 359 526 359 526 1179 526 1179 526 359 526 359 526 359 526 359 526 359 526 359 526 1179 526 359 526 1179 526 1179 526 359 526 359 526 359 526 359 526 1179 526 359 526 1179 526 359 526 359 526 359 526 359 526 359 526 359 526 359 526 359 526 359 526 359 526 359 526 359 526 359 526 359 526 359 526 359 526 359 526 359 526 359 526 359 526 359 526 359 526 359 526 359 526 359 526 359 526 359 526 359 526 359 526 359 526 359 526 359 526 359 526 359 526 359 526 359 526 359 526 359 526 1179 526 1179 526 1179 526 359 526 359 526 1179 526 359 526
LG_SX122CL.ir,Down,TCL112AC 70 bits 23cb26010024030d05000000004e,2,True,learned fidelity_check (227 timings),TCL112AC 70 bits 23cb26010024030d05000000004e,True,-19.1,28.4,50,3157 1554 574 1093 574 1095 573 340 546 338 546 341 545 1096 571 339 544 342 544 1097 570 1124 543 342 543 1125 543 344 542 343 542 1126 543 1125 543 343 542 1125 543 1126 542 344 542 344 541 1126 542 344 542 345 542 1125 542 344 542 345 541 344 542 345 541 345 541 343 541 344 541 345 541 345 541 344 542 345 541 345 541 343 541 344 542 344 541 344 541 344 541 1126 541 345 541 344 541 1126 542 344 541 345 541 1126 541 1126 542 345 541 343 541 345 541 345 541 344 541 344 541 1127 541 345 541 1126 541 1127 541 345 541 343 542 345 541 346 541 1127 541 344 541 1127 542 345 541 344 541 345 541 345 541 345 541 345 541 346 540 346 540 344 540 346 540 345 541 345 541 345 541 346 540 345 541 344 540 345 541 346 540 346 540 345 541 345 541 345 541 344 541 346 540 346 540 346 540 346 540 346 540 346 540 345 540 346 541 346 540 346 540 345 541 346 540 344 540 346 540 346 541 1128 540 1128 540 1128 540 347 540 345 541 1129 540 346 540,3173 1569 526 1179 526 1179 526 359 526 359 526 359 526 1179 526 359 526 359 526 1179 526 1179 526 359 526 1179 526 359 526 359 526 1179 526 1179 526 359 526 1179 526 1179 526 359 526 359 526 1179 526 359 526 359 526 1179 526 359 526 359 526 359 526 359 526 359 526 359 526 359 526 359 526 359 526 359 526 359 526 359 526 359 526 359 526 359 526 359 526 359 526 1179 526 359 526 359 526 1179 526 359 526 359 526 1179 526 1179 526 359 526 359 526 359 526 359 526 359 526 359 526 1179 526 359 526 1179 526 1179 526 359 526 359 526 359 526 359 526 1179 526 359 526 1179 526 359 526 359 526 359 526 359 526 359 526 359 526 359 526 359 526 359 526 359 526 359 526 359 526 359 526 359 526 359 526 359 526 359 526 359 526 359 526 359 526 359 526 359 526 359 526 359 526 359 526 359 526 359 526 359 526 359 526 359 526 359 526 359 526 359 526 359 526 359 526 359 526 359 526 359 526 1179 526 1179 526 1179 526 359 526 359 526 1179 526 359 526,3160 1606 527 1183 531 1179 531 311 464 425 521 374 520 1195 438 425 521 374 521 1195 485 1225 491 372 520 1222 531 311 465 424 521 1221 532 1152 513 352 493 1247 532 1179 531 314 485 401 520 1222 531 316 484 400 520 1222 531 332 494 376 493 400 520 357 485 401 521 373 521 354 464 424 521 374 521 352 465 425 521 374 493 377 493 399 521 357 485 401 521 373 521 1195 486 377 519 375 521 1195 514 352 491 400 521 1221 531 1154 460 402 521 374 521 353 464 425 521 374 520 352 466 1272 531 332 521 1195 485 1225 492 371 521 375 491 377 494 399 521 1196 544 322 466 1272 531 332 521 353 464 425 521 374 517 354 491 401 520 357 485 400 521 374 521 355 462 425 521 374 520 353 465 425 521 374 492 377 493 400 521 356 486 400 521 374 521 354 463 425 520 374 522 351 465 425 521 375 491 377 518 376 520 356 486 400 522 373 521 353 464 425 521 374 519 352 467 425 521 358 485 399 520 1222 555 1155 555 1129 487 377 518 376 520 1195 516 350 467,3147 1619 507 1208 507 1208 507 387 507 387 507 387 507 1208 507 387 507 387 507 1208 507 1208 507 387 507 1208 507 387 507 387 507 1208 507 1208 507 387 507 1208 507 1208 507 387 507 387 507 1208 507 387 507 387 507 1208 507 387 507 387 507 387 507 387 507 387 507 387 507 387 507 387 507 387 507 387 507 387 507 387 507 387 507 387 507 387 507 387 507 387 507 1208 507 387 507 387 507 1208 507 387 507 387 507 1208 507 1208 507 387 507 387 507 387 507 387 507 387 507 387 507 1208 507 387 507 1208 507 1208 507 387 507 387 507 387 507 387 507 1208 507 387 507 1208 507 387 507 387 507 387 507 387 507 387 507 387 507 387 507 387 507 387 507 387 507 387 507 387 507 387 507 387 507 387 507 387 507 387 507 387 507 387 507 387 507 387 507 387 507 387 507 387 507 387 507 387 507 387 507 387 507 387 507 387 507 387 507 387 507 387 507 387 507 387 507 387 507 387 507 387 507 1208 507 1208 507 1208 507 387 507 387 507 1208 507 387 507
Midea_AC_MAW05R1WBL.ir,POWER,MIDEA 30 bits 0xa18278ffff78,1,True,learned fidelity_check (199 timings),MIDEA 30 bits 0xa18278ffff78,True,-13.3,22.4,50,4459 4369 593 1562 590 487 599 1555 597 481 595 482 594 483 593 485 591 1563 599 1555 596 481 595 482 594 484 592 485 591 486 590 1565 597 479 596 481 594 1559 593 1562 590 1565 597 1557 595 482 594 484 592 485 591 1564 598 1556 596 1559 593 1561 591 1564 598 1556 596 1558 594 1561 591 1564 598 1556 595 1559 593 1561 591 1564 598 1556 596 1559 593 1561 591 486 590 1565 597 1557 595 1559 593 1562 590 488 598 478 598 479 597 5158 4453 4375 597 480 595 1558 594 484 592 1563 589 1565 597 1558 594 1560 592 485 591 487 589 1565 597 1557 594 1560 592 1562 590 1565 597 479 596 1558 594 1561 591 486 590 488 598 478 598 480 596 1558 594 1561 591 1563 599 478 598 479 596 481 595 482 594 484 592 485 591 486 600 478 598 479 597 480 595 481 595 483 593 484 592 485 591 487 589 488 598 1555 596 481 594 483 593 484 592 485 591 1564 598 1556 596 1559 593,4459 4369 593 1562 590 487 599 1555 597 481 595 482 594 483 593 485 591 1563 599 1555 596 481 595 482 594 484 592 485 591 486 590 1565 597 479 596 481 594 1559 593 1562 590 1565 597 1557 595 482 594 484 592 485 591 1564 598 1556 596 1559 593 1561 591 1564 598 1556 596 1558 594 1561 591 1564 598 1556 595 1559 593 1561 591 1564 598 1556 596 1559 593 1561 591 486 590 1565 597 1557 595 1559 593 1562 590 488 598 478 598 479 597 5158 4453 4375 597 480 595 1558 594 484 592 1563 589 1565 597 1558 594 1560 592 485 591 487 589 1565 597 1557 594 1560 592 1562 590 1565 597 479 596 1558 594 1561 591 486 590 488 598 478 598 480 596 1558 594 1561 591 1563 599 478 598 479 596 481 595 482 594 484 592 485 591 486 600 478 598 479 597 480 595 481 595 483 593 484 592 485 591 487 589 488 598 1555 596 481 594 483 593 484 592 485 591 1564 598 1556 596 1559 593,4500 4344 569 1615 580 467 522 1641 598 455 594 484 634 443 666 411 668 1520 599 1559 593 453 599 480 566 513 522 556 572 507 574 1590 567 487 592 485 625 1559 599 1559 539 1618 599 1559 536 510 542 537 523 556 572 1591 517 1641 599 1559 598 1559 598 1560 597 1561 598 1559 512 1646 575 1583 490 1641 598 1559 599 1559 599 1559 597 1560 596 1562 513 1644 574 473 574 1590 540 1617 598 1559 599 1560 597 450 669 409 670 409 670 5095 4474 4343 628 446 670 1519 565 482 593 1596 571 1587 491 1641 569 1588 596 459 592 486 624 1558 572 1586 595 1563 513 1644 572 1586 490 557 523 1640 596 1561 596 457 638 440 665 410 669 409 671 1518 566 1592 490 1668 539 508 590 490 521 558 570 491 590 488 591 485 597 481 635 443 662 414 667 410 669 409 671 408 633 446 594 485 522 557 523 556 600 1562 518 541 589 488 591 486 595 482 633 1550 569 1587 570 1587 542,4487 4357 580 1596 580 495 580 1596 580 495 580 495 580 495 580 495 580 1596 580 1596 580 495 580 495 580 495 580 495 580 495 580 1596 580 495 580 495 580 1596 580 1596 580 1596 580 1596 580 495 580 495 580 495 580 1596 580 1596 580 1596 580 1596 580 1596 580 1596 580 1596 580 1596 580 1596 580 1596 580 1596 580 1596 580 1596 580 1596 580 1596 580 1596 580 495 580 1596 580 1596 580 1596 580 1596 580 495 580 495 580 495 580 5108 4487 4357 580 495 580 1596 580 495 580 1596 580 1596 580 1596 580 1596 580 495 580 495 580 1596 580 1596 580 1596 580 1596 580 1596 580 495 580 1596 580 1596 580 495 580 495 580 495 580 495 580 1596 580 1596 580 1596 580 495 580 495 580 495 580 495 580 495 580 495 580 495 580 495 580 495 580 495 580 495 580 495 580 495 580 495 580 495 580 495 580 1596 580 495 580 495 580 495 580 495 580 1596 580 1596 580 1596 580
Midea_AC_MAW05R1WBL.ir,POWER,MIDEA 30 bits 0xa18278ffff78,2,True,learned fidelity_check (199 timings),MIDEA 30 bits 0xa18278ffff78,True,-19.9,28.9,73,4459 4369 593 1562 590 487 599 1555 597 481 595 482 594 483 593 485 591 1563 599 1555 596 481 595 482 594 484 592 485 591 486 590 1565 597 479 596 481 594 1559 593 1562 590 1565 597 1557 595 482 594 484 592 485 591 1564 598 1556 596 1559 593 1561 591 1564 598 1556 596 1558 594 1561 591 1564 598 1556 595 1559 593 1561 591 1564 598 1556 596 1559 593 1561 591 486 590 1565 597 1557 595 1559 593 1562 590 488 598 478 598 479 597 5158 4453 4375 597 480 595 1558 594 484 592 1563 589 1565 597 1558 594 1560 592 485 591 487 589 1565 597 1557 594 1560 592 1562 590 1565 597 479 596 1558 594 1561 591 486 590 488 598 478 598 480 596 1558 594 1561 591 1563 599 478 598 479 596 481 595 482 594 484 592 485 591 486 600 478 598 479 597 480 595 481 595 483 593 484 592 485 591 487 589 488 598 1555 596 481 594 483 593 484 592 485 591 1564 598 1556 596 1559 593,4487 4357 580 1596 580 495 580 1596 580 495 580 495 580 495 580 495 580 1596 580 1596 580 495 580 495 580 495 580 495 580 495 580 1596 580 495 580 495 580 1596 580 1596 580 1596 580 1596 580 495 580 495 580 495 580 1596 580 1596 580 1596 580 1596 580 1596 580 1596 580 1596 580 1596 580 1596 580 1596 580 1596 580 1596 580 1596 580 1596 580 1596 580 1596 580 495 580 1596 580 1596 580 1596 580 1596 580 495 580 495 580 495 580 5108 4487 4357 580 495 580 1596 580 495 580 1596 580 1596 580 1596 580 1596 580 495 580 495 580 1596 580 1596 580 1596 580 1596 580 1596 580 495 580 1596 580 1596 580 495 580 495 580 495 580 495 580 1596 580 1596 580 1596 580 495 580 495 580 495 580 495 580 495 580 495 580 495 580 495 580 495 580 495 580 495 580 495 580 495 580 495 580 495 580 495 580 1596 580 495 580 495 580 495 580 495 580 1596 580 1596 580 1596 580,4468 4372 607 1584 512 537 520 1693 580 467 574 505 574 488 562 513 539 1671 580 1604 581 466 573 489 561 514 537 537 545 533 573 1643 580 467 573 487 539 1669 575 1609 580 1578 567 1617 541 505 573 506 574 505 573 1617 563 1620 546 1639 580 1577 599 1585 490 1694 581 1603 581 1577 512 1672 578 1605 581 1577 563 1621 571 1613 582 1576 597 1587 490 1693 581 466 574 1616 567 1617 542 1641 582 1577 600 456 561 514 537 537 522 5168 4487 4356 561 514 537 1673 582 465 573 1617 597 1586 491 1693 584 1600 584 448 562 513 537 1671 583 1601 584 1574 538 1645 574 1611 608 439 574 1615 515 1669 580 467 574 505 574 505 573 506 571 1618 544 1640 585 1599 611 420 562 513 537 538 520 556 574 505 573 506 573 506 573 489 561 513 539 537 520 557 573 506 573 505 574 505 573 488 562 514 537 1672 612 436 573 506 573 506 573 487 539 1667 558 1625 614 1544 549,4474 4385 560 1630 560 518 560 1630 560 518 560 518 560 518 560 518 560 1630 560 1630 560 518 560 518 560 518 560 518 560 518 560 1630 560 518 560 518 560 1630 560 1630 560 1630 560 1630 560 518 560 518 560 518 560 1630 560 1630 560 1630 560 1630 560 1630 560 1630 560 1630 560 1630 560 1630 560 1630 560 1630 560 1630 560 1630 560 1630 560 1630 560 1630 560 518 560 1630 560 1630 560 1630 560 1630 560 518 560 518 560 518 560 5181 4474 4385 560 518 560 1630 560 518 560 1630 560 1630 560 1630 560 1630 560 518 560 518 560 1630 560 1630 560 1630 560 1630 560 1630 560 518 560 1630 560 1630 560 518 560 518 560 518 560 518 560 1630 560 1630 560 1630 560 518 560 518 560 518 560 518 560 518 560 518 560 518 560 518 560 518 560 518 560 518 560 518 560 518 560 518 560 518 560 518 560 1630 560 518 560 518 560 518 560 518 560 1630 560 1630 560 1630 560
Midea_AC_MAW05R1WBL.ir,TEMP+,MIDEA 30 bits 0xa18273ffff76,1,True,learned fidelity_check (199 timings),MIDEA 30 bits 0xa18273ffff76,True,-20.2,24.0,57,4426 4404 568 1587 564 538 538 1591 561 543 543 534 542 536 539 537 539 1589 563 1618 544 533 543 535 541 536 540 538 538 539 537 1591 561 543 543 534 542 1586 565 1616 536 1593 569 534 542 536 540 1614 538 1617 545 1583 569 1587 564 1616 536 1593 569 1585 567 1588 564 1591 561 1594 568 1586 566 1588 564 1591 561 1594 568 1587 565 1589 563 1592 570 1585 567 536 540 1589 562 1592 570 1584 568 536 540 1589 563 1591 571 533 542 5187 4424 4405 567 536 540 1588 563 541 535 1593 569 1585 567 1588 574 1581 571 533 542 535 541 1587 565 1616 536 1592 570 1585 567 1588 564 539 537 1592 570 1584 568 536 540 538 538 539 537 1618 544 1610 542 536 540 538 538 539 537 541 545 532 544 533 543 535 541 536 540 537 539 539 537 540 536 542 534 543 543 534 542 536 540 537 539 539 537 540 546 1608 544 534 542 535 541 537 539 1615 537 541 535 543 543 1584 568,4426 4404 568 1587 564 538 538 1591 561 543 543 534 542 536 539 537 539 1589 563 1618 544 533 543 535 541 536 540 538 538 539 537 1591 561 543 543 534 542 1586 565 1616 536 1593 569 534 542 536 540 1614 538 1617 545 1583 569 1587 564 1616 536 1593 569 1585 567 1588 564 1591 561 1594 568 1586 566 1588 564 1591 561 1594 568 1587 565 1589 563 1592 570 1585 567 536 540 1589 562 1592 570 1584 568 536 540 1589 563 1591 571 533 542 5187 4424 4405 567 536 540 1588 563 541 535 1593 569 1585 567 1588 574 1581 571 533 542 535 541 1587 565 1616 536 1592 570 1585 567 1588 564 539 537 1592 570 1584 568 536 540 538 538 539 537 1618 544 1610 542 536 540 538 538 539 537 541 545 532 544 533 543 535 541 536 540 537 539 539 537 540 536 542 534 543 543 534 542 536 540 537 539 539 537 540 546 1608 544 534 542 535 541 537 539 1615 537 541 535 543 543 1584 568,4446 4372 607 1577 574 498 546 1618 464 609 580 499 540 539 470 609 494 1643 580 1604 543 511 540 537 574 504 608 470 613 463 614 1548 485 588 618 461 583 1580 464 1720 528 1603 489 585 519 544 536 1642 545 1613 546 1585 582 1576 541 1643 437 1695 536 1621 463 1666 615 1545 581 1576 581 1577 581 1577 573 1584 485 1673 542 1616 464 1694 544 1587 518 1639 581 500 540 1616 581 1576 581 1577 582 491 580 1583 464 1694 538 535 489 5231 4431 4402 598 505 544 1619 514 559 521 1643 464 1667 582 1576 571 1586 583 495 612 464 616 1545 569 1615 438 1693 540 1618 465 1692 519 556 520 1616 583 1574 609 470 610 467 614 464 611 1576 517 1640 488 560 541 537 489 590 470 609 572 507 515 564 470 609 494 585 521 541 537 540 539 538 543 535 575 503 587 489 615 463 616 462 591 487 548 531 617 1570 490 559 542 537 489 590 470 1691 518 558 520 559 519 1616 589,4433 4415 530 1629 530 550 530 1629 530 550 530 550 530 550 530 550 530 1629 530 1629 530 550 530 550 530 550 530 550 530 550 530 1629 530 550 530 550 530 1629 530 1629 530 1629 530 550 530 550 530 1629 530 1629 530 1629 530 1629 530 1629 530 1629 530 1629 530 1629 530 1629 530 1629 530 1629 530 1629 530 1629 530 1629 530 1629 530 1629 530 1629 530 1629 530 550 530 1629 530 1629 530 1629 530 550 530 1629 530 1629 530 550 530 5244 4433 4415 530 550 530 1629 530 550 530 1629 530 1629 530 1629 530 1629 530 550 530 550 530 1629 530 1629 530 1629 530 1629 530 1629 530 550 530 1629 530 1629 530 550 530 550 530 550 530 1629 530 1629 530 550 530 550 530 550 530 550 530 550 530 550 530 550 530 550 530 550 530 550 530 550 530 550 530 550 530 550 530 550 530 550 530 550 530 550 530 1629 530 550 530 550 530 550 530 1629 530 550 530 550 530 1629 530
Midea_AC_MAW05R1WBL.ir,TEMP+,MIDEA 30 bits 0xa18273ffff76,2,True,learned fidelity_check (199 timings),MIDEA 30 bits 0xa18273ffff76,True,-21.6,34.9,49,4426 4404 568 1587 564 538 538 1591 561 543 543 534 542 536 539 537 539 1589 563 1618 544 533 543 535 541 536 540 538 538 539 537 1591 561 543 543 534 542 1586 565 1616 536 1593 569 534 542 536 540 1614 538 1617 545 1583 569 1587 564 1616 536 1593 569 1585 567 1588 564 1591 561 1594 568 1586 566 1588 564 1591 561 1594 568 1587 565 1589 563 1592 570 1585 567 536 540 1589 562 1592 570 1584 568 536 540 1589 563 1591 571 533 542 5187 4424 4405 567 536 540 1588 563 541 535 1593 569 1585 567 1588 574 1581 571 533 542 535 541 1587 565 1616 536 1592 570 1585 567 1588 564 539 537 1592 570 1584 568 536 540 538 538 539 537 1618 544 1610 542 536 540 538 538 539 537 541 545 532 544 533 543 535 541 536 540 537 539 539 537 540 536 542 534 543 543 534 542 536 540 537 539 539 537 540 546 1608 544 534 542 535 541 537 539 1615 537 541 535 543 543 1584 568,4433 4415 530 1629 530 550 530 1629 530 550 530 550 530 550 530 550 530 1629 530 1629 530 550 530 550 530 550 530 550 530 550 530 1629 530 550 530 550 530 1629 530 1629 530 1629 530 550 530 550 530 1629 530 1629 530 1629 530 1629 530 1629 530 1629 530 1629 530 1629 530 1629 530 1629 530 1629 530 1629 530 1629 530 1629 530 1629 530 1629 530 1629 530 1629 530 550 530 1629 530 1629 530 1629 530 550 530 1629 530 1629 530 550 530 5244 4433 4415 530 550 530 1629 530 550 530 1629 530 1629 530 1629 530 1629 530 550 530 550 530 1629 530 1629 530 1629 530 1629 530 1629 530 550 530 1629 530 1629 530 550 530 550 530 550 530 1629 530 1629 530 550 530 550 530 550 530 550 530 550 530 550 530 550 530 550 530 550 530 550 530 550 530 550 530 550 530 550 530 550 530 550 530 550 530 550 530 1629 530 550 530 550 530 550 530 1629 530 550 530 550 530 1629 530,4416 4427 553 1635 528 518 522 1668 525 522 494 585 470 609 470 611 485 1702 438 1720 460 592 535 545 512 569 512 568 537 543 536 1643 546 527 521 557 522 1668 529 1629 528 1630 528 518 521 558 521 1668 529 1629 524 1634 519 1638 491 1667 437 1721 438 1719 460 1698 485 1672 511 1647 514 1644 546 1612 545 1612 545 1639 529 1629 529 1628 528 1630 528 1629 530 517 521 1669 529 1628 527 1631 522 525 470 1720 467 1690 438 613 511 5274 4445 4398 557 520 520 1669 523 524 470 1719 466 1692 438 1720 437 1721 461 592 534 546 511 1671 515 1642 543 1615 543 1614 544 1640 557 491 520 1668 556 1602 556 492 520 558 522 557 521 1668 532 1625 529 519 470 609 470 610 469 612 510 570 510 569 512 568 535 546 512 567 537 543 537 560 519 559 520 558 521 558 521 558 521 558 521 558 520 558 522 1665 562 488 521 558 519 559 496 1691 502 548 470 610 469 1718 439,4432 4440 508 1678 508 571 508 1678 508 571 508 571 508 571 508 571 508 1678 508 1678 508 571 508 571 508 571 508 571 508 571 508 1678 508 571 508 571 508 1678 508 1678 508 1678 508 571 508 571 508 1678 508 1678 508 1678 508 1678 508 1678 508 1678 508 1678 508 1678 508 1678 508 1678 508 1678 508 1678 508 1678 508 1678 508 1678 508 1678 508 1678 508 1678 508 571 508 1678 508 1678 508 1678 508 571 508 1678 508 1678 508 571 508 5287 4432 4440 508 571 508 1678 508 571 508 1678 508 1678 508 1678 508 1678 508 571 508 571 508 1678 508 1678 508 1678 508 1678 508 1678 508 571 508 1678 508 1678 508 571 508 571 508 571 508 1678 508 1678 508 571 508 571 508 571 508 571 508 571 508 571 508 571 508 571 508 571 508 571 508 571 508 571 508 571 508 571 508 571 508 571 508 571 508 571 508 1678 508 571 508 571 508 571 508 1678 508 571 508 571 508 1678 508
Midea_AC_MAW05R1WBL.ir,MODE,MIDEA 30 bits 0xa1a073ffff55,1,True,learned fidelity_check (199 timings),MIDEA 30 bits 0xa1a073ffff55,True,-22.4,14.0,89,4408 4423 570 1585 567 537 539 1590 561 542 544 533 542 535 541 537 539 1589 563 1593 569 534 541 1588 563 539 537 541 545 532 543 534 541 536 539 537 539 1590 562 1593 569 1586 566 538 538 539 537 1592 570 1585 567 1587 565 1590 561 1594 568 1586 565 1590 561 1593 569 1586 566 1589 562 1592 570 1584 568 1587 564 1590 561 1594 568 1586 565 1590 572 1583 568 534 541 1588 564 540 536 1593 569 534 541 1587 564 539 537 1592 570 5186 4455 4374 567 537 539 1590 561 542 544 1584 567 1588 563 1591 560 1594 568 535 541 537 539 1590 561 541 545 1584 568 1587 564 1590 561 1593 569 1586 565 1589 562 540 536 542 544 533 542 1586 566 1588 563 540 536 542 544 533 542 535 540 537 539 538 538 539 537 541 535 542 544 534 541 535 540 537 539 538 537 540 536 541 545 532 543 534 541 536 539 1589 562 540 536 1593 569 534 541 1588 563 540 535 1593 569 534 541,4408 4423 570 1585 567 537 539 1590 561 542 544 533 542 535 541 537 539 1589 563 1593 569 534 541 1588 563 539 537 541 545 532 543 534 541 536 539 537 539 1590 562 1593 569 1586 566 538 538 539 537 1592 570 1585 567 1587 565 1590 561 1594 568 1586 565 1590 561 1593 569 1586 566 1589 562 1592 570 1584 568 1587 564 1590 561 1594 568 1586 565 1590 572 1583 568 534 541 1588 564 540 536 1593 569 534 541 1587 564 539 537 1592 570 5186 4455 4374 567 537 539 1590 561 542 544 1584 567 1588 563 1591 560 1594 568 535 541 537 539 1590 561 541 545 1584 568 1587 564 1590 561 1593 569 1586 565 1589 562 540 536 542 544 533 542 1586 566 1588 563 540 536 542 544 533 542 535 540 537 539 538 538 539 537 541 535 542 544 534 541 535 540 537 539 538 537 540 536 541 545 532 543 534 541 536 539 1589 562 540 536 1593 569 534 541 1588 563 540 535 1593 569 534 541,4451 4395 514 1672 516 557 521 1616 581 501 538 538 571 507 584 494 612 1547 542 1616 580 492 586 1578 464 609 494 585 544 535 470 609 494 585 520 540 539 1616 581 1577 581 1576 581 492 586 493 543 1621 582 1575 510 1648 516 1642 545 1586 579 1579 580 1577 578 1579 582 1576 570 1588 464 1693 536 1622 488 1643 581 1577 581 1576 582 1576 581 1577 581 1577 574 499 540 1623 491 582 520 1644 463 610 520 1617 580 499 568 1589 581 5152 4388 4450 616 491 519 1616 583 497 569 1588 582 1576 568 1589 464 1694 535 538 489 590 470 1693 542 532 469 1667 584 1574 584 1573 571 1587 608 1550 536 1621 490 584 520 559 513 565 470 1667 607 1550 609 470 609 469 612 465 615 461 618 461 579 500 541 538 470 608 471 608 548 531 489 590 494 586 520 559 519 542 538 539 539 537 578 499 613 464 615 1545 536 539 469 1692 543 532 489 1672 518 559 520 1613 590 494 539,4438 4463 530 1602 530 551 530 1602 530 551 530 551 530 551 530 551 530 1602 530 1602 530 551 530 1602 530 551 530 551 530 551 530 551 530 551 530 551 530 1602 530 1602 530 1602 530 551 530 551 530 1602 530 1602 530 1602 530 1602 530 1602 530 1602 530 1602 530 1602 530 1602 530 1602 530 1602 530 1602 530 1602 530 1602 530 1602 530 1602 530 1602 530 1602 530 551 530 1602 530 551 530 1602 530 551 530 1602 530 551 530 1602 530 5165 4438 4463 530 551 530 1602 530 551 530 1602 530 1602 530 1602 530 1602 530 551 530 551 530 1602 530 551 530 1602 530 1602 530 1602 530 1602 530 1602 530 1602 530 551 530 551 530 551 530 1602 530 1602 530 551 530 551 530 551 530 551 530 551 530 551 530 551 530 551 530 551 530 551 530 551 530 551 530 551 530 551 530 551 530 551 530 551 530 551 530 1602 530 551 530 1602 530 551 530 1602 530 551 530 1602 530 551 530
Midea_AC_MAW05R1WBL.ir,MODE,MIDEA 30 bits 0xa1a073ffff55,2,True,learned fidelity_check (199 timings),MIDEA 30 bits 0xa1a073ffff55,True,-24.3,19.1,622,4408 4423 570 1585 567 537 539 1590 561 542 544 533 542 535 541 537 539 1589 563 1593 569 534 541 1588 563 539 537 541 545 532 543 534 541 536 539 537 539 1590 562 1593 569 1586 566 538 538 539 537 1592 570 1585 567 1587 565 1590 561 1594 568 1586 565 1590 561 1593 569 1586 566 1589 562 1592 570 1584 568 1587 564 1590 561 1594 568 1586 565 1590 572 1583 568 534 541 1588 564 540 536 1593 569 534 541 1587 564 539 537 1592 570 5186 4455 4374 567 537 539 1590 561 542 544 1584 567 1588 563 1591 560 1594 568 535 541 537 539 1590 561 541 545 1584 568 1587 564 1590 561 1593 569 1586 565 1589 562 540 536 542 544 533 542 1586 566 1588 563 540 536 542 544 533 542 535 540 537 539 538 538 539 537 541 535 542 544 534 541 535 540 537 539 538 537 540 536 541 545 532 543 534 541 536 539 1589 562 540 536 1593 569 534 541 1588 563 540 535 1593 569 534 541,4438 4463 530 1602 530 551 530 1602 530 551 530 551 530 551 530 551 530 1602 530 1602 530 551 530 1602 530 551 530 551 530 551 530 551 530 551 530 551 530 1602 530 1602 530 1602 530 551 530 551 530 1602 530 1602 530 1602 530 1602 530 1602 530 1602 530 1602 530 1602 530 1602 530 1602 530 1602 530 1602 530 1602 530 1602 530 1602 530 1602 530 1602 530 1602 530 551 530 1602 530 551 530 1602 530 551 530 1602 530 551 530 1602 530 5165 4438 4463 530 551 530 1602 530 551 530 1602 530 1602 530 1602 530 1602 530 551 530 551 530 1602 530 551 530 1602 530 1602 530 1602 530 1602 530 1602 530 1602 530 551 530 551 530 551 530 1602 530 1602 530 551 530 551 530 551 530 551 530 551 530 551 530 551 530 551 530 551 530 551 530 551 530 551 530 551 530 551 530 551 530 551 530 551 530 551 530 1602 530 551 530 1602 530 551 530 1602 530 551 530 1602 530 551 530,4362 4530 555 1608 528 519 521 1642 527 520 494 585 470 612 511 570 511 1646 487 1645 486 570 536 1618 546 528 520 558 521 558 521 558 521 557 521 558 521 1642 526 1606 525 1606 522 525 470 612 489 1671 438 1748 406 1671 460 1671 485 1646 486 1645 511 1621 511 1620 515 1616 518 1614 544 1587 545 1587 544 1587 544 1587 544 1587 547 1611 530 1601 530 1601 531 516 521 1643 530 517 521 1642 530 517 520 1643 526 521 470 1693 491 5187 4364 4530 553 526 520 1642 555 493 494 1668 523 1609 520 1611 493 1638 491 560 509 571 512 1646 462 593 512 1643 515 1617 517 1614 518 1613 519 1613 518 1613 518 555 522 557 521 561 518 1641 560 1572 560 488 521 557 495 585 469 611 487 594 512 569 513 569 536 560 521 557 521 558 521 558 521 558 521 558 520 558 519 560 470 612 486 594 512 570 511 1643 489 570 537 1612 519 558 521 1615 563 511 524 1611 562 514 523,4351 4543 507 1631 507 571 507 1631 507 571 507 571 507 571 507 571 507 1631 507 1631 507 571 507 1631 507 571 507 571 507 571 507 571 507 571 507 571 507 1631 507 1631 507 1631 507 571 507 571 507 1631 507 1631 507 1631 507 1631 507 1631 507 1631 507 1631 507 1631 507 1631 507 1631 507 1631 507 1631 507 1631 507 1631 507 1631 507 1631 507 1631 507 1631 507 571 507 1631 507 571 507 1631 507 571 507 1631 507 571 507 1631 507 4543 4351 4543 507 571 507 1631 507 571 507 1631 507 1631 507 1631 507 1631 507 571 507 571 507 1631 507 571 507 1631 507 1631 507 1631 507 1631 507 1631 507 1631 507 571 507 571 507 571 507 1631 507 1631 507 571 507 571 507 571 507 571 507 571 507 571 507 571 507 571 507 571 507 571 507 571 507 571 507 571 507 571 507 571 507 571 507 571 507 571 507 1631 507 571 507 1631 507 571 507 1631 507 571 507 1631 507 571 507
Midea_AC_MAW05R1WBL.ir,C_Sense,MIDEA 30 bits 0xa48873ff318e,1,True,learned fidelity_check (199 timings),MIDEA 30 bits 0xa48873ff318e,True,-30.2,24.2,76,4453 4378 594 1561 590 487 589 1566 596 481 594 483 592 1562 589 487 589 489 597 1557 594 483 592 485 590 486 590 1565 597 480 564 513 594 483 593 484 591 1564 598 1556 595 1559 592 485 590 486 590 1565 597 1558 593 1561 590 1564 598 1557 594 1560 591 1563 599 1556 595 1559 592 1562 589 488 598 479 596 1558 593 1562 589 487 589 489 597 480 595 1559 592 1562 589 488 598 479 596 481 594 1560 591 1563 599 1556 595 482 593 5162 4458 4372 590 488 598 1556 595 482 594 1561 590 1565 597 480 595 1559 592 1562 589 488 598 1557 595 1560 591 1563 599 478 598 1557 594 1560 591 1563 589 1567 595 482 593 484 591 485 590 1565 597 1557 574 504 592 485 590 486 590 488 598 479 596 481 594 482 593 483 593 485 590 486 589 1565 597 1558 594 484 591 486 589 1565 597 1558 593 1562 589 487 589 489 597 1558 593 1561 590 1565 597 480 595 482 593 483 592 1562 590,4453 4378 594 1561 590 487 589 1566 596 481 594 483 592 1562 589 487 589 489 597 1557 594 483 592 485 590 486 590 1565 597 480 564 513 594 483 593 484 591 1564 598 1556 595 1559 592 485 590 486 590 1565 597 1558 593 1561 590 1564 598 1557 594 1560 591 1563 599 1556 595 1559 592 1562 589 488 598 479 596 1558 593 1562 589 487 589 489 597 480 595 1559 592 1562 589 488 598 479 596 481 594 1560 591 1563 599 1556 595 482 593 5162 4458 4372 590 488 598 1556 595 482 594 1561 590 1565 597 480 595 1559 592 1562 589 488 598 1557 595 1560 591 1563 599 478 598 1557 594 1560 591 1563 589 1567 595 482 593 484 591 485 590 1565 597 1557 574 504 592 485 590 486 590 488 598 479 596 481 594 482 593 483 593 485 590 486 589 1565 597 1558 594 484 591 486 589 1565 597 1558 593 1562 589 487 589 489 597 1558 593 1561 590 1565 597 480 595 482 593 483 592 1562 590,4473 4368 573 1589 599 455 627 1556 598 450 670 408 669 1520 491 556 522 557 630 1560 518 528 573 507 573 487 591 1590 598 453 572 505 668 409 669 409 634 1556 598 1559 515 1643 573 474 574 506 573 1589 597 1561 597 1560 597 1561 597 1561 563 1594 519 1639 513 1618 569 1589 597 1560 597 454 667 410 669 1519 566 1591 491 556 546 533 600 479 540 1623 597 1560 598 456 621 456 635 442 667 1520 565 1592 597 1561 538 509 538 5225 4511 4307 592 483 670 1519 564 483 593 1596 579 1579 491 557 546 1616 597 1561 572 478 667 1519 573 1585 539 1618 571 477 638 1551 518 1613 596 1562 571 1586 572 481 631 446 665 411 639 1549 570 1588 611 436 567 512 523 556 573 506 567 512 522 558 572 487 592 484 631 448 635 440 638 1548 570 1588 541 507 567 512 523 1664 517 1641 560 1572 569 487 592 486 598 1584 569 1587 544 1614 570 479 641 438 594 485 522 1640 614,4498 4381 561 1598 561 496 561 1598 561 496 561 496 561 1598 561 496 561 496 561 1598 561 496 561 496 561 496 561 1598 561 496 561 496 561 496 561 496 561 1598 561 1598 561 1598 561 496 561 496 561 1598 561 1598 561 1598 561 1598 561 1598 561 1598 561 1598 561 1598 561 1598 561 1598 561 496 561 496 561 1598 561 1598 561 496 561 496 561 496 561 1598 561 1598 561 496 561 496 561 496 561 1598 561 1598 561 1598 561 496 561 5238 4498 4381 561 496 561 1598 561 496 561 1598 561 1598 561 496 561 1598 561 1598 561 496 561 1598 561 1598 561 1598 561 496 561 1598 561 1598 561 1598 561 1598 561 496 561 496 561 496 561 1598 561 1598 561 496 561 496 561 496 561 496 561 496 561 496 561 496 561 496 561 496 561 496 561 1598 561 1598 561 496 561 496 561 1598 561 1598 561 1598 561 496 561 496 561 1598 561 1598 561 1598 561 496 561 496 561 496 561 1598 561
Midea_AC_MAW05R1WBL.ir,C_Sense,MIDEA 30 bits 0xa48873ff318e,2,True,learned fidelity_check (199 timings),MIDEA 30 bits 0xa48873ff318e,True,-3.4,10.7,71,4453 4378 594 1561 590 487 589 1566 596 481 594 483 592 1562 589 487 589 489 597 1557 594 483 592 485 590 486 590 1565 597 480 564 513 594 483 593 484 591 1564 598 1556 595 1559 592 485 590 486 590 1565 597 1558 593 1561 590 1564 598 1557 594 1560 591 1563 599 1556 595 1559 592 1562 589 488 598 479 596 1558 593 1562 589 487 589 489 597 480 595 1559 592 1562 589 488 598 479 596 481 594 1560 591 1563 599 1556 595 482 593 5162 4458 4372 590 488 598 1556 595 482 594 1561 590 1565 597 480 595 1559 592 1562 589 488 598 1557 595 1560 591 1563 599 478 598 1557 594 1560 591 1563 589 1567 595 482 593 484 591 485 590 1565 597 1557 574 504 592 485 590 486 590 488 598 479 596 481 594 482 593 483 593 485 590 486 589 1565 597 1558 594 484 591 486 589 1565 597 1558 593 1562 589 487 589 489 597 1558 593 1561 590 1565 597 480 595 482 593 483 592 1562 590,4498 4381 561 1598 561 496 561 1598 561 496 561 496 561 1598 561 496 561 496 561 1598 561 496 561 496 561 496 561 1598 561 496 561 496 561 496 561 496 561 1598 561 1598 561 1598 561 496 561 496 561 1598 561 1598 561 1598 561 1598 561 1598 561 1598 561 1598 561 1598 561 1598 561 1598 561 496 561 496 561 1598 561 1598 561 496 561 496 561 496 561 1598 561 1598 561 496 561 496 561 496 561 1598 561 1598 561 1598 561 496 561 5238 4498 4381 561 496 561 1598 561 496 561 1598 561 1598 561 496 561 1598 561 1598 561 496 561 1598 561 1598 561 1598 561 496 561 1598 561 1598 561 1598 561 1598 561 496 561 496 561 496 561 1598 561 1598 561 496 561 496 561 496 561 496 561 496 561 496 561 496 561 496 561 496 561 496 561 1598 561 1598 561 496 561 496 561 1598 561 1598 561 1598 561 496 561 496 561 1598 561 1598 561 1598 561 496 561 496 561 496 561 1598 561,4457 4407 577 1612 464 557 519 1670 536 491 600 456 634 1546 580 467 617 435 586 1604 464 556 520 537 571 486 636 1545 581 466 618 434 591 462 522 532 543 1645 572 1585 581 1577 581 467 617 434 618 1572 544 1614 518 1639 517 1641 490 1668 463 1694 464 1694 485 1672 511 1647 537 1620 567 461 637 435 618 1546 577 1606 544 477 592 460 524 531 519 1668 570 1588 579 450 635 435 618 435 617 1572 517 1641 490 1667 465 556 520 5296 4489 4380 493 557 520 1669 540 487 603 1580 608 1550 584 463 617 1572 519 1639 518 503 584 1605 465 1692 465 1693 509 516 542 1644 583 1574 610 1548 609 1548 609 439 618 434 617 435 553 1636 465 1693 509 515 543 514 636 436 617 435 617 436 581 471 515 541 567 490 636 435 616 437 616 1571 516 1642 490 532 495 560 543 1643 585 1572 590 1568 589 460 593 459 593 1594 518 1640 516 1641 516 507 521 534 543 515 609 1570 590,4476 4420 558 1633 558 480 558 1633 558 480 558 480 558 1633 558 480 558 480 558 1633 558 480 558 480 558 480 558 1633 558 480 558 480 558 480 558 480 558 1633 558 1633 558 1633 558 480 558 480 558 1633 558 1633 558 1633 558 1633 558 1633 558 1633 558 1633 558 1633 558 1633 558 1633 558 480 558 480 558 1633 558 1633 558 480 558 480 558 480 558 1633 558 1633 558 480 558 480 558 480 558 1633 558 1633 558 1633 558 480 558 5309 4476 4420 558 480 558 1633 558 480 558 1633 558 1633 558 480 558 1633 558 1633 558 480 558 1633 558 1633 558 1633 558 480 558 1633 558 1633 558 1633 558 1633 558 480 558 480 558 480 558 1633 558 1633 558 480 558 480 558 480 558 480 558 480 558 480 558 480 558 480 558 480 558 480 558 1633 558 1633 558 480 558 480 558 1633 558 1633 558 1633 558 480 558 480 558 1633 558 1633 558 1633 558 480 558 480 558 480 558 1633 558
Mitsubishi_MSH_GA71VB.ir,Power,MITSUBISHI112 70 bits 23cb2601002408073d00000030b5,1,True,learned fidelity_check (227 timings),MITSUBISHI112 70 bits 23cb2601002408073d00000030b5,True,-9.3,11.9,36,3480 1701 468 1248 467 1250 465 407 460 411 467 405 462 1255 460 412 466 405 462 1255 460 1257 468 404 463 1253 462 410 468 404 463 1253 462 1255 470 402 465 1252 463 1254 461 411 467 405 462 1254 461 411 467 405 462 1254 461 411 467 405 462 409 469 403 464 407 460 411 467 405 462 409 469 403 464 407 461 411 467 405 462 409 469 403 464 407 460 411 467 404 463 1254 461 410 468 404 463 1254 461 410 468 404 463 408 460 412 466 406 462 1255 460 412 466 406 461 410 468 404 463 1253 462 1255 470 1247 468 404 463 409 469 402 465 406 461 411 467 1250 465 407 460 1256 469 1248 467 1250 465 1252 463 410 468 403 464 408 460 412 466 406 461 410 468 404 463 408 460 412 466 406 461 410 468 404 463 408 459 412 466 405 462 409 469 403 464 407 460 411 467 405 462 409 469 403 464 407 460 411 467 405 462 409 469 402 465 407 460 411 467 404 463 1253 462 1255 470 402 465 406 461 1256 469 402 465 1252 463 408 470 1248 467 1250 465 407 460 1256 469,3480 1701 468 1248 467 1250 465 407 460 411 467 405 462 1255 460 412 466 405 462 1255 460 1257 468 404 463 1253 462 410 468 404 463 1253 462 1255 470 402 465 1252 463 1254 461 411 467 405 462 1254 461 411 467 405 462 1254 461 411 467 405 462 409 469 403 464 407 460 411 467 405 462 409 469 403 464 407 461 411 467 405 462 409 469 403 464 407 460 411 467 404 463 1254 461 410 468 404 463 1254 461 410 468 404 463 408 460 412 466 406 462 1255 460 412 466 406 461 410 468 404 463 1253 462 1255 470 1247 468 404 463 409 469 402 465 406 461 411 467 1250 465 407 460 1256 469 1248 467 1250 465 1252 463 410 468 403 464 408 460 412 466 406 461 410 468 404 463 408 460 412 466 406 461 410 468 404 463 408 459 412 466 405 462 409 469 403 464 407 460 411 467 405 462 409 469 403 464 407 460 411 467 405 462 409 469 402 465 407 460 411 467 404 463 1253 462 1255 470 402 465 406 461 1256 469 402 465 1252 463 408 470 1248 467 1250 465 407 460 1256 469,3486 1724 476 1234 474 1262 359 478 446 422 468 400 467 1275 478 367 529 358 512 1229 359 1354 477 359 467 1274 478 385 418 450 446 1296 429 1281 478 363 467 1271 474 1262 359 478 467 401 469 1273 479 366 503 384 510 1232 358 478 468 400 469 401 467 405 493 378 531 341 487 396 481 388 465 403 440 428 440 429 468 404 466 405 496 393 485 382 513 355 416 453 415 1327 480 358 468 404 495 1242 478 385 415 453 415 454 414 454 468 402 467 1273 502 361 443 425 472 396 469 400 465 1277 486 1224 385 1351 435 402 416 453 468 400 468 402 466 406 495 1242 439 424 481 1260 484 1227 502 1208 478 1259 359 477 469 400 468 400 467 406 465 406 532 340 461 423 475 393 478 390 467 402 440 429 467 404 466 405 504 368 499 386 486 382 439 429 415 454 414 454 468 401 468 403 465 408 531 340 528 356 416 452 443 425 469 400 468 400 465 406 465 406 491 1245 481 1256 503 334 465 403 441 1301 480 363 502 1260 382 455 466 1275 493 1218 480 364 531 1229 432,3473 1737 455 1275 455 1275 455 415 455 415 455 415 455 1275 455 415 455 415 455 1275 455 1275 455 415 455 1275 455 415 455 415 455 1275 455 1275 455 415 455 1275 455 1275 455 415 455 415 455 1275 455 415 455 415 455 1275 455 415 455 415 455 415 455 415 455 415 455 415 455 415 455 415 455 415 455 415 455 415 455 415 455 415 455 415 455 415 455 415 455 415 455 1275 455 415 455 415 455 1275 455 415 455 415 455 415 455 415 455 415 455 1275 455 415 455 415 455 415 455 415 455 1275 455 1275 455 1275 455 415 455 415 455 415 455 415 455 415 455 1275 455 415 455 1275 455 1275 455 1275 455 1275 455 415 455 415 455 415 455 415 455 415 455 415 455 415 455 415 455 415 455 415 455 415 455 415 455 415 455 415 455 415 455 415 455 415 455 415 455 415 455 415 455 415 455 415 455 415 455 415 455 415 455 415 455 415 455 415 455 415 455 415 455 1275 455 1275 455 415 455 415 455 1275 455 415 455 1275 455 415 455 1275 455 1275 455 415 455 1275 455
Mitsubishi_MSH_GA71VB.ir,Power,MITSUBISHI112 70 bits 23cb2601002408073d00000030b5,2,True,learned fidelity_check (227 timings),MITSUBISHI112 70 bits 23cb2601002408073d00000030b5,True,8.5,-8.3,73,3480 1701 468 1248 467 1250 465 407 460 411 467 405 462 1255 460 412 466 405 462 1255 460 1257 468 404 463 1253 462 410 468 404 463 1253 462 1255 470 402 465 1252 463 1254 461 411 467 405 462 1254 461 411 467 405 462 1254 461 411 467 405 462 409 469 403 464 407 460 411 467 405 462 409 469 403 464 407 461 411 467 405 462 409 469 403 464 407 460 411 467 404 463 1254 461 410 468 404 463 1254 461 410 468 404 463 408 460 412 466 406 462 1255 460 412 466 406 461 410 468 404 463 1253 462 1255 470 1247 468 404 463 409 469 402 465 406 461 411 467 1250 465 407 460 1256 469 1248 467 1250 465 1252 463 410 468 403 464 408 460 412 466 406 461 410 468 404 463 408 460 412 466 406 461 410 468 404 463 408 459 412 466 405 462 409 469 403 464 407 460 411 467 405 462 409 469 403 464 407 460 411 467 405 462 409 469 402 465 407 460 411 467 404 463 1253 462 1255 470 402 465 406 461 1256 469 402 465 1252 463 408 470 1248 467 1250 465 407 460 1256 469,3473 1737 455 1275 455 1275 455 415 455 415 455 415 455 1275 455 415 455 415 455 1275 455 1275 455 415 455 1275 455 415 455 415 455 1275 455 1275 455 415 455 1275 455 1275 455 415 455 415 455 1275 455 415 455 415 455 1275 455 415 455 415 455 415 455 415 455 415 455 415 455 415 455 415 455 415 455 415 455 415 455 415 455 415 455 415 455 415 455 415 455 415 455 1275 455 415 455 415 455 1275 455 415 455 415 455 415 455 415 455 415 455 1275 455 415 455 415 455 415 455 415 455 1275 455 1275 455 1275 455 415 455 415 455 415 455 415 455 415 455 1275 455 415 455 1275 455 1275 455 1275 455 1275 455 415 455 415 455 415 455 415 455 415 455 415 455 415 455 415 455 415 455 415 455 415 455 415 455 415 455 415 455 415 455 415 455 415 455 415 455 415 455 415 455 415 455 415 455 415 455 415 455 415 455 415 455 415 455 415 455 415 455 415 455 1275 455 1275 455 415 455 415 455 1275 455 415 455 1275 455 415 455 1275 455 1275 455 415 455 1275 455,3439 1797 465 1272 358 1378 439 398 512 356 485 384 475 1293 440 396 514 355 512 1230 477 1260 477 367 531 1229 406 434 413 457 460 1304 359 1378 438 398 511 1231 477 1260 477 366 531 340 530 1229 433 408 459 410 496 1267 379 458 415 456 413 457 460 409 496 374 532 338 531 356 512 356 512 356 512 356 513 355 513 355 511 358 482 386 448 420 419 450 414 455 414 1353 411 426 447 421 418 1351 438 398 510 358 481 388 447 421 417 451 415 1354 413 424 479 389 446 422 417 455 411 1354 412 1298 474 1263 478 366 531 340 528 357 512 356 513 355 512 1230 477 370 528 1230 462 1275 358 1378 438 1272 478 386 512 355 513 356 513 355 513 355 513 356 486 382 478 390 445 424 416 453 414 456 413 457 436 433 494 376 531 339 531 340 527 357 512 356 512 356 513 356 512 356 511 357 484 385 473 395 419 449 390 480 414 455 437 433 462 408 498 372 532 1229 430 1307 409 427 449 420 418 1349 414 424 484 1258 478 384 513 1229 480 1257 430 410 436 1329 359,3426 1810 464 1285 464 1285 464 399 464 399 464 399 464 1285 464 399 464 399 464 1285 464 1285 464 399 464 1285 464 399 464 399 464 1285 464 1285 464 399 464 1285 464 1285 464 399 464 399 464 1285 464 399 464 399 464 1285 464 399 464 399 464 399 464 399 464 399 464 399 464 399 464 399 464 399 464 399 464 399 464 399 464 399 464 399 464 399 464 399 464 399 464 1285 464 399 464 399 464 1285 464 399 464 399 464 399 464 399 464 399 464 1285 464 399 464 399 464 399 464 399 464 1285 464 1285 464 1285 464 399 464 399 464 399 464 399 464 399 464 1285 464 399 464 1285 464 1285 464 1285 464 1285 464 399 464 399 464 399 464 399 464 399 464 399 464 399 464 399 464 399 464 399 464 399 464 399 464 399 464 399 464 399 464 399 464 399 464 399 464 399 464 399 464 399 464 399 464 399 464 399 464 399 464 399 464 399 464 399 464 399 464 399 464 1285 464 1285 464 399 464 399 464 1285 464 399 464 1285 464 399 464 1285 464 1285 464 399 464 1285 464
Mitsubishi_MSH_GA71VB.ir,Temp_up,MITSUBISHI112 70 bits 23cb2601002408173d00000030c5,1,True,learned fidelity_check (227 timings),MITSUBISHI112 70 bits 23cb2601002408173d00000030c5,True,-10.3,15.8,41,3477 1704 465 1251 463 1254 460 411 467 405 462 410 468 1249 465 406 461 410 468 1249 465 1252 462 409 469 1248 466 406 461 410 468 1249 465 1252 462 409 469 1248 466 1251 463 408 470 402 465 1252 462 409 469 403 464 1253 461 410 468 404 463 408 470 402 465 407 460 411 467 405 462 409 469 403 464 407 460 412 466 405 462 410 468 404 463 408 459 412 465 406 461 1255 470 402 465 407 460 1256 469 403 464 407 460 411 467 405 462 410 468 1249 465 406 461 410 468 404 463 408 470 1248 466 1250 464 1252 462 410 468 1249 465 407 460 411 467 405 462 1255 459 412 466 1251 463 1254 460 1256 469 1248 466 406 461 410 468 404 463 409 469 403 464 407 460 411 467 405 462 409 469 403 464 407 460 412 466 405 462 410 468 404 463 408 459 412 466 406 461 410 468 404 463 408 470 402 465 406 461 411 467 404 463 409 469 402 465 407 460 411 467 405 462 1254 460 1256 469 403 464 407 460 1257 468 404 463 1254 460 411 467 405 462 409 469 1249 465 1251 463,3477 1704 465 1251 463 1254 460 411 467 405 462 410 468 1249 465 406 461 410 468 1249 465 1252 462 409 469 1248 466 406 461 410 468 1249 465 1252 462 409 469 1248 466 1251 463 408 470 402 465 1252 462 409 469 403 464 1253 461 410 468 404 463 408 470 402 465 407 460 411 467 405 462 409 469 403 464 407 460 412 466 405 462 410 468 404 463 408 459 412 465 406 461 1255 470 402 465 407 460 1256 469 403 464 407 460 411 467 405 462 410 468 1249 465 406 461 410 468 404 463 408 470 1248 466 1250 464 1252 462 410 468 1249 465 407 460 411 467 405 462 1255 459 412 466 1251 463 1254 460 1256 469 1248 466 406 461 410 468 404 463 409 469 403 464 407 460 411 467 405 462 409 469 403 464 407 460 412 466 405 462 410 468 404 463 408 459 412 466 406 461 410 468 404 463 408 470 402 465 406 461 411 467 404 463 409 469 402 465 407 460 411 467 405 462 1254 460 1256 469 403 464 407 460 1257 468 404 463 1254 460 411 467 405 462 409 469 1249 465 1251 463,3501 1714 379 1331 433 1277 478 363 465 407 531 356 418 1324 431 405 415 453 468 1275 477 1233 477 386 415 1327 469 367 441 428 468 1274 477 1259 412 425 440 1302 477 1234 476 366 465 406 529 1230 360 477 468 400 467 1276 477 365 494 378 529 356 415 453 391 477 419 450 468 400 468 403 466 406 495 376 530 357 445 422 478 390 467 402 440 428 438 432 467 403 465 1274 385 478 445 423 476 1266 476 361 468 402 466 406 493 378 530 356 390 1352 437 400 415 453 468 402 468 404 464 1273 409 1327 406 1305 471 366 467 1274 477 387 512 355 415 454 416 1326 434 403 468 1274 476 1260 413 1298 477 1233 477 364 465 406 499 373 528 356 415 453 414 454 401 468 468 401 467 404 464 407 530 342 528 356 419 450 447 421 468 400 468 400 442 430 465 407 497 374 493 393 483 384 442 427 439 429 415 453 469 401 467 405 491 380 531 357 512 355 415 453 416 1327 434 1276 478 366 528 343 529 1229 459 378 415 1327 478 361 477 395 503 369 461 1297 406 1304 472,3488 1727 454 1289 454 1289 454 415 454 415 454 415 454 1289 454 415 454 415 454 1289 454 1289 454 415 454 1289 454 415 454 415 454 1289 454 1289 454 415 454 1289 454 1289 454 415 454 415 454 1289 454 415 454 415 454 1289 454 415 454 415 454 415 454 415 454 415 454 415 454 415 454 415 454 415 454 415 454 415 454 415 454 415 454 415 454 415 454 415 454 415 454 1289 454 415 454 415 454 1289 454 415 454 415 454 415 454 415 454 415 454 1289 454 415 454 415 454 415 454 415 454 1289 454 1289 454 1289 454 415 454 1289 454 415 454 415 454 415 454 1289 454 415 454 1289 454 1289 454 1289 454 1289 454 415 454 415 454 415 454 415 454 415 454 415 454 415 454 415 454 415 454 415 454 415 454 415 454 415 454 415 454 415 454 415 454 415 454 415 454 415 454 415 454 415 454 415 454 415 454 415 454 415 454 415 454 415 454 415 454 415 454 415 454 1289 454 1289 454 415 454 415 454 1289 454 415 454 1289 454 415 454 415 454 415 454 1289 454 1289 454
Mitsubishi_MSH_GA71VB.ir,Temp_up,MITSUBISHI112 70 bits 23cb2601002408173d00000030c5,2,True,learned fidelity_check (227 timings),MITSUBISHI112 70 bits 23cb2601002408173d00000030c5,True,44.5,-30.1,46,3477 1704 465 1251 463 1254 460 411 467 405 462 410 468 1249 465 406 461 410 468 1249 465 1252 462 409 469 1248 466 406 461 410 468 1249 465 1252 462 409 469 1248 466 1251 463 408 470 402 465 1252 462 409 469 403 464 1253 461 410 468 404 463 408 470 402 465 407 460 411 467 405 462 409 469 403 464 407 460 412 466 405 462 410 468 404 463 408 459 412 465 406 461 1255 470 402 465 407 460 1256 469 403 464 407 460 411 467 405 462 410 468 1249 465 406 461 410 468 404 463 408 470 1248 466 1250 464 1252 462 410 468 1249 465 407 460 411 467 405 462 1255 459 412 466 1251 463 1254 460 1256 469 1248 466 406 461 410 468 404 463 409 469 403 464 407 460 411 467 405 462 409 469 403 464 407 460 412 466 405 462 410 468 404 463 408 459 412 466 406 461 410 468 404 463 408 470 402 465 406 461 411 467 404 463 409 469 402 465 407 460 411 467 405 462 1254 460 1256 469 403 464 407 460 1257 468 404 463 1254 460 411 467 405 462 409 469 1249 465 1251 463,3488 1727 454 1289 454 1289 454 415 454 415 454 415 454 1289 454 415 454 415 454 1289 454 1289 454 415 454 1289 454 415 454 415 454 1289 454 1289 454 415 454 1289 454 1289 454 415 454 415 454 1289 454 415 454 415 454 1289 454 415 454 415 454 415 454 415 454 415 454 415 454 415 454 415 454 415 454 415 454 415 454 415 454 415 454 415 454 415 454 415 454 415 454 1289 454 415 454 415 454 1289 454 415 454 415 454 415 454 415 454 415 454 1289 454 415 454 415 454 415 454 415 454 1289 454 1289 454 1289 454 415 454 1289 454 415 454 415 454 415 454 1289 454 415 454 1289 454 1289 454 1289 454 1289 454 415 454 415 454 415 454 415 454 415 454 415 454 415 454 415 454 415 454 415 454 415 454 415 454 415 454 415 454 415 454 415 454 415 454 415 454 415 454 415 454 415 454 415 454 415 454 415 454 415 454 415 454 415 454 415 454 415 454 415 454 1289 454 1289 454 415 454 415 454 1289 454 415 454 1289 454 415 454 415 454 415 454 1289 454 1289 454,3490 1751 403 1333 478 1285 439 398 512 356 512 356 513 1256 410 426 478 390 474 1295 433 1303 476 372 528 1256 439 397 513 355 513 1256 359 1378 464 377 464 1300 476 1287 439 397 513 355 513 1256 379 457 415 454 414 1354 476 369 531 338 530 338 530 340 528 357 512 356 512 356 512 356 513 355 513 355 513 356 512 356 513 355 514 355 512 357 512 355 514 355 513 1255 359 477 416 454 414 1353 477 367 532 337 531 339 530 338 530 340 528 1256 439 398 512 356 513 355 513 355 513 1256 379 1358 471 1266 476 386 513 1255 439 398 512 356 511 358 485 1283 405 433 413 1354 476 1287 439 1297 412 1327 403 433 414 455 413 457 434 434 436 433 460 409 464 406 494 374 503 367 531 338 530 338 531 339 529 340 528 357 512 356 512 356 512 356 513 355 512 356 513 356 512 356 513 355 513 356 512 356 513 355 513 356 512 356 511 357 510 359 485 383 482 1286 406 1331 478 368 529 340 528 1256 439 398 512 1256 359 478 447 421 445 424 418 1350 470 1266 478,3477 1764 499 1300 499 1300 499 369 499 369 499 369 499 1300 499 369 499 369 499 1300 499 1300 499 369 499 1300 499 369 499 369 499 1300 499 1300 499 369 499 1300 499 1300 499 369 499 369 499 1300 499 369 499 369 499 1300 499 369 499 369 499 369 499 369 499 369 499 369 499 369 499 369 499 369 499 369 499 369 499 369 499 369 499 369 499 369 499 369 499 369 499 1300 499 369 499 369 499 1300 499 369 499 369 499 369 499 369 499 369 499 1300 499 369 499 369 499 369 499 369 499 1300 499 1300 499 1300 499 369 499 1300 499 369 499 369 499 369 499 1300 499 369 499 1300 499 1300 499 1300 499 1300 499 369 499 369 499 369 499 369 499 369 499 369 499 369 499 369 499 369 499 369 499 369 499 369 499 369 499 369 499 369 499 369 499 369 499 369 499 369 499 369 499 369 499 369 499 369 499 369 499 369 499 369 499 369 499 369 499 369 499 369 499 1300 499 1300 499 369 499 369 499 1300 499 369 499 1300 499 369 499 369 499 369 499 1300 499 1300 499
Mitsubishi_MSH_GA71VB.ir,Temp_down,MITSUBISHI112 70 bits 23cb2601002408273d00000030d5,1,True,learned fidelity_check (227 timings),MITSUBISHI112 70 bits 23cb2601002408273d00000030d5,True,-10.2,15.6,109,3477 1703 466 1251 463 1253 461 411 467 404 463 409 469 1248 466 405 462 409 469 1249 465 1251 463 408 470 1248 466 405 462 409 469 1248 466 1251 463 408 459 1258 467 1250 464 407 460 411 467 1251 463 408 459 412 466 1251 463 408 470 402 465 406 461 411 467 405 462 409 469 403 464 407 460 411 467 405 462 409 469 403 464 407 460 411 467 405 462 409 469 403 464 1252 462 409 469 403 464 1253 461 410 468 404 463 408 470 402 465 407 460 1256 469 402 465 407 460 411 467 405 462 1254 460 1257 468 1249 465 406 461 411 467 1250 464 407 460 412 466 1251 463 408 470 1247 467 1250 464 1252 462 1255 470 402 465 406 461 411 467 405 462 409 469 403 464 407 460 411 467 405 462 409 469 403 464 408 459 412 466 406 461 410 468 404 463 408 459 412 466 406 461 410 468 404 463 408 470 402 465 406 461 410 468 404 463 409 469 402 465 407 460 411 467 1250 464 1252 462 409 469 403 464 1253 461 410 468 1250 464 407 460 1256 469 403 464 1253 461 1256 469,3477 1703 466 1251 463 1253 461 411 467 404 463 409 469 1248 466 405 462 409 469 1249 465 1251 463 408 470 1248 466 405 462 409 469 1248 466 1251 463 408 459 1258 467 1250 464 407 460 411 467 1251 463 408 459 412 466 1251 463 408 470 402 465 406 461 411 467 405 462 409 469 403 464 407 460 411 467 405 462 409 469 403 464 407 460 411 467 405 462 409 469 403 464 1252 462 409 469 403 464 1253 461 410 468 404 463 408 470 402 465 407 460 1256 469 402 465 407 460 411 467 405 462 1254 460 1257 468 1249 465 406 461 411 467 1250 464 407 460 412 466 1251 463 408 470 1247 467 1250 464 1252 462 1255 470 402 465 406 461 411 467 405 462 409 469 403 464 407 460 411 467 405 462 409 469 403 464 408 459 412 466 406 461 410 468 404 463 408 459 412 466 406 461 410 468 404 463 408 470 402 465 406 461 410 468 404 463 409 469 402 465 407 460 411 467 1250 464 1252 462 409 469 403 464 1253 461 410 468 1250 464 407 460 1256 469 403 464 1253 461 1256 469,3416 1799 475 1235 477 1233 478 385 391 477 419 450 468 1274 478 361 465 406 492 1271 358 1353 406 430 468 1274 477 365 497 374 472 1288 404 1307 463 373 416 1326 477 1233 469 394 511 358 439 1303 476 361 467 404 466 1273 477 385 416 453 415 453 391 477 469 400 468 403 466 406 530 342 528 356 419 450 445 423 468 400 468 401 440 429 467 406 492 378 495 393 483 1258 359 478 468 400 468 1274 478 365 499 374 528 356 415 453 415 453 390 1352 477 363 465 407 497 373 501 385 510 1232 359 1352 476 1234 477 367 532 355 443 1299 429 408 394 474 468 1274 478 366 466 1295 405 1305 465 1246 477 1233 438 426 481 386 510 358 440 429 415 453 468 401 467 404 465 406 501 371 529 356 415 453 396 473 418 450 468 401 467 404 465 406 504 368 529 356 446 422 478 390 468 401 440 428 469 401 467 405 490 380 503 385 510 358 439 429 415 453 416 453 468 1273 504 1207 478 385 416 452 415 1327 437 400 468 1274 481 366 529 1229 463 373 416 1327 480 1236 468,3403 1812 455 1287 455 1287 455 414 455 414 455 414 455 1287 455 414 455 414 455 1287 455 1287 455 414 455 1287 455 414 455 414 455 1287 455 1287 455 414 455 1287 455 1287 455 414 455 414 455 1287 455 414 455 414 455 1287 455 414 455 414 455 414 455 414 455 414 455 414 455 414 455 414 455 414 455 414 455 414 455 414 455 414 455 414 455 414 455 414 455 414 455 1287 455 414 455 414 455 1287 455 414 455 414 455 414 455 414 455 414 455 1287 455 414 455 414 455 414 455 414 455 1287 455 1287 455 1287 455 414 455 414 455 1287 455 414 455 414 455 1287 455 414 455 1287 455 1287 455 1287 455 1287 455 414 455 414 455 414 455 414 455 414 455 414 455 414 455 414 455 414 455 414 455 414 455 414 455 414 455 414 455 414 455 414 455 414 455 414 455 414 455 414 455 414 455 414 455 414 455 414 455 414 455 414 455 414 455 414 455 414 455 414 455 1287 455 1287 455 414 455 414 455 1287 455 414 455 1287 455 414 455 1287 455 414 455 1287 455 1287 455
Mitsubishi_MSH_GA71VB.ir,Temp_down,MITSUBISHI112 70 bits 23cb2601002408273d00000030d5,2,True,learned fidelity_check (227 timings),MITSUBISHI112 70 bits 23cb2601002408273d00000030d5,True,9.0,-11.4,20,3477 1703 466 1251 463 1253 461 411 467 404 463 409 469 1248 466 405 462 409 469 1249 465 1251 463 408 470 1248 466 405 462 409 469 1248 466 1251 463 408 459 1258 467 1250 464 407 460 411 467 1251 463 408 459 412 466 1251 463 408 470 402 465 406 461 411 467 405 462 409 469 403 464 407 460 411 467 405 462 409 469 403 464 407 460 411 467 405 462 409 469 403 464 1252 462 409 469 403 464 1253 461 410 468 404 463 408 470 402 465 407 460 1256 469 402 465 407 460 411 467 405 462 1254 460 1257 468 1249 465 406 461 411 467 1250 464 407 460 412 466 1251 463 408 470 1247 467 1250 464 1252 462 1255 470 402 465 406 461 411 467 405 462 409 469 403 464 407 460 411 467 405 462 409 469 403 464 408 459 412 466 406 461 410 468 404 463 408 459 412 466 406 461 410 468 404 463 408 470 402 465 406 461 410 468 404 463 409 469 402 465 407 460 411 467 1250 464 1252 462 409 469 403 464 1253 461 410 468 1250 464 407 460 1256 469 403 464 1253 461 1256 469,3403 1812 455 1287 455 1287 455 414 455 414 455 414 455 1287 455 414 455 414 455 1287 455 1287 455 414 455 1287 455 414 455 414 455 1287 455 1287 455 414 455 1287 455 1287 455 414 455 414 455 1287 455 414 455 414 455 1287 455 414 455 414 455 414 455 414 455 414 455 414 455 414 455 414 455 414 455 414 455 414 455 414 455 414 455 414 455 414 455 414 455 414 455 1287 455 414 455 414 455 1287 455 414 455 414 455 414 455 414 455 414 455 1287 455 414 455 414 455 414 455 414 455 1287 455 1287 455 1287 455 414 455 414 455 1287 455 414 455 414 455 1287 455 414 455 1287 455 1287 455 1287 455 1287 455 414 455 414 455 414 455 414 455 414 455 414 455 414 455 414 455 414 455 414 455 414 455 414 455 414 455 414 455 414 455 414 455 414 455 414 455 414 455 414 455 414 455 414 455 414 455 414 455 414 455 414 455 414 455 414 455 414 455 414 455 1287 455 1287 455 414 455 414 455 1287 455 414 455 1287 455 414 455 1287 455 414 455 1287 455 1287 455,3422 1818 359 1377 431 1306 477 368 531 337 531 338 531 1255 438 399 513 355 513 1255 409 1328 405 433 414 1353 476 368 529 340 531 1228 507 1257 439 397 512 1257 359 1377 463 379 461 408 465 1298 477 387 511 356 512 1256 440 397 513 355 513 355 512 357 509 359 484 385 480 388 476 392 448 421 444 424 419 449 417 452 393 475 390 478 415 454 415 454 414 456 435 1330 478 368 530 339 529 1256 438 398 513 356 513 355 513 355 513 356 512 1256 359 478 418 451 416 451 391 477 391 1377 478 1260 478 1284 414 423 513 355 513 1255 360 477 445 423 420 1349 462 379 459 1305 480 1282 415 1322 412 1325 380 456 415 454 415 454 414 456 413 455 437 432 437 433 460 409 462 406 492 378 495 374 501 368 530 339 530 338 530 340 528 340 529 357 510 358 511 357 512 357 510 357 512 356 512 357 511 357 489 379 491 378 511 357 488 380 488 381 485 383 458 1309 403 1335 470 371 464 405 494 1269 481 383 487 1278 412 427 488 1278 361 478 444 1323 464 1272 485,3409 1831 464 1297 464 1297 464 394 464 394 464 394 464 1297 464 394 464 394 464 1297 464 1297 464 394 464 1297 464 394 464 394 464 1297 464 1297 464 394 464 1297 464 1297 464 394 464 394 464 1297 464 394 464 394 464 1297 464 394 464 394 464 394 464 394 464 394 464 394 464 394 464 394 464 394 464 394 464 394 464 394 464 394 464 394 464 394 464 394 464 394 464 1297 464 394 464 394 464 1297 464 394 464 394 464 394 464 394 464 394 464 1297 464 394 464 394 464 394 464 394 464 1297 464 1297 464 1297 464 394 464 394 464 1297 464 394 464 394 464 1297 464 394 464 1297 464 1297 464 1297 464 1297 464 394 464 394 464 394 464 394 464 394 464 394 464 394 464 394 464 394 464 394 464 394 464 394 464 394 464 394 464 394 464 394 464 394 464 394 464 394 464 394 464 394 464 394 464 394 464 394 464 394 464 394 464 394 464 394 464 394 464 394 464 1297 464 1297 464 394 464 394 464 1297 464 394 464 1297 464 394 464 1297 464 394 464 1297 464 1297 464
Mitsubishi_MSH_GA71VB.ir,Mode,MITSUBISHI112 70 bits 23cb26010024030a3d00000030b3,1,True,learned fidelity_check (227 timings),MITSUBISHI112 70 bits 23cb26010024030a3d00000030b3,True,-9.4,15.3,40,3484 1696 462 1254 460 1257 468 404 463 408 470 402 465 1252 462 410 468 404 463 1253 461 1256 469 403 464 1253 461 410 468 404 463 1254 460 1257 468 403 464 1253 461 1256 469 403 464 407 460 1257 468 404 463 408 470 1248 466 405 462 409 469 403 464 408 459 412 466 406 461 410 468 404 463 409 469 403 464 407 460 411 467 405 462 410 468 404 463 408 459 412 465 1251 463 408 470 402 465 1252 462 409 469 403 464 1253 461 1256 469 403 464 407 460 411 466 406 461 410 468 404 463 409 469 1248 466 405 462 1254 460 412 465 406 461 410 468 404 463 1254 460 411 467 1250 464 1253 461 1256 469 1248 466 405 462 410 468 404 463 409 469 403 464 407 460 411 467 405 462 410 468 403 464 408 459 412 466 406 461 410 468 404 463 408 459 412 466 406 461 411 467 405 462 409 469 403 464 407 460 411 466 405 462 410 468 404 463 408 459 412 466 406 461 1255 470 1247 467 405 462 409 469 1249 465 1251 463 409 469 402 465 1252 462 1255 470 402 465 1252 462,3484 1696 462 1254 460 1257 468 404 463 408 470 402 465 1252 462 410 468 404 463 1253 461 1256 469 403 464 1253 461 410 468 404 463 1254 460 1257 468 403 464 1253 461 1256 469 403 464 407 460 1257 468 404 463 408 470 1248 466 405 462 409 469 403 464 408 459 412 466 406 461 410 468 404 463 409 469 403 464 407 460 411 467 405 462 410 468 404 463 408 459 412 465 1251 463 408 470 402 465 1252 462 409 469 403 464 1253 461 1256 469 403 464 407 460 411 466 406 461 410 468 404 463 409 469 1248 466 405 462 1254 460 412 465 406 461 410 468 404 463 1254 460 411 467 1250 464 1253 461 1256 469 1248 466 405 462 410 468 404 463 409 469 403 464 407 460 411 467 405 462 410 468 403 464 408 459 412 466 406 461 410 468 404 463 408 459 412 466 406 461 411 467 405 462 409 469 403 464 407 460 411 466 405 462 410 468 404 463 408 459 412 466 406 461 1255 470 1247 467 405 462 409 469 1249 465 1251 463 409 469 402 465 1252 462 1255 470 402 465 1252 462,3486 1722 475 1235 477 1234 384 478 472 397 468 400 465 1277 478 363 493 379 531 1229 411 1299 478 359 468 1275 477 367 501 386 510 1231 359 1352 477 360 468 1274 477 1259 432 405 414 454 415 1327 477 365 492 378 467 1294 405 432 415 453 468 400 468 402 467 405 466 406 531 356 419 448 449 420 468 400 466 402 440 429 468 405 466 406 497 389 486 382 511 357 415 1328 472 364 468 403 466 1273 477 386 415 453 390 1352 435 1276 476 367 531 340 529 356 446 423 475 393 468 401 441 427 468 1274 478 368 529 1230 412 424 416 452 416 453 468 402 466 1274 478 386 447 1294 405 1306 465 1245 478 1232 440 423 483 385 441 428 439 430 467 402 467 404 492 379 506 382 512 356 415 453 415 453 416 453 468 401 468 404 465 406 532 340 528 356 418 450 447 422 468 400 466 402 468 405 465 405 530 342 499 386 486 382 440 428 415 453 415 454 468 402 466 1274 414 1323 405 431 390 478 469 1273 491 1220 480 383 414 454 418 1324 433 1277 503 340 494 1242 477,3473 1735 455 1287 455 1287 455 415 455 415 455 415 455 1287 455 415 455 415 455 1287 455 1287 455 415 455 1287 455 415 455 415 455 1287 455 1287 455 415 455 1287 455 1287 455 415 455 415 455 1287 455 415 455 415 455 1287 455 415 455 415 455 415 455 415 455 415 455 415 455 415 455 415 455 415 455 415 455 415 455 415 455 415 455 415 455 415 455 415 455 415 455 1287 455 415 455 415 455 1287 455 415 455 415 455 1287 455 1287 455 415 455 415 455 415 455 415 455 415 455 415 455 415 455 1287 455 415 455 1287 455 415 455 415 455 415 455 415 455 1287 455 415 455 1287 455 1287 455 1287 455 1287 455 415 455 415 455 415 455 415 455 415 455 415 455 415 455 415 455 415 455 415 455 415 455 415 455 415 455 415 455 415 455 415 455 415 455 415 455 415 455 415 455 415 455 415 455 415 455 415 455 415 455 415 455 415 455 415 455 415 455 415 455 1287 455 1287 455 415 455 415 455 1287 455 1287 455 415 455 415 455 1287 455 1287 455 415 455 1287 455
Mitsubishi_MSH_GA71VB.ir,Mode,MITSUBISHI112 70 bits 23cb26010024030a3d00000030b3,2,True,learned fidelity_check (227 timings),MITSUBISHI112 70 bits 23cb26010024030a3d00000030b3,True,11.0,-18.9,31,3484 1696 462 1254 460 1257 468 404 463 408 470 402 465 1252 462 410 468 404 463 1253 461 1256 469 403 464 1253 461 410 468 404 463 1254 460 1257 468 403 464 1253 461 1256 469 403 464 407 460 1257 468 404 463 408 470 1248 466 405 462 409 469 403 464 408 459 412 466 406 461 410 468 404 463 409 469 403 464 407 460 411 467 405 462 410 468 404 463 408 459 412 465 1251 463 408 470 402 465 1252 462 409 469 403 464 1253 461 1256 469 403 464 407 460 411 466 406 461 410 468 404 463 409 469 1248 466 405 462 1254 460 412 465 406 461 410 468 404 463 1254 460 411 467 1250 464 1253 461 1256 469 1248 466 405 462 410 468 404 463 409 469 403 464 407 460 411 467 405 462 410 468 403 464 408 459 412 466 406 461 410 468 404 463 408 459 412 466 406 461 411 467 405 462 409 469 403 464 407 460 411 466 405 462 410 468 404 463 408 459 412 466 406 461 1255 470 1247 467 405 462 409 469 1249 465 1251 463 409 469 402 465 1252 462 1255 470 402 465 1252 462,3473 1735 455 1287 455 1287 455 415 455 415 455 415 455 1287 455 415 455 415 455 1287 455 1287 455 415 455 1287 455 415 455 415 455 1287 455 1287 455 415 455 1287 455 1287 455 415 455 415 455 1287 455 415 455 415 455 1287 455 415 455 415 455 415 455 415 455 415 455 415 455 415 455 415 455 415 455 415 455 415 455 415 455 415 455 415 455 415 455 415 455 415 455 1287 455 415 455 415 455 1287 455 415 455 415 455 1287 455 1287 455 415 455 415 455 415 455 415 455 415 455 415 455 415 455 1287 455 415 455 1287 455 415 455 415 455 415 455 415 455 1287 455 415 455 1287 455 1287 455 1287 455 1287 455 415 455 415 455 415 455 415 455 415 455 415 455 415 455 415 455 415 455 415 455 415 455 415 455 415 455 415 455 415 455 415 455 415 455 415 455 415 455 415 455 415 455 415 455 415 455 415 455 415 455 415 455 415 455 415 455 415 455 415 455 1287 455 1287 455 415 455 415 455 1287 455 1287 455 415 455 415 455 1287 455 1287 455 415 455 1287 455,3500 1740 359 1378 433 1303 478 369 529 356 512 356 513 1255 439 398 513 355 478 1290 406 1331 478 366 531 1229 504 360 512 356 514 1255 384 1352 406 434 436 1329 477 1286 440 397 512 356 513 1256 383 453 419 449 391 1378 469 373 499 371 531 340 529 356 512 356 513 355 512 356 513 356 512 356 510 358 479 390 445 423 417 451 415 456 413 457 436 434 492 378 528 1233 476 387 512 356 513 1256 410 426 447 422 417 1351 462 1274 477 371 528 356 512 356 513 355 513 355 513 356 511 357 484 1285 404 433 414 1353 477 368 531 340 529 355 512 356 513 1255 414 423 484 1285 403 1333 473 1263 477 1287 439 397 513 355 511 358 482 386 450 418 419 450 415 454 415 456 436 433 463 408 499 371 531 339 529 356 512 356 512 356 513 355 513 356 512 356 487 381 478 391 445 423 416 453 414 456 413 457 437 433 493 377 529 341 530 340 528 356 512 356 513 1255 414 1323 359 478 415 454 414 1353 477 1260 478 385 512 356 513 1255 409 1328 405 434 413 1352 480,3487 1753 466 1300 466 1300 466 384 466 384 466 384 466 1300 466 384 466 384 466 1300 466 1300 466 384 466 1300 466 384 466 384 466 1300 466 1300 466 384 466 1300 466 1300 466 384 466 384 466 1300 466 384 466 384 466 1300 466 384 466 384 466 384 466 384 466 384 466 384 466 384 466 384 466 384 466 384 466 384 466 384 466 384 466 384 466 384 466 384 466 384 466 1300 466 384 466 384 466 1300 466 384 466 384 466 1300 466 1300 466 384 466 384 466 384 466 384 466 384 466 384 466 384 466 1300 466 384 466 1300 466 384 466 384 466 384 466 384 466 1300 466 384 466 1300 466 1300 466 1300 466 1300 466 384 466 384 466 384 466 384 466 384 466 384 466 384 466 384 466 384 466 384 466 384 466 384 466 384 466 384 466 384 466 384 466 384 466 384 466 384 466 384 466 384 466 384 466 384 466 384 466 384 466 384 466 384 466 384 466 384 466 384 466 1300 466 1300 466 384 466 384 466 1300 466 1300 466 384 466 384 466 1300 466 1300 466 384 466 1300 466
Panasonic_CWA75C4179.ir,Off,PANASONIC_AC 0 bits 0220e004000000060220e00400392c80af0d000ee0000081000016,1,True,learned fidelity_check (439 timings),PANASONIC_AC 0 bits 0220e004000000060220e00400392c80af0d000ee0000081000016,True,-15.1,27.1,122,3472 1744 416 457 415 1306 418 463 419 466 416 473 419 474 418 478 414 457 415 458 414 463 419 462 420 465 417 472 420 1316 418 479 413 458 414 459 413 464 418 463 419 466 416 473 419 1318 416 1324 420 1295 418 454 418 459 413 1312 422 463 419 470 422 471 421 475 417 454 418 455 417 460 422 459 413 472 420 469 413 480 412 485 417 453 419 454 418 459 413 468 414 471 421 468 414 479 413 484 418 452 420 453 419 458 414 468 414 471 421 467 415 478 414 483 419 451 421 453 419 1301 412 1312 422 463 419 470 422 471 421 476 416 433 418 10535 3469 1746 414 459 413 1308 415 465 417 468 414 475 417 476 416 481 421 449 413 461 421 455 417 465 417 467 415 474 418 1319 415 482 420 450 422 451 421 457 415 466 416 469 413 476 416 1320 414 1327 417 1297 416 457 415 462 420 1305 419 466 416 473 419 474 418 478 414 457 415 458 414 463 419 462 420 465 417 472 420 473 419 477 415 456 416 1301 412 464 418 463 419 1310 413 1319 415 1321 413 485 417 453 419 454 418 459 413 1312 422 1307 416 472 420 1317 416 480 412 459 413 460 412 465 417 464 418 467 415 474 418 475 417 479 413 1302 422 1295 418 1302 421 1303 421 1308 415 473 419 1318 416 481 421 1293 420 1296 417 460 412 1313 421 1307 416 473 419 473 419 478 414 457 415 458 414 463 419 462 420 465 417 472 420 473 419 477 415 456 416 457 415 1306 418 1307 416 1312 422 467 415 478 414 483 419 451 421 452 420 457 415 467 415 469 413 476 416 1321 413 1328 416 1298 415 458 414 463 419 462 420 465 417 472 420 472 420 477 415 456 416 457 415 462 420 461 421 464 418 470 422 471 421 476 416 454 418 1299 414 463 419 461 421 464 418 471 421 472 420 477 415 1299 414 459 413 464 418 463 419 466 416 473 419 473 419 478 414 457 415 458 414 463 419 462 420 465 417 472 420 473 419 477 415 456 416 457 415 1306 417 1307 416 468 414 1319 415 478 414 483 419 430 421,3472 1744 416 457 415 1306 418 463 419 466 416 473 419 474 418 478 414 457 415 458 414 463 419 462 420 465 417 472 420 1316 418 479 413 458 414 459 413 464 418 463 419 466 416 473 419 1318 416 1324 420 1295 418 454 418 459 413 1312 422 463 419 470 422 471 421 475 417 454 418 455 417 460 422 459 413 472 420 469 413 480 412 485 417 453 419 454 418 459 413 468 414 471 421 468 414 479 413 484 418 452 420 453 419 458 414 468 414 471 421 467 415 478 414 483 419 451 421 453 419 1301 412 1312 422 463 419 470 422 471 421 476 416 433 418 10535 3469 1746 414 459 413 1308 415 465 417 468 414 475 417 476 416 481 421 449 413 461 421 455 417 465 417 467 415 474 418 1319 415 482 420 450 422 451 421 457 415 466 416 469 413 476 416 1320 414 1327 417 1297 416 457 415 462 420 1305 419 466 416 473 419 474 418 478 414 457 415 458 414 463 419 462 420 465 417 472 420 473 419 477 415 456 416 1301 412 464 418 463 419 1310 413 1319 415 1321 413 485 417 453 419 454 418 459 413 1312 422 1307 416 472 420 1317 416 480 412 459 413 460 412 465 417 464 418 467 415 474 418 475 417 479 413 1302 422 1295 418 1302 421 1303 421 1308 415 473 419 1318 416 481 421 1293 420 1296 417 460 412 1313 421 1307 416 473 419 473 419 478 414 457 415 458 414 463 419 462 420 465 417 472 420 473 419 477 415 456 416 457 415 1306 418 1307 416 1312 422 467 415 478 414 483 419 451 421 452 420 457 415 467 415 469 413 476 416 1321 413 1328 416 1298 415 458 414 463 419 462 420 465 417 472 420 472 420 477 415 456 416 457 415 462 420 461 421 464 418 470 422 471 421 476 416 454 418 1299 414 463 419 461 421 464 418 471 421 472 420 477 415 1299 414 459 413 464 418 463 419 466 416 473 419 473 419 478 414 457 415 458 414 463 419 462 420 465 417 472 420 473 419 477 415 456 416 457 415 1306 417 1307 416 468 414 1319 415 478 414 483 419 430 421,3465 1771 332 530 362 1380 425 439 362 507 415 478 415 480 415 479 416 453 415 457 412 479 386 482 416 479 387 490 379 1380 333 557 423 445 337 531 387 483 414 479 389 483 414 477 415 1353 424 1313 419 1291 385 479 362 505 388 1355 355 507 416 479 416 478 416 479 416 453 415 453 415 461 381 506 415 480 386 487 443 450 413 485 438 431 383 504 363 505 416 460 477 410 415 480 389 505 363 532 416 452 416 453 415 462 474 412 415 480 413 461 443 450 413 484 384 485 381 506 411 1331 424 1287 410 453 415 479 415 479 416 479 415 431 411 10558 3388 1853 354 482 413 1330 424 438 414 462 474 414 415 479 415 482 387 483 413 460 380 506 416 457 413 476 417 478 389 1380 358 504 416 453 416 452 416 459 450 438 416 464 446 442 414 1350 424 1312 360 1350 334 529 388 480 417 1353 413 427 413 478 415 478 417 478 417 453 414 460 441 447 413 456 415 479 416 479 387 491 379 533 365 502 362 1380 416 423 413 479 416 1327 425 1310 428 1309 426 442 414 457 385 503 362 505 413 1329 381 1356 427 436 418 1350 427 436 416 453 415 457 412 479 362 506 415 480 362 516 354 538 413 483 449 1310 427 1284 452 1257 387 1351 426 1284 385 481 410 1355 427 442 358 1378 357 1379 419 419 415 1326 413 1324 427 436 416 478 415 480 415 455 414 459 441 447 413 456 415 480 415 479 388 490 379 532 366 502 364 505 415 1326 424 1312 431 1280 382 486 412 480 414 484 410 459 359 530 363 505 415 461 420 467 415 480 405 1361 384 1353 429 1282 429 413 414 476 388 481 415 479 412 467 378 514 356 541 413 471 338 531 388 480 417 478 389 482 417 476 420 474 423 472 423 445 422 1295 452 435 412 457 446 449 447 447 388 490 379 532 389 1323 382 486 447 423 459 435 455 417 456 433 459 437 457 437 458 413 455 417 448 441 454 416 454 439 451 441 419 476 384 511 338 532 386 482 416 1299 410 1323 413 461 411 1323 439 454 439 458 407 455 411,3452 1866 402 491 402 1340 402 491 402 491 402 491 402 491 402 491 402 491 402 491 402 491 402 491 402 491 402 491 402 1340 402 491 402 491 402 491 402 491 402 491 402 491 402 491 402 1340 402 1340 402 1340 402 491 402 491 402 1340 402 491 402 491 402 491 402 491 402 491 402 491 402 491 402 491 402 491 402 491 402 491 402 491 402 491 402 491 402 491 402 491 402 491 402 491 402 491 402 491 402 491 402 491 402 491 402 491 402 491 402 491 402 491 402 491 402 491 402 491 402 1340 402 1340 402 491 402 491 402 491 402 491 402 491 402 10571 3452 1866 402 491 402 1340 402 491 402 491 402 491 402 491 402 491 402 491 402 491 402 491 402 491 402 491 402 491 402 1340 402 491 402 491 402 491 402 491 402 491 402 491 402 491 402 1340 402 1340 402 1340 402 491 402 491 402 1340 402 491 402 491 402 491 402 491 402 491 402 491 402 491 402 491 402 491 402 491 402 491 402 491 402 491 402 1340 402 491 402 491 402 1340 402 1340 402 1340 402 491 402 491 402 491 402 491 402 1340 402 1340 402 491 402 1340 402 491 402 491 402 491 402 491 402 491 402 491 402 491 402 491 402 491 402 1340 402 1340 402 1340 402 1340 402 1340 402 491 402 1340 402 491 402 1340 402 1340 402 491 402 1340 402 1340 402 491 402 491 402 491 402 491 402 491 402 491 402 491 402 491 402 491 402 491 402 491 402 491 402 491 402 1340 402 1340 402 1340 402 491 402 491 402 491 402 491 402 491 402 491 402 491 402 491 402 491 402 1340 402 1340 402 1340 402 491 402 491 402 491 402 491 402 491 402 491 402 491 402 491 402 491 402 491 402 491 402 491 402 491 402 491 402 491 402 491 402 1340 402 491 402 491 402 491 402 491 402 491 402 491 402 1340 402 491 402 491 402 491 402 491 402 491 402 491 402 491 402 491 402 491 402 491 402 491 402 491 402 491 402 491 402 491 402 491 402 491 402 1340 402 1340 402 491 402 1340 402 491 402 491 402 491 402
Panasonic_CWA75C4179.ir,Off,PANASONIC_AC 0 bits 0220e004000000060220e00400392c80af0d000ee0000081000016,2,True,learned fidelity_check (439 timings),PANASONIC_AC 0 bits 0220e004000000060220e00400392c80af0d000ee0000081000016,True,-22.4,23.8,44,3472 1744 416 457 415 1306 418 463 419 466 416 473 419 474 418 478 414 457 415 458 414 463 419 462 420 465 417 472 420 1316 418 479 413 458 414 459 413 464 418 463 419 466 416 473 419 1318 416 1324 420 1295 418 454 418 459 413 1312 422 463 419 470 422 471 421 475 417 454 418 455 417 460 422 459 413 472 420 469 413 480 412 485 417 453 419 454 418 459 413 468 414 471 421 468 414 479 413 484 418 452 420 453 419 458 414 468 414 471 421 467 415 478 414 483 419 451 421 453 419 1301 412 1312 422 463 419 470 422 471 421 476 416 433 418 10535 3469 1746 414 459 413 1308 415 465 417 468 414 475 417 476 416 481 421 449 413 461 421 455 417 465 417 467 415 474 418 1319 415 482 420 450 422 451 421 457 415 466 416 469 413 476 416 1320 414 1327 417 1297 416 457 415 462 420 1305 419 466 416 473 419 474 418 478 414 457 415 458 414 463 419 462 420 465 417 472 420 473 419 477 415 456 416 1301 412 464 418 463 419 1310 413 1319 415 1321 413 485 417 453 419 454 418 459 413 1312 422 1307 416 472 420 1317 416 480 412 459 413 460 412 465 417 464 418 467 415 474 418 475 417 479 413 1302 422 1295 418 1302 421 1303 421 1308 415 473 419 1318 416 481 421 1293 420 1296 417 460 412 1313 421 1307 416 473 419 473 419 478 414 457 415 458 414 463 419 462 420 465 417 472 420 473 419 477 415 456 416 457 415 1306 418 1307 416 1312 422 467 415 478 414 483 419 451 421 452 420 457 415 467 415 469 413 476 416 1321 413 1328 416 1298 415 458 414 463 419 462 420 465 417 472 420 472 420 477 415 456 416 457 415 462 420 461 421 464 418 470 422 471 421 476 416 454 418 1299 414 463 419 461 421 464 418 471 421 472 420 477 415 1299 414 459 413 464 418 463 419 466 416 473 419 473 419 478 414 457 415 458 414 463 419 462 420 465 417 472 420 473 419 477 415 456 416 457 415 1306 417 1307 416 468 414 1319 415 478 414 483 419 430 421,3452 1866 402 491 402 1340 402 491 402 491 402 491 402 491 402 491 402 491 402 491 402 491 402 491 402 491 402 491 402 1340 402 491 402 491 402 491 402 491 402 491 402 491 402 491 402 1340 402 1340 402 1340 402 491 402 491 402 1340 402 491 402 491 402 491 402 491 402 491 402 491 402 491 402 491 402 491 402 491 402 491 402 491 402 491 402 491 402 491 402 491 402 491 402 491 402 491 402 491 402 491 402 491 402 491 402 491 402 491 402 491 402 491 402 491 402 491 402 491 402 1340 402 1340 402 491 402 491 402 491 402 491 402 491 402 10571 3452 1866 402 491 402 1340 402 491 402 491 402 491 402 491 402 491 402 491 402 491 402 491 402 491 402 491 402 491 402 1340 402 491 402 491 402 491 402 491 402 491 402 491 402 491 402 1340 402 1340 402 1340 402 491 402 491 402 1340 402 491 402 491 402 491 402 491 402 491 402 491 402 491 402 491 402 491 402 491 402 491 402 491 402 491 402 1340 402 491 402 491 402 1340 402 1340 402 1340 402 491 402 491 402 491 402 491 402 1340 402 1340 402 491 402 1340 402 491 402 491 402 491 402 491 402 491 402 491 402 491 402 491 402 491 402 1340 402 1340 402 1340 402 1340 402 1340 402 491 402 1340 402 491 402 1340 402 1340 402 491 402 1340 402 1340 402 491 402 491 402 491 402 491 402 491 402 491 402 491 402 491 402 491 402 491 402 491 402 491 402 491 402 1340 402 1340 402 1340 402 491 402 491 402 491 402 491 402 491 402 491 402 491 402 491 402 491 402 1340 402 1340 402 1340 402 491 402 491 402 491 402 491 402 491 402 491 402 491 402 491 402 491 402 491 402 491 402 491 402 491 402 491 402 491 402 491 402 1340 402 491 402 491 402 491 402 491 402 491 402 491 402 1340 402 491 402 491 402 491 402 491 402 491 402 491 402 491 402 491 402 491 402 491 402 491 402 491 402 491 402 491 402 491 402 491 402 491 402 1340 402 1340 402 491 402 1340 402 491 402 491 402 491 402,3506 1808 456 417 478 1308 385 478 460 435 459 419 476 417 477 416 447 446 410 482 384 510 360 533 362 532 365 530 394 1374 379 484 363 531 365 530 393 502 425 469 433 462 460 435 459 1309 307 1429 378 1359 426 443 437 456 383 1381 426 444 479 415 442 451 407 486 359 533 362 532 363 532 391 503 423 472 432 463 459 435 460 435 460 434 461 434 460 436 458 418 478 415 479 414 445 449 408 485 383 509 362 532 363 531 367 528 420 474 430 465 434 461 460 434 460 435 460 435 460 1308 361 1376 306 557 424 470 431 464 460 435 459 435 460 10514 3474 1871 358 505 461 1308 307 556 429 465 433 462 459 436 459 435 460 436 458 436 460 418 476 417 479 414 448 445 411 1352 426 446 477 416 476 417 439 454 383 510 360 533 361 533 364 1404 416 1321 427 1335 359 504 458 437 458 1309 359 505 437 458 435 460 435 444 451 442 452 440 454 439 443 451 407 486 359 533 362 532 363 532 390 505 397 1369 380 484 338 557 367 1400 416 1319 432 1332 359 506 434 461 434 444 451 441 454 1304 387 1350 386 506 429 1310 336 556 399 496 426 469 428 466 426 469 426 468 433 462 434 445 451 440 455 1304 394 1341 395 1342 336 1404 407 1353 434 440 453 1301 437 458 436 1303 391 1346 362 532 364 1372 381 1361 446 446 411 482 404 491 379 515 336 558 337 558 363 532 391 503 423 473 424 470 423 469 418 478 392 502 393 1345 418 1319 387 1350 356 538 336 559 362 533 389 505 416 479 415 479 414 481 389 504 388 507 387 1374 363 1373 338 1399 360 513 382 513 381 514 382 533 359 536 361 534 360 535 360 534 361 511 385 510 384 510 385 509 385 509 386 508 383 512 357 537 357 1381 384 511 382 512 380 514 356 539 356 538 356 539 357 1381 355 539 354 541 354 541 354 541 351 544 348 547 347 571 324 571 323 572 323 547 348 546 349 546 348 546 348 546 349 545 349 546 349 546 325 1412 348 1389 349 546 347 1414 323 572 324 546 348 547 349,3493 1884 379 515 379 1365 379 515 379 515 379 515 379 515 379 515 379 515 379 515 379 515 379 515 379 515 379 515 379 1365 379 515 379 515 379 515 379 515 379 515 379 515 379 515 379 1365 379 1365 379 1365 379 515 379 515 379 1365 379 515 379 515 379 515 379 515 379 515 379 515 379 515 379 515 379 515 379 515 379 515 379 515 379 515 379 515 379 515 379 515 379 515 379 515 379 515 379 515 379 515 379 515 379 515 379 515 379 515 379 515 379 515 379 515 379 515 379 515 379 1365 379 1365 379 515 379 515 379 515 379 515 379 515 379 10527 3493 1884 379 515 379 1365 379 515 379 515 379 515 379 515 379 515 379 515 379 515 379 515 379 515 379 515 379 515 379 1365 379 515 379 515 379 515 379 515 379 515 379 515 379 515 379 1365 379 1365 379 1365 379 515 379 515 379 1365 379 515 379 515 379 515 379 515 379 515 379 515 379 515 379 515 379 515 379 515 379 515 379 515 379 515 379 1365 379 515 379 515 379 1365 379 1365 379 1365 379 515 379 515 379 515 379 515 379 1365 379 1365 379 515 379 1365 379 515 379 515 379 515 379 515 379 515 379 515 379 515 379 515 379 515 379 1365 379 1365 379 1365 379 1365 379 1365 379 515 379 1365 379 515 379 1365 379 1365 379 515 379 1365 379 1365 379 515 379 515 379 515 379 515 379 515 379 515 379 515 379 515 379 515 379 515 379 515 379 515 379 515 379 1365 379 1365 379 1365 379 515 379 515 379 515 379 515 379 515 379 515 379 515 379 515 379 515 379 1365 379 1365 379 1365 379 515 379 515 379 515 379 515 379 515 379 515 379 515 379 515 379 515 379 515 379 515 379 515 379 515 379 515 379 515 379 515 379 1365 379 515 379 515 379 515 379 515 379 515 379 515 379 1365 379 515 379 515 379 515 379 515 379 515 379 515 379 515 379 515 379 515 379 515 379 515 379 515 379 515 379 515 379 515 379 515 379 515 379 1365 379 1365 379 515 379 1365 379 515 379 515 379 515 379
Panasonic_CWA75C4179.ir,POWER_ON,PANASONIC_AC 0 bits 0220e004000000060220e00400382c80af0d000ee0000081000015,1,True,learned fidelity_check (439 timings),PANASONIC_AC 0 bits 0220e004000000060220e00400382c80af0d000ee0000081000015,True,-44.9,40.6,76,3473 1716 444 455 417 1304 420 461 421 464 418 471 421 471 421 476 416 455 417 456 416 461 421 460 412 473 419 469 413 1324 420 477 415 455 417 457 415 462 420 461 421 463 419 470 422 1315 419 1321 413 1302 422 451 421 456 416 1309 414 470 422 467 415 478 414 482 420 451 421 452 420 457 415 466 416 469 413 476 416 477 415 481 421 450 412 461 421 456 416 465 417 468 414 474 418 475 417 480 412 458 414 459 413 464 418 463 419 466 416 473 419 474 418 478 414 457 415 458 414 1307 417 1308 416 469 413 476 416 477 415 481 421 428 413 10540 3465 1751 419 454 418 1302 422 459 413 472 420 469 413 480 412 485 417 453 419 454 418 459 413 468 414 471 421 468 414 1322 422 475 417 454 418 455 417 460 412 469 413 472 420 468 414 1323 421 1320 414 1300 413 460 412 465 417 1307 417 468 414 475 417 476 416 481 421 449 413 460 422 455 417 464 418 467 415 474 418 474 418 479 413 458 414 459 413 464 418 463 419 1309 415 1318 416 1321 413 484 418 452 420 453 419 458 414 1311 413 1316 418 471 421 1315 419 478 414 457 415 458 414 463 419 462 420 465 417 472 420 472 420 477 415 1299 414 1302 422 1299 414 1310 414 1315 419 470 422 1315 419 478 414 1300 413 1303 421 456 416 1309 415 1314 420 469 413 480 412 485 417 453 419 454 418 459 413 468 414 471 421 468 414 479 413 484 418 452 420 453 419 1302 422 1303 421 1307 417 473 419 473 419 478 414 457 415 458 414 463 419 462 420 465 417 471 421 1316 418 1322 422 1293 420 452 420 457 415 466 416 469 413 476 416 477 415 482 420 450 422 451 421 456 416 465 417 468 414 475 417 476 416 480 412 459 413 1304 420 457 415 466 416 469 413 476 416 477 415 481 421 1293 420 453 419 458 414 467 415 470 412 477 415 477 415 482 420 450 422 451 421 456 416 465 417 468 414 475 417 476 416 481 421 449 413 1304 420 457 415 1310 414 471 421 1311 413 481 421 475 417 432 419,3473 1716 444 455 417 1304 420 461 421 464 418 471 421 471 421 476 416 455 417 456 416 461 421 460 412 473 419 469 413 1324 420 477 415 455 417 457 415 462 420 461 421 463 419 470 422 1315 419 1321 413 1302 422 451 421 456 416 1309 414 470 422 467 415 478 414 482 420 451 421 452 420 457 415 466 416 469 413 476 416 477 415 481 421 450 412 461 421 456 416 465 417 468 414 474 418 475 417 480 412 458 414 459 413 464 418 463 419 466 416 473 419 474 418 478 414 457 415 458 414 1307 417 1308 416 469 413 476 416 477 415 481 421 428 413 10540 3465 1751 419 454 418 1302 422 459 413 472 420 469 413 480 412 485 417 453 419 454 418 459 413 468 414 471 421 468 414 1322 422 475 417 454 418 455 417 460 412 469 413 472 420 468 414 1323 421 1320 414 1300 413 460 412 465 417 1307 417 468 414 475 417 476 416 481 421 449 413 460 422 455 417 464 418 467 415 474 418 474 418 479 413 458 414 459 413 464 418 463 419 1309 415 1318 416 1321 413 484 418 452 420 453 419 458 414 1311 413 1316 418 471 421 1315 419 478 414 457 415 458 414 463 419 462 420 465 417 472 420 472 420 477 415 1299 414 1302 422 1299 414 1310 414 1315 419 470 422 1315 419 478 414 1300 413 1303 421 456 416 1309 415 1314 420 469 413 480 412 485 417 453 419 454 418 459 413 468 414 471 421 468 414 479 413 484 418 452 420 453 419 1302 422 1303 421 1307 417 473 419 473 419 478 414 457 415 458 414 463 419 462 420 465 417 471 421 1316 418 1322 422 1293 420 452 420 457 415 466 416 469 413 476 416 477 415 482 420 450 422 451 421 456 416 465 417 468 414 475 417 476 416 480 412 459 413 1304 420 457 415 466 416 469 413 476 416 477 415 481 421 1293 420 453 419 458 414 467 415 470 412 477 415 477 415 482 420 450 422 451 421 456 416 465 417 468 414 475 417 476 416 481 421 449 413 1304 420 457 415 1310 414 471 421 1311 413 481 421 475 417 432 419,3431 1769 432 460 389 1352 431 433 414 458 411 480 416 479 415 479 416 453 415 458 414 475 416 453 415 479 416 462 434 1325 357 533 362 505 387 482 415 456 411 480 416 458 409 481 415 1351 433 1305 430 1280 358 506 389 479 415 1326 399 465 415 480 415 479 387 508 415 453 416 452 416 462 419 467 415 480 396 477 414 480 414 481 359 512 453 422 427 453 416 460 414 473 415 479 416 479 414 481 363 505 415 453 415 461 412 475 415 481 365 508 410 482 410 486 440 431 447 440 391 1349 430 1278 363 507 412 480 416 479 416 478 416 430 412 10558 3458 1753 457 409 417 1301 357 530 363 513 357 532 413 480 418 479 416 455 411 460 385 501 364 509 415 476 418 476 338 1402 457 435 418 451 418 449 419 456 451 437 388 490 379 509 416 1323 413 1329 450 1276 399 471 384 484 453 1282 362 511 457 434 459 437 459 436 459 409 459 413 411 477 363 508 457 437 410 483 362 516 380 531 423 445 339 532 383 485 416 477 408 1308 442 1291 414 1323 416 480 416 455 383 506 383 486 408 1309 436 1296 412 481 414 1345 391 481 416 452 417 454 438 454 383 486 439 456 381 512 380 495 377 537 362 1348 361 1374 392 1319 390 1346 358 1354 383 511 383 1353 386 510 386 1325 384 1351 386 482 385 1328 380 1355 359 535 385 510 385 509 385 484 383 487 380 513 356 513 383 512 381 513 354 541 356 539 378 491 377 492 374 1360 351 1386 349 1362 350 544 350 544 350 545 349 520 349 520 350 543 350 519 351 543 350 545 350 1387 350 1386 350 1361 349 519 351 519 349 544 349 546 324 546 349 545 348 547 350 519 373 519 350 518 350 521 349 544 349 545 349 546 349 545 350 519 349 1362 349 545 325 543 349 546 344 527 348 546 348 547 373 1361 348 520 350 519 349 546 324 544 348 546 349 546 349 546 349 519 349 520 349 545 348 520 349 546 348 546 325 570 324 570 350 519 324 1387 348 520 349 1388 348 523 348 1387 347 547 349 546 348 519 348,3445 1782 372 504 372 1361 372 504 372 504 372 504 372 504 372 504 372 504 372 504 372 504 372 504 372 504 372 504 372 1361 372 504 372 504 372 504 372 504 372 504 372 504 372 504 372 1361 372 1361 372 1361 372 504 372 504 372 1361 372 504 372 504 372 504 372 504 372 504 372 504 372 504 372 504 372 504 372 504 372 504 372 504 372 504 372 504 372 504 372 504 372 504 372 504 372 504 372 504 372 504 372 504 372 504 372 504 372 504 372 504 372 504 372 504 372 504 372 504 372 1361 372 1361 372 504 372 504 372 504 372 504 372 504 372 10571 3445 1782 372 504 372 1361 372 504 372 504 372 504 372 504 372 504 372 504 372 504 372 504 372 504 372 504 372 504 372 1361 372 504 372 504 372 504 372 504 372 504 372 504 372 504 372 1361 372 1361 372 1361 372 504 372 504 372 1361 372 504 372 504 372 504 372 504 372 504 372 504 372 504 372 504 372 504 372 504 372 504 372 504 372 504 372 504 372 504 372 504 372 1361 372 1361 372 1361 372 504 372 504 372 504 372 504 372 1361 372 1361 372 504 372 1361 372 504 372 504 372 504 372 504 372 504 372 504 372 504 372 504 372 504 372 1361 372 1361 372 1361 372 1361 372 1361 372 504 372 1361 372 504 372 1361 372 1361 372 504 372 1361 372 1361 372 504 372 504 372 504 372 504 372 504 372 504 372 504 372 504 372 504 372 504 372 504 372 504 372 504 372 1361 372 1361 372 1361 372 504 372 504 372 504 372 504 372 504 372 504 372 504 372 504 372 504 372 1361 372 1361 372 1361 372 504 372 504 372 504 372 504 372 504 372 504 372 504 372 504 372 504 372 504 372 504 372 504 372 504 372 504 372 504 372 504 372 1361 372 504 372 504 372 504 372 504 372 504 372 504 372 1361 372 504 372 504 372 504 372 504 372 504 372 504 372 504 372 504 372 504 372 504 372 504 372 504 372 504 372 504 372 504 372 504 372 1361 372 504 372 1361 372 504 372 1361 372 504 372 504 372 504 372
Panasonic_CWA75C4179.ir,POWER_ON,PANASONIC_AC 0 bits 0220e004000000060220e00400382c80af0d000ee0000081000015,2,True,learned fidelity_check (439 timings),PANASONIC_AC 0 bits 0220e004000000060220e00400382c80af0d000ee0000081000015,True,-47.7,47.4,55,3473 1716 444 455 417 1304 420 461 421 464 418 471 421 471 421 476 416 455 417 456 416 461 421 460 412 473 419 469 413 1324 420 477 415 455 417 457 415 462 420 461 421 463 419 470 422 1315 419 1321 413 1302 422 451 421 456 416 1309 414 470 422 467 415 478 414 482 420 451 421 452 420 457 415 466 416 469 413 476 416 477 415 481 421 450 412 461 421 456 416 465 417 468 414 474 418 475 417 480 412 458 414 459 413 464 418 463 419 466 416 473 419 474 418 478 414 457 415 458 414 1307 417 1308 416 469 413 476 416 477 415 481 421 428 413 10540 3465 1751 419 454 418 1302 422 459 413 472 420 469 413 480 412 485 417 453 419 454 418 459 413 468 414 471 421 468 414 1322 422 475 417 454 418 455 417 460 412 469 413 472 420 468 414 1323 421 1320 414 1300 413 460 412 465 417 1307 417 468 414 475 417 476 416 481 421 449 413 460 422 455 417 464 418 467 415 474 418 474 418 479 413 458 414 459 413 464 418 463 419 1309 415 1318 416 1321 413 484 418 452 420 453 419 458 414 1311 413 1316 418 471 421 1315 419 478 414 457 415 458 414 463 419 462 420 465 417 472 420 472 420 477 415 1299 414 1302 422 1299 414 1310 414 1315 419 470 422 1315 419 478 414 1300 413 1303 421 456 416 1309 415 1314 420 469 413 480 412 485 417 453 419 454 418 459 413 468 414 471 421 468 414 479 413 484 418 452 420 453 419 1302 422 1303 421 1307 417 473 419 473 419 478 414 457 415 458 414 463 419 462 420 465 417 471 421 1316 418 1322 422 1293 420 452 420 457 415 466 416 469 413 476 416 477 415 482 420 450 422 451 421 456 416 465 417 468 414 475 417 476 416 480 412 459 413 1304 420 457 415 466 416 469 413 476 416 477 415 481 421 1293 420 453 419 458 414 467 415 470 412 477 415 477 415 482 420 450 422 451 421 456 416 465 417 468 414 475 417 476 416 481 421 449 413 1304 420 457 415 1310 414 471 421 1311 413 481 421 475 417 432 419,3445 1782 372 504 372 1361 372 504 372 504 372 504 372 504 372 504 372 504 372 504 372 504 372 504 372 504 372 504 372 1361 372 504 372 504 372 504 372 504 372 504 372 504 372 504 372 1361 372 1361 372 1361 372 504 372 504 372 1361 372 504 372 504 372 504 372 504 372 504 372 504 372 504 372 504 372 504 372 504 372 504 372 504 372 504 372 504 372 504 372 504 372 504 372 504 372 504 372 504 372 504 372 504 372 504 372 504 372 504 372 504 372 504 372 504 372 504 372 504 372 1361 372 1361 372 504 372 504 372 504 372 504 372 504 372 10571 3445 1782 372 504 372 1361 372 504 372 504 372 504 372 504 372 504 372 504 372 504 372 504 372 504 372 504 372 504 372 1361 372 504 372 504 372 504 372 504 372 504 372 504 372 504 372 1361 372 1361 372 1361 372 504 372 504 372 1361 372 504 372 504 372 504 372 504 372 504 372 504 372 504 372 504 372 504 372 504 372 504 372 504 372 504 372 504 372 504 372 504 372 1361 372 1361 372 1361 372 504 372 504 372 504 372 504 372 1361 372 1361 372 504 372 1361 372 504 372 504 372 504 372 504 372 504 372 504 372 504 372 504 372 504 372 1361 372 1361 372 1361 372 1361 372 1361 372 504 372 1361 372 504 372 1361 372 1361 372 504 372 1361 372 1361 372 504 372 504 372 504 372 504 372 504 372 504 372 504 372 504 372 504 372 504 372 504 372 504 372 504 372 1361 372 1361 372 1361 372 504 372 504 372 504 372 504 372 504 372 504 372 504 372 504 372 504 372 1361 372 1361 372 1361 372 504 372 504 372 504 372 504 372 504 372 504 372 504 372 504 372 504 372 504 372 504 372 504 372 504 372 504 372 504 372 504 372 1361 372 504 372 504 372 504 372 504 372 504 372 504 372 1361 372 504 372 504 372 504 372 504 372 504 372 504 372 504 372 504 372 504 372 504 372 504 372 504 372 504 372 504 372 504 372 504 372 1361 372 504 372 1361 372 504 372 1361 372 504 372 504 372 504 372,3440 1795 363 505 363 1403 379 459 362 512 354 535 363 506 363 507 329 547 379 506 363 506 312 562 355 533 363 505 364 1402 381 458 313 563 355 533 363 505 362 510 354 537 363 505 363 1403 379 1330 361 1376 358 508 363 505 362 1405 378 462 310 567 379 505 363 505 361 514 354 534 363 506 364 508 352 540 362 505 364 505 312 563 354 533 364 505 362 511 353 537 363 505 365 505 310 566 377 508 364 505 361 513 353 536 362 506 366 505 316 560 378 506 363 505 361 515 353 534 364 1374 362 1357 352 533 363 505 367 506 329 561 362 507 367 10580 3439 1778 353 533 363 1375 361 507 369 500 347 530 352 532 365 505 367 508 327 560 362 507 392 478 310 584 336 533 397 1340 398 468 397 475 308 583 362 508 400 468 341 534 351 536 397 1339 363 1355 353 1381 306 583 364 506 407 1330 406 463 404 468 329 559 365 506 402 468 336 555 361 514 391 472 338 536 375 515 386 482 362 508 308 583 394 475 366 503 337 538 351 1382 330 1405 334 1402 361 510 353 536 389 481 361 508 309 1450 336 1401 337 509 331 1427 338 513 353 536 388 482 357 513 352 539 358 534 336 533 311 559 331 562 337 1376 360 1375 335 1401 331 1405 308 1429 333 536 331 1405 332 538 340 1396 331 1405 330 541 354 1382 328 1407 330 542 352 539 329 540 327 543 327 566 330 539 326 543 323 570 324 547 321 570 299 570 323 571 298 570 298 1439 298 1439 297 1414 323 571 297 571 298 572 322 571 298 571 296 573 298 571 322 571 297 572 297 1439 297 1440 297 1440 296 572 297 571 323 572 296 572 297 571 298 573 321 571 297 572 297 572 321 572 298 571 297 572 298 572 321 571 298 571 297 572 321 1415 298 596 297 571 297 572 297 573 321 572 297 571 298 1439 296 573 296 597 298 571 297 572 297 572 321 573 296 572 296 572 298 597 296 572 297 572 297 573 320 572 297 572 296 573 298 596 296 1440 297 572 296 1440 297 572 296 1442 295 572 297 573 319 574 297,3427 1808 324 550 324 1416 324 550 324 550 324 550 324 550 324 550 324 550 324 550 324 550 324 550 324 550 324 550 324 1416 324 550 324 550 324 550 324 550 324 550 324 550 324 550 324 1416 324 1416 324 1416 324 550 324 550 324 1416 324 550 324 550 324 550 324 550 324 550 324 550 324 550 324 550 324 550 324 550 324 550 324 550 324 550 324 550 324 550 324 550 324 550 324 550 324 550 324 550 324 550 324 550 324 550 324 550 324 550 324 550 324 550 324 550 324 550 324 550 324 1416 324 1416 324 550 324 550 324 550 324 550 324 550 324 10593 3427 1808 324 550 324 1416 324 550 324 550 324 550 324 550 324 550 324 550 324 550 324 550 324 550 324 550 324 550 324 1416 324 550 324 550 324 550 324 550 324 550 324 550 324 550 324 1416 324 1416 324 1416 324 550 324 550 324 1416 324 550 324 550 324 550 324 550 324 550 324 550 324 550 324 550 324 550 324 550 324 550 324 550 324 550 324 550 324 550 324 550 324 1416 324 1416 324 1416 324 550 324 550 324 550 324 550 324 1416 324 1416 324 550 324 1416 324 550 324 550 324 550 324 550 324 550 324 550 324 550 324 550 324 550 324 1416 324 1416 324 1416 324 1416 324 1416 324 550 324 1416 324 550 324 1416 324 1416 324 550 324 1416 324 1416 324 550 324 550 324 550 324 550 324 550 324 550 324 550 324 550 324 550 324 550 324 550 324 550 324 550 324 1416 324 1416 324 1416 324 550 324 550 324 550 324 550 324 550 324 550 324 550 324 550 324 550 324 1416 324 1416 324 1416 324 550 324 550 324 550 324 550 324 550 324 550 324 550 324 550 324 550 324 550 324 550 324 550 324 550 324 550 324 550 324 550 324 1416 324 550 324 550 324 550 324 550 324 550 324 550 324 1416 324 550 324 550 324 550 324 550 324 550 324 550 324 550 324 550 324 550 324 550 324 550 324 550 324 550 324 550 324 550 324 550 324 1416 324 550 324 1416 324 550 324 1416 324 550 324 550 324 550 324
Panasonic_CWA75C4179.ir,TEMP+,PANASONIC_AC 0 bits 0220e004000000060220e00400392e7f310a000ee0000081000096,1,True,learned fidelity_check (439 timings),PANASONIC_AC 0 bits 0220e004000000060220e00400392e7f310a000ee0000081000096,True,-42.0,33.0,92,3466 1750 420 453 419 1302 422 459 413 472 420 469 413 480 412 485 417 453 419 455 417 460 412 469 413 472 420 469 413 1324 420 476 416 455 417 456 416 461 421 460 422 463 419 470 422 1315 419 1322 412 1302 422 452 420 457 415 1310 414 471 421 468 414 479 413 484 418 452 420 453 419 458 414 468 414 471 421 467 415 478 414 483 419 452 420 453 419 458 414 467 415 470 412 477 415 478 414 483 419 451 421 452 420 457 415 466 416 469 413 476 416 477 415 482 420 450 422 451 421 1300 413 1312 412 473 419 470 412 481 421 475 417 432 419 10572 3473 1743 417 456 416 1305 419 462 420 465 417 472 420 473 419 477 415 456 416 457 415 463 419 461 421 464 418 471 421 1316 418 479 413 457 415 459 413 464 418 463 419 466 416 473 419 1317 417 1324 420 1294 419 454 418 459 413 1312 422 463 419 470 422 471 421 476 416 454 418 455 417 461 421 460 412 473 419 469 413 480 422 475 417 453 419 1298 415 462 420 461 421 1308 415 1317 417 1320 414 483 419 451 421 452 420 1301 412 1312 422 1307 417 473 419 1317 417 480 422 449 412 1304 419 1301 412 1312 422 1307 416 1316 418 1319 415 1326 418 453 419 1298 415 462 420 461 421 464 418 1314 420 1317 417 480 422 449 412 460 422 1299 414 467 415 1313 421 468 414 480 412 484 418 453 419 454 418 459 413 468 414 471 421 468 414 479 413 484 418 452 420 453 419 1302 422 1303 421 1308 415 474 418 474 418 479 413 458 414 459 413 464 418 463 419 466 416 473 419 1318 416 1324 420 1295 418 454 418 459 413 468 414 471 421 468 414 479 413 484 418 452 420 454 418 459 413 468 414 471 421 467 415 478 414 483 419 452 420 1297 416 460 422 459 413 472 420 469 413 480 412 484 418 1297 416 456 416 461 421 460 422 463 419 470 422 471 421 476 416 454 418 455 417 460 422 459 413 472 420 469 413 480 412 485 417 453 419 454 418 1303 421 1304 420 466 416 1316 418 476 416 480 422 1271 412,3466 1750 420 453 419 1302 422 459 413 472 420 469 413 480 412 485 417 453 419 455 417 460 412 469 413 472 420 469 413 1324 420 476 416 455 417 456 416 461 421 460 422 463 419 470 422 1315 419 1322 412 1302 422 452 420 457 415 1310 414 471 421 468 414 479 413 484 418 452 420 453 419 458 414 468 414 471 421 467 415 478 414 483 419 452 420 453 419 458 414 467 415 470 412 477 415 478 414 483 419 451 421 452 420 457 415 466 416 469 413 476 416 477 415 482 420 450 422 451 421 1300 413 1312 412 473 419 470 412 481 421 475 417 432 419 10572 3473 1743 417 456 416 1305 419 462 420 465 417 472 420 473 419 477 415 456 416 457 415 463 419 461 421 464 418 471 421 1316 418 479 413 457 415 459 413 464 418 463 419 466 416 473 419 1317 417 1324 420 1294 419 454 418 459 413 1312 422 463 419 470 422 471 421 476 416 454 418 455 417 461 421 460 412 473 419 469 413 480 422 475 417 453 419 1298 415 462 420 461 421 1308 415 1317 417 1320 414 483 419 451 421 452 420 1301 412 1312 422 1307 417 473 419 1317 417 480 422 449 412 1304 419 1301 412 1312 422 1307 416 1316 418 1319 415 1326 418 453 419 1298 415 462 420 461 421 464 418 1314 420 1317 417 480 422 449 412 460 422 1299 414 467 415 1313 421 468 414 480 412 484 418 453 419 454 418 459 413 468 414 471 421 468 414 479 413 484 418 452 420 453 419 1302 422 1303 421 1308 415 474 418 474 418 479 413 458 414 459 413 464 418 463 419 466 416 473 419 1318 416 1324 420 1295 418 454 418 459 413 468 414 471 421 468 414 479 413 484 418 452 420 454 418 459 413 468 414 471 421 467 415 478 414 483 419 452 420 1297 416 460 422 459 413 472 420 469 413 480 412 484 418 1297 416 456 416 461 421 460 422 463 419 470 422 471 421 476 416 454 418 455 417 460 422 459 413 472 420 469 413 480 412 485 417 453 419 454 418 1303 421 1304 420 466 416 1316 418 476 416 480 422 1271 412,3474 1765 456 383 415 1326 333 530 387 490 380 510 412 480 414 484 412 458 384 506 361 506 387 488 446 442 416 478 363 1406 451 411 416 453 415 453 416 461 381 505 416 479 363 512 380 1381 361 1376 395 1341 453 384 416 455 413 1353 409 435 381 508 414 480 414 483 411 458 360 514 379 506 388 486 441 447 416 479 363 532 337 557 416 453 416 452 415 460 443 445 414 464 463 426 413 479 414 484 385 484 359 515 378 505 416 459 414 475 415 479 388 507 362 532 416 453 415 453 415 1327 425 1310 455 410 388 488 454 439 358 538 417 444 413 10568 3408 1822 360 505 414 1328 429 434 415 459 411 478 416 479 415 480 416 453 415 459 418 470 415 454 414 480 415 480 413 1328 382 507 364 505 388 480 416 458 411 478 416 460 418 472 411 1354 429 1306 388 1321 361 505 389 480 416 1320 415 456 413 479 418 477 418 477 417 451 415 457 417 474 418 451 417 477 418 461 444 448 380 533 337 531 387 1326 453 415 419 475 447 1270 451 1280 451 1287 447 449 444 425 385 503 388 1325 455 1280 387 1326 456 437 483 1254 458 436 457 413 455 1261 385 1345 381 1332 387 1346 454 1283 451 1286 426 1310 415 453 417 1300 409 479 443 426 417 477 442 1292 415 1326 383 511 414 453 385 484 416 1319 389 481 417 1317 410 466 410 484 410 486 379 509 357 511 384 486 411 482 387 484 413 503 388 507 359 535 388 481 386 482 387 1326 408 1326 388 1349 384 488 381 514 379 517 354 536 358 510 382 487 384 510 384 486 382 512 382 1355 382 1355 381 1354 355 514 356 513 381 513 352 518 375 520 373 545 326 569 350 518 350 519 350 519 349 545 349 520 375 519 349 546 349 545 350 520 349 1386 349 519 350 520 349 544 349 546 349 545 348 547 349 1362 349 519 350 520 374 519 349 522 373 520 373 522 349 546 349 520 348 544 349 520 349 521 348 544 350 545 350 545 349 545 349 520 349 519 349 1364 373 1362 348 546 349 1388 348 546 326 569 349 1335 349,3461 1835 375 499 375 1339 375 499 375 499 375 499 375 499 375 499 375 499 375 499 375 499 375 499 375 499 375 499 375 1339 375 499 375 499 375 499 375 499 375 499 375 499 375 499 375 1339 375 1339 375 1339 375 499 375 499 375 1339 375 499 375 499 375 499 375 499 375 499 375 499 375 499 375 499 375 499 375 499 375 499 375 499 375 499 375 499 375 499 375 499 375 499 375 499 375 499 375 499 375 499 375 499 375 499 375 499 375 499 375 499 375 499 375 499 375 499 375 499 375 1339 375 1339 375 499 375 499 375 499 375 499 375 499 375 10581 3461 1835 375 499 375 1339 375 499 375 499 375 499 375 499 375 499 375 499 375 499 375 499 375 499 375 499 375 499 375 1339 375 499 375 499 375 499 375 499 375 499 375 499 375 499 375 1339 375 1339 375 1339 375 499 375 499 375 1339 375 499 375 499 375 499 375 499 375 499 375 499 375 499 375 499 375 499 375 499 375 499 375 499 375 499 375 1339 375 499 375 499 375 1339 375 1339 375 1339 375 499 375 499 375 499 375 1339 375 1339 375 1339 375 499 375 1339 375 499 375 499 375 1339 375 1339 375 1339 375 1339 375 1339 375 1339 375 1339 375 499 375 1339 375 499 375 499 375 499 375 1339 375 1339 375 499 375 499 375 499 375 1339 375 499 375 1339 375 499 375 499 375 499 375 499 375 499 375 499 375 499 375 499 375 499 375 499 375 499 375 499 375 499 375 1339 375 1339 375 1339 375 499 375 499 375 499 375 499 375 499 375 499 375 499 375 499 375 499 375 1339 375 1339 375 1339 375 499 375 499 375 499 375 499 375 499 375 499 375 499 375 499 375 499 375 499 375 499 375 499 375 499 375 499 375 499 375 499 375 1339 375 499 375 499 375 499 375 499 375 499 375 499 375 1339 375 499 375 499 375 499 375 499 375 499 375 499 375 499 375 499 375 499 375 499 375 499 375 499 375 499 375 499 375 499 375 499 375 499 375 1339 375 1339 375 499 375 1339 375 499 375 499 375 1339 375
Panasonic_CWA75C4179.ir,TEMP+,PANASONIC_AC 0 bits 0220e004000000060220e00400392e7f310a000ee0000081000096,2,True,learned fidelity_check (439 timings),PANASONIC_AC 0 bits 0220e004000000060220e00400392e7f310a000ee0000081000096,True,-33.0,46.5,106,3466 1750 420 453 419 1302 422 459 413 472 420 469 413 480 412 485 417 453 419 455 417 460 412 469 413 472 420 469 413 1324 420 476 416 455 417 456 416 461 421 460 422 463 419 470 422 1315 419 1322 412 1302 422 452 420 457 415 1310 414 471 421 468 414 479 413 484 418 452 420 453 419 458 414 468 414 471 421 467 415 478 414 483 419 452 420 453 419 458 414 467 415 470 412 477 415 478 414 483 419 451 421 452 420 457 415 466 416 469 413 476 416 477 415 482 420 450 422 451 421 1300 413 1312 412 473 419 470 412 481 421 475 417 432 419 10572 3473 1743 417 456 416 1305 419 462 420 465 417 472 420 473 419 477 415 456 416 457 415 463 419 461 421 464 418 471 421 1316 418 479 413 457 415 459 413 464 418 463 419 466 416 473 419 1317 417 1324 420 1294 419 454 418 459 413 1312 422 463 419 470 422 471 421 476 416 454 418 455 417 461 421 460 412 473 419 469 413 480 422 475 417 453 419 1298 415 462 420 461 421 1308 415 1317 417 1320 414 483 419 451 421 452 420 1301 412 1312 422 1307 417 473 419 1317 417 480 422 449 412 1304 419 1301 412 1312 422 1307 416 1316 418 1319 415 1326 418 453 419 1298 415 462 420 461 421 464 418 1314 420 1317 417 480 422 449 412 460 422 1299 414 467 415 1313 421 468 414 480 412 484 418 453 419 454 418 459 413 468 414 471 421 468 414 479 413 484 418 452 420 453 419 1302 422 1303 421 1308 415 474 418 474 418 479 413 458 414 459 413 464 418 463 419 466 416 473 419 1318 416 1324 420 1295 418 454 418 459 413 468 414 471 421 468 414 479 413 484 418 452 420 454 418 459 413 468 414 471 421 467 415 478 414 483 419 452 420 1297 416 460 422 459 413 472 420 469 413 480 412 484 418 1297 416 456 416 461 421 460 422 463 419 470 422 471 421 476 416 454 418 455 417 460 422 459 413 472 420 469 413 480 412 485 417 453 419 454 418 1303 421 1304 420 466 416 1316 418 476 416 480 422 1271 412,3461 1835 375 499 375 1339 375 499 375 499 375 499 375 499 375 499 375 499 375 499 375 499 375 499 375 499 375 499 375 1339 375 499 375 499 375 499 375 499 375 499 375 499 375 499 375 1339 375 1339 375 1339 375 499 375 499 375 1339 375 499 375 499 375 499 375 499 375 499 375 499 375 499 375 499 375 499 375 499 375 499 375 499 375 499 375 499 375 499 375 499 375 499 375 499 375 499 375 499 375 499 375 499 375 499 375 499 375 499 375 499 375 499 375 499 375 499 375 499 375 1339 375 1339 375 499 375 499 375 499 375 499 375 499 375 10581 3461 1835 375 499 375 1339 375 499 375 499 375 499 375 499 375 499 375 499 375 499 375 499 375 499 375 499 375 499 375 1339 375 499 375 499 375 499 375 499 375 499 375 499 375 499 375 1339 375 1339 375 1339 375 499 375 499 375 1339 375 499 375 499 375 499 375 499 375 499 375 499 375 499 375 499 375 499 375 499 375 499 375 499 375 499 375 1339 375 499 375 499 375 1339 375 1339 375 1339 375 499 375 499 375 499 375 1339 375 1339 375 1339 375 499 375 1339 375 499 375 499 375 1339 375 1339 375 1339 375 1339 375 1339 375 1339 375 1339 375 499 375 1339 375 499 375 499 375 499 375 1339 375 1339 375 499 375 499 375 499 375 1339 375 499 375 1339 375 499 375 499 375 499 375 499 375 499 375 499 375 499 375 499 375 499 375 499 375 499 375 499 375 499 375 1339 375 1339 375 1339 375 499 375 499 375 499 375 499 375 499 375 499 375 499 375 499 375 499 375 1339 375 1339 375 1339 375 499 375 499 375 499 375 499 375 499 375 499 375 499 375 499 375 499 375 499 375 499 375 499 375 499 375 499 375 499 375 499 375 1339 375 499 375 499 375 499 375 499 375 499 375 499 375 1339 375 499 375 499 375 499 375 499 375 499 375 499 375 499 375 499 375 499 375 499 375 499 375 499 375 499 375 499 375 499 375 499 375 499 375 1339 375 1339 375 499 375 1339 375 499 375 499 375 1339 375,3389 1928 335 508 411 1326 360 504 362 505 363 506 312 560 412 462 380 505 363 505 362 507 357 518 412 476 363 505 363 1377 348 492 355 519 412 476 363 505 362 506 312 559 385 490 380 1351 359 1377 380 1330 380 459 331 542 389 1347 359 506 362 506 361 507 330 543 390 501 362 505 363 505 337 534 379 495 384 503 363 505 364 505 312 560 385 488 381 505 363 505 362 507 355 519 390 499 363 505 363 505 312 558 382 492 381 506 363 506 363 505 312 560 386 488 380 505 363 505 361 1380 336 1376 303 541 381 506 363 505 364 505 312 560 387 10583 3444 1845 373 495 356 1361 354 517 378 506 363 506 362 507 357 517 385 503 361 506 365 504 312 561 381 492 380 506 363 1350 404 462 311 560 380 495 379 506 363 506 366 504 355 518 379 1352 361 1346 364 1350 403 465 365 505 356 1358 378 509 364 507 403 465 374 496 356 518 379 506 364 507 405 463 338 534 371 517 364 507 403 466 401 467 334 1380 355 533 393 477 364 1347 397 1313 335 1376 328 545 411 477 366 504 390 1320 364 1348 355 1356 356 517 382 1345 367 505 359 508 333 1400 308 1403 356 1356 362 1348 366 1369 339 1371 336 1375 308 540 352 1380 357 513 358 534 337 531 334 1376 333 1379 332 538 359 533 333 535 331 1379 308 562 331 1380 358 535 334 534 333 536 331 538 355 517 353 538 330 538 331 537 330 541 353 540 328 540 331 538 328 542 349 1385 325 1386 323 1416 295 570 297 571 299 570 323 546 323 571 298 570 298 570 300 570 322 547 321 1414 297 1413 297 1414 297 571 322 547 323 571 297 572 296 571 298 571 323 547 321 571 298 571 298 570 299 571 322 548 320 572 297 571 297 571 323 547 322 1389 321 572 296 572 298 571 322 547 322 571 297 572 297 1413 298 571 322 548 321 571 297 572 297 571 298 571 322 571 297 572 297 572 297 571 321 549 321 571 297 572 297 571 298 572 321 572 297 572 296 1414 296 1415 297 571 321 1391 321 572 296 572 296 1415 297,3431 1941 342 544 342 1389 342 544 342 544 342 544 342 544 342 544 342 544 342 544 342 544 342 544 342 544 342 544 342 1389 342 544 342 544 342 544 342 544 342 544 342 544 342 544 342 1389 342 1389 342 1389 342 544 342 544 342 1389 342 544 342 544 342 544 342 544 342 544 342 544 342 544 342 544 342 544 342 544 342 544 342 544 342 544 342 544 342 544 342 544 342 544 342 544 342 544 342 544 342 544 342 544 342 544 342 544 342 544 342 544 342 544 342 544 342 544 342 544 342 1389 342 1389 342 544 342 544 342 544 342 544 342 544 342 10596 3431 1941 342 544 342 1389 342 544 342 544 342 544 342 544 342 544 342 544 342 544 342 544 342 544 342 544 342 544 342 1389 342 544 342 544 342 544 342 544 342 544 342 544 342 544 342 1389 342 1389 342 1389 342 544 342 544 342 1389 342 544 342 544 342 544 342 544 342 544 342 544 342 544 342 544 342 544 342 544 342 544 342 544 342 544 342 1389 342 544 342 544 342 1389 342 1389 342 1389 342 544 342 544 342 544 342 1389 342 1389 342 1389 342 544 342 1389 342 544 342 544 342 1389 342 1389 342 1389 342 1389 342 1389 342 1389 342 1389 342 544 342 1389 342 544 342 544 342 544 342 1389 342 1389 342 544 342 544 342 544 342 1389 342 544 342 1389 342 544 342 544 342 544 342 544 342 544 342 544 342 544 342 544 342 544 342 544 342 544 342 544 342 544 342 1389 342 1389 342 1389 342 544 342 544 342 544 342 544 342 544 342 544 342 544 342 544 342 544 342 1389 342 1389 342 1389 342 544 342 544 342 544 342 544 342 544 342 544 342 544 342 544 342 544 342 544 342 544 342 544 342 544 342 544 342 544 342 544 342 1389 342 544 342 544 342 544 342 544 342 544 342 544 342 1389 342 544 342 544 342 544 342 544 342 544 342 544 342 544 342 544 342 544 342 544 342 544 342 544 342 544 342 544 342 544 342 544 342 544 342 1389 342 1389 342 544 342 1389 342 544 342 544 342 1389 342
Panasonic_CWA75C4179.ir,TEMP-,PANASONIC_AC 0 bits 0220e004000000060220e00400392c7f310a000ee0000081000094,1,True,learned fidelity_check (439 timings),PANASONIC_AC 0 bits 0220e004000000060220e00400392c7f310a000ee0000081000094,True,-47.7,55.8,93,3474 1742 417 456 416 1305 418 462 420 465 417 472 420 473 419 478 414 456 416 458 414 463 419 462 420 465 417 472 420 1316 418 479 413 458 414 459 413 464 418 463 419 466 416 474 418 1318 416 1325 419 1296 417 455 417 460 422 1303 421 464 418 471 421 472 420 477 415 456 416 457 415 462 420 461 421 464 418 471 421 472 420 477 415 455 417 456 416 462 420 461 421 464 418 471 421 471 421 476 416 455 417 456 416 461 421 460 422 463 419 470 422 471 421 476 416 454 418 456 416 1305 419 1306 417 467 415 474 418 475 417 480 412 437 414 10576 3468 1747 413 461 421 1299 414 467 415 470 422 467 415 478 414 483 419 451 421 452 420 458 414 467 415 470 412 477 415 1321 413 485 417 453 419 454 418 459 413 469 413 472 420 469 413 1323 421 1320 414 1301 412 460 422 456 416 1309 414 470 422 467 415 478 414 483 419 451 421 452 420 457 415 467 415 470 412 477 415 478 414 482 420 451 421 1296 417 459 413 468 414 1315 419 1314 420 1317 417 480 422 449 412 460 422 455 417 1308 415 1313 421 469 413 1323 421 476 416 455 417 1300 413 1308 415 1309 414 1314 420 1313 421 1316 418 1323 421 450 422 1295 418 458 414 468 414 471 421 1311 413 1324 420 477 415 456 415 457 415 1306 417 464 418 1311 412 476 416 477 415 482 420 450 422 451 421 456 416 466 416 469 413 476 416 477 415 481 421 450 422 451 421 1300 413 1311 412 1316 418 472 420 473 419 477 415 456 416 457 415 463 419 462 420 465 417 472 420 1316 418 1323 421 1294 419 453 419 458 414 468 414 471 421 467 415 478 414 483 419 452 420 453 419 458 414 467 415 471 421 467 415 478 414 483 419 452 420 1297 416 460 422 459 413 472 420 469 413 480 412 485 417 1297 416 457 415 462 420 461 421 464 418 471 421 472 420 477 415 455 417 457 415 462 420 461 421 464 418 471 421 471 421 476 416 455 417 456 416 461 421 1304 419 465 417 1316 418 476 416 480 422 1271 422,3474 1742 417 456 416 1305 418 462 420 465 417 472 420 473 419 478 414 456 416 458 414 463 419 462 420 465 417 472 420 1316 418 479 413 458 414 459 413 464 418 463 419 466 416 474 418 1318 416 1325 419 1296 417 455 417 460 422 1303 421 464 418 471 421 472 420 477 415 456 416 457 415 462 420 461 421 464 418 471 421 472 420 477 415 455 417 456 416 462 420 461 421 464 418 471 421 471 421 476 416 455 417 456 416 461 421 460 422 463 419 470 422 471 421 476 416 454 418 456 416 1305 419 1306 417 467 415 474 418 475 417 480 412 437 414 10576 3468 1747 413 461 421 1299 414 467 415 470 422 467 415 478 414 483 419 451 421 452 420 458 414 467 415 470 412 477 415 1321 413 485 417 453 419 454 418 459 413 469 413 472 420 469 413 1323 421 1320 414 1301 412 460 422 456 416 1309 414 470 422 467 415 478 414 483 419 451 421 452 420 457 415 467 415 470 412 477 415 478 414 482 420 451 421 1296 417 459 413 468 414 1315 419 1314 420 1317 417 480 422 449 412 460 422 455 417 1308 415 1313 421 469 413 1323 421 476 416 455 417 1300 413 1308 415 1309 414 1314 420 1313 421 1316 418 1323 421 450 422 1295 418 458 414 468 414 471 421 1311 413 1324 420 477 415 456 415 457 415 1306 417 464 418 1311 412 476 416 477 415 482 420 450 422 451 421 456 416 466 416 469 413 476 416 477 415 481 421 450 422 451 421 1300 413 1311 412 1316 418 472 420 473 419 477 415 456 416 457 415 463 419 462 420 465 417 472 420 1316 418 1323 421 1294 419 453 419 458 414 468 414 471 421 467 415 478 414 483 419 452 420 453 419 458 414 467 415 471 421 467 415 478 414 483 419 452 420 1297 416 460 422 459 413 472 420 469 413 480 412 485 417 1297 416 457 415 462 420 461 421 464 418 471 421 472 420 477 415 455 417 457 415 462 420 461 421 464 418 471 421 471 421 476 416 455 417 456 416 461 421 1304 419 465 417 1316 418 476 416 480 422 1271 422,3511 1726 432 406 415 1327 334 530 415 479 363 511 358 536 409 487 450 421 414 472 339 529 415 463 379 506 415 480 415 1350 433 432 416 453 415 457 412 479 362 506 416 479 363 516 378 1377 390 1373 426 1284 432 407 416 458 359 1402 431 417 380 509 361 532 412 485 415 456 420 468 364 504 415 461 356 531 415 479 416 479 415 480 415 453 415 453 416 462 380 505 416 479 362 513 357 534 361 536 417 455 409 476 363 505 415 462 381 505 416 479 416 479 416 479 416 452 416 453 415 1321 386 1327 453 439 386 509 337 540 408 504 400 442 388 10612 3443 1767 381 485 420 1297 448 440 388 488 356 533 413 482 420 476 418 451 386 488 380 505 388 486 444 445 411 485 385 1353 382 511 448 420 448 421 447 428 453 434 419 475 387 488 455 1282 412 1345 427 1285 335 532 459 410 459 1277 408 465 384 506 457 438 457 438 455 415 447 426 355 532 384 487 414 478 386 509 384 509 337 559 414 454 418 1293 419 453 440 451 383 1352 385 1334 379 1374 364 532 384 485 387 482 417 452 440 1294 385 1351 363 508 431 1328 389 484 411 461 407 1324 386 1349 398 1314 387 1348 389 1347 387 1350 386 1351 386 483 361 1351 383 509 383 487 384 509 385 1352 358 1379 385 510 385 483 385 483 385 1332 377 512 383 1354 355 539 354 541 347 548 355 513 381 489 376 492 374 520 351 542 350 545 350 545 349 545 350 518 350 520 350 1386 325 1385 350 1386 350 546 349 545 349 545 349 520 349 519 350 519 350 544 349 521 349 545 350 1386 349 1388 351 1361 372 521 349 519 350 521 347 545 350 545 348 546 349 546 349 519 349 520 349 545 324 545 349 545 350 521 348 545 349 571 325 543 350 1361 349 519 350 545 323 545 350 545 349 545 349 546 349 1362 348 522 347 546 349 519 350 545 349 545 349 546 349 545 326 543 349 519 349 520 349 545 349 522 347 545 349 546 348 547 348 521 348 545 323 546 348 1387 324 546 348 1413 324 547 348 546 348 1361 324,3498 1780 369 522 369 1364 369 522 369 522 369 522 369 522 369 522 369 522 369 522 369 522 369 522 369 522 369 522 369 1364 369 522 369 522 369 522 369 522 369 522 369 522 369 522 369 1364 369 1364 369 1364 369 522 369 522 369 1364 369 522 369 522 369 522 369 522 369 522 369 522 369 522 369 522 369 522 369 522 369 522 369 522 369 522 369 522 369 522 369 522 369 522 369 522 369 522 369 522 369 522 369 522 369 522 369 522 369 522 369 522 369 522 369 522 369 522 369 522 369 1364 369 1364 369 522 369 522 369 522 369 522 369 522 369 10625 3498 1780 369 522 369 1364 369 522 369 522 369 522 369 522 369 522 369 522 369 522 369 522 369 522 369 522 369 522 369 1364 369 522 369 522 369 522 369 522 369 522 369 522 369 522 369 1364 369 1364 369 1364 369 522 369 522 369 1364 369 522 369 522 369 522 369 522 369 522 369 522 369 522 369 522 369 522 369 522 369 522 369 522 369 522 369 1364 369 522 369 522 369 1364 369 1364 369 1364 369 522 369 522 369 522 369 522 369 1364 369 1364 369 522 369 1364 369 522 369 522 369 1364 369 1364 369 1364 369 1364 369 1364 369 1364 369 1364 369 522 369 1364 369 522 369 522 369 522 369 1364 369 1364 369 522 369 522 369 522 369 1364 369 522 369 1364 369 522 369 522 369 522 369 522 369 522 369 522 369 522 369 522 369 522 369 522 369 522 369 522 369 522 369 1364 369 1364 369 1364 369 522 369 522 369 522 369 522 369 522 369 522 369 522 369 522 369 522 369 1364 369 1364 369 1364 369 522 369 522 369 522 369 522 369 522 369 522 369 522 369 522 369 522 369 522 369 522 369 522 369 522 369 522 369 522 369 522 369 1364 369 522 369 522 369 522 369 522 369 522 369 522 369 1364 369 522 369 522 369 522 369 522 369 522 369 522 369 522 369 522 369 522 369 522 369 522 369 522 369 522 369 522 369 522 369 522 369 522 369 522 369 1364 369 522 369 1364 369 522 369 522 369 1364 369
Panasonic_CWA75C4179.ir,TEMP-,PANASONIC_AC 0 bits 0220e004000000060220e00400392c7f310a000ee0000081000094,2,True,learned fidelity_check (439 timings),PANASONIC_AC 0 bits 0220e004000000060220e00400392c7f310a000ee0000081000094,True,-50.7,53.3,54,3474 1742 417 456 416 1305 418 462 420 465 417 472 420 473 419 478 414 456 416 458 414 463 419 462 420 465 417 472 420 1316 418 479 413 458 414 459 413 464 418 463 419 466 416 474 418 1318 416 1325 419 1296 417 455 417 460 422 1303 421 464 418 471 421 472 420 477 415 456 416 457 415 462 420 461 421 464 418 471 421 472 420 477 415 455 417 456 416 462 420 461 421 464 418 471 421 471 421 476 416 455 417 456 416 461 421 460 422 463 419 470 422 471 421 476 416 454 418 456 416 1305 419 1306 417 467 415 474 418 475 417 480 412 437 414 10576 3468 1747 413 461 421 1299 414 467 415 470 422 467 415 478 414 483 419 451 421 452 420 458 414 467 415 470 412 477 415 1321 413 485 417 453 419 454 418 459 413 469 413 472 420 469 413 1323 421 1320 414 1301 412 460 422 456 416 1309 414 470 422 467 415 478 414 483 419 451 421 452 420 457 415 467 415 470 412 477 415 478 414 482 420 451 421 1296 417 459 413 468 414 1315 419 1314 420 1317 417 480 422 449 412 460 422 455 417 1308 415 1313 421 469 413 1323 421 476 416 455 417 1300 413 1308 415 1309 414 1314 420 1313 421 1316 418 1323 421 450 422 1295 418 458 414 468 414 471 421 1311 413 1324 420 477 415 456 415 457 415 1306 417 464 418 1311 412 476 416 477 415 482 420 450 422 451 421 456 416 466 416 469 413 476 416 477 415 481 421 450 422 451 421 1300 413 1311 412 1316 418 472 420 473 419 477 415 456 416 457 415 463 419 462 420 465 417 472 420 1316 418 1323 421 1294 419 453 419 458 414 468 414 471 421 467 415 478 414 483 419 452 420 453 419 458 414 467 415 471 421 467 415 478 414 483 419 452 420 1297 416 460 422 459 413 472 420 469 413 480 412 485 417 1297 416 457 415 462 420 461 421 464 418 471 421 472 420 477 415 455 417 457 415 462 420 461 421 464 418 471 421 471 421 476 416 455 417 456 416 461 421 1304 419 465 417 1316 418 476 416 480 422 1271 422,3498 1780 369 522 369 1364 369 522 369 522 369 522 369 522 369 522 369 522 369 522 369 522 369 522 369 522 369 522 369 1364 369 522 369 522 369 522 369 522 369 522 369 522 369 522 369 1364 369 1364 369 1364 369 522 369 522 369 1364 369 522 369 522 369 522 369 522 369 522 369 522 369 522 369 522 369 522 369 522 369 522 369 522 369 522 369 522 369 522 369 522 369 522 369 522 369 522 369 522 369 522 369 522 369 522 369 522 369 522 369 522 369 522 369 522 369 522 369 522 369 1364 369 1364 369 522 369 522 369 522 369 522 369 522 369 10625 3498 1780 369 522 369 1364 369 522 369 522 369 522 369 522 369 522 369 522 369 522 369 522 369 522 369 522 369 522 369 1364 369 522 369 522 369 522 369 522 369 522 369 522 369 522 369 1364 369 1364 369 1364 369 522 369 522 369 1364 369 522 369 522 369 522 369 522 369 522 369 522 369 522 369 522 369 522 369 522 369 522 369 522 369 522 369 1364 369 522 369 522 369 1364 369 1364 369 1364 369 522 369 522 369 522 369 522 369 1364 369 1364 369 522 369 1364 369 522 369 522 369 1364 369 1364 369 1364 369 1364 369 1364 369 1364 369 1364 369 522 369 1364 369 522 369 522 369 522 369 1364 369 1364 369 522 369 522 369 522 369 1364 369 522 369 1364 369 522 369 522 369 522 369 522 369 522 369 522 369 522 369 522 369 522 369 522 369 522 369 522 369 522 369 1364 369 1364 369 1364 369 522 369 522 369 522 369 522 369 522 369 522 369 522 369 522 369 522 369 1364 369 1364 369 1364 369 522 369 522 369 522 369 522 369 522 369 522 369 522 369 522 369 522 369 522 369 522 369 522 369 522 369 522 369 522 369 522 369 1364 369 522 369 522 369 522 369 522 369 522 369 522 369 1364 369 522 369 522 369 522 369 522 369 522 369 522 369 522 369 522 369 522 369 522 369 522 369 522 369 522 369 522 369 522 369 522 369 522 369 522 369 1364 369 522 369 1364 369 522 369 522 369 1364 369,3492 1795 334 540 306 1454 341 524 361 534 363 531 364 531 363 532 338 538 328 563 307 584 360 533 364 531 364 531 363 1375 360 515 328 563 307 584 360 534 363 532 364 530 365 518 374 1376 332 1407 307 1431 340 523 363 532 364 1377 404 486 364 531 334 540 305 587 308 583 363 532 365 530 366 528 367 528 359 517 328 562 308 584 359 535 368 527 366 528 368 526 363 515 327 564 306 585 358 535 368 527 367 527 368 527 369 509 350 541 305 586 309 584 369 525 371 525 370 525 394 1341 335 1384 327 561 308 585 367 529 397 497 395 501 395 10601 3489 1776 388 507 396 1339 402 494 399 493 336 541 327 563 307 583 340 557 397 499 398 497 399 492 363 534 334 540 331 1401 361 532 401 494 406 488 405 490 405 487 335 543 328 562 368 1365 405 1332 405 1332 404 491 404 489 335 1384 328 563 333 559 394 500 364 531 361 533 363 529 365 514 348 542 306 586 360 534 391 503 392 503 391 501 391 1346 334 542 351 540 332 1425 338 1399 337 1399 338 535 361 532 357 519 351 540 354 1402 336 1401 335 539 355 1403 335 536 354 540 330 1405 309 1427 336 1401 335 1401 333 1404 333 1380 355 1381 330 565 330 1405 333 562 333 561 332 563 331 1406 330 1383 328 566 328 566 328 566 327 1410 329 566 329 1409 325 568 324 570 299 572 321 597 297 597 298 597 297 597 297 573 323 571 298 597 297 597 298 596 298 597 297 1440 297 1415 321 1415 321 573 297 597 298 597 297 597 298 597 297 574 321 573 321 572 298 596 298 1439 297 1440 297 1439 298 597 297 573 321 573 297 597 297 597 297 598 297 597 298 597 297 580 315 573 301 592 298 597 297 597 297 598 296 598 297 598 297 1415 320 574 297 597 297 597 297 598 297 598 296 598 297 1416 320 573 297 598 296 597 296 599 296 599 297 598 296 598 297 573 297 597 296 598 296 599 295 599 296 599 297 597 296 599 295 575 296 597 296 600 295 1442 295 599 295 1440 297 598 295 578 293 1465 271,3479 1808 318 576 318 1417 318 576 318 576 318 576 318 576 318 576 318 576 318 576 318 576 318 576 318 576 318 576 318 1417 318 576 318 576 318 576 318 576 318 576 318 576 318 576 318 1417 318 1417 318 1417 318 576 318 576 318 1417 318 576 318 576 318 576 318 576 318 576 318 576 318 576 318 576 318 576 318 576 318 576 318 576 318 576 318 576 318 576 318 576 318 576 318 576 318 576 318 576 318 576 318 576 318 576 318 576 318 576 318 576 318 576 318 576 318 576 318 576 318 1417 318 1417 318 576 318 576 318 576 318 576 318 576 318 10614 3479 1808 318 576 318 1417 318 576 318 576 318 576 318 576 318 576 318 576 318 576 318 576 318 576 318 576 318 576 318 1417 318 576 318 576 318 576 318 576 318 576 318 576 318 576 318 1417 318 1417 318 1417 318 576 318 576 318 1417 318 576 318 576 318 576 318 576 318 576 318 576 318 576 318 576 318 576 318 576 318 576 318 576 318 576 318 1417 318 576 318 576 318 1417 318 1417 318 1417 318 576 318 576 318 576 318 576 318 1417 318 1417 318 576 318 1417 318 576 318 576 318 1417 318 1417 318 1417 318 1417 318 1417 318 1417 318 1417 318 576 318 1417 318 576 318 576 318 576 318 1417 318 1417 318 576 318 576 318 576 318 1417 318 576 318 1417 318 576 318 576 318 576 318 576 318 576 318 576 318 576 318 576 318 576 318 576 318 576 318 576 318 576 318 1417 318 1417 318 1417 318 576 318 576 318 576 318 576 318 576 318 576 318 576 318 576 318 576 318 1417 318 1417 318 1417 318 576 318 576 318 576 318 576 318 576 318 576 318 576 318 576 318 576 318 576 318 576 318 576 318 576 318 576 318 576 318 576 318 1417 318 576 318 576 318 576 318 576 318 576 318 576 318 1417 318 576 318 576 318 576 318 576 318 576 318 576 318 576 318 576 318 576 318 576 318 576 318 576 318 576 318 576 318 576 318 576 318 576 318 576 318 1417 318 576 318 1417 318 576 318 576 318 1417 318
Sharp_AH-A9UCD.ir,POWER_ON,GREE 40 bits 7900605001210050,1,True,learned fidelity_check (139 timings),GREE 40 bits 7900605001210050,True,-20.3,22.1,58,9084 4414 708 1592 708 494 709 493 737 1573 742 1567 739 1563 739 1565 737 491 711 467 735 469 737 494 711 493 713 494 709 497 708 497 709 498 707 498 708 524 708 498 707 497 709 498 708 1602 710 1596 707 496 708 499 707 498 709 496 710 497 708 1596 708 499 709 1601 707 496 707 499 709 1601 710 499 708 19964 708 1595 707 496 706 496 707 496 707 496 707 495 707 496 708 499 709 1600 709 496 707 497 710 497 707 500 707 1602 709 499 706 498 710 497 708 497 708 499 707 498 709 499 706 498 707 498 707 497 709 499 708 498 708 498 708 498 707 1603 710 498 707 1604 708 499 709,9084 4414 708 1592 708 494 709 493 737 1573 742 1567 739 1563 739 1565 737 491 711 467 735 469 737 494 711 493 713 494 709 497 708 497 709 498 707 498 708 524 708 498 707 497 709 498 708 1602 710 1596 707 496 708 499 707 498 709 496 710 497 708 1596 708 499 709 1601 707 496 707 499 709 1601 710 499 708 19964 708 1595 707 496 706 496 707 496 707 496 707 495 707 496 708 499 709 1600 709 496 707 497 710 497 707 500 707 1602 709 499 706 498 710 497 708 497 708 499 707 498 709 499 706 498 707 498 707 497 709 499 708 498 708 498 708 498 707 1603 710 498 707 1604 708 499 709,9071 4427 704 1614 674 506 750 446 717 1617 698 1617 718 1569 730 1588 745 462 749 435 678 510 675 557 749 461 750 461 749 462 700 490 647 560 746 461 748 489 748 462 736 457 689 518 704 1608 704 1612 702 488 688 520 702 503 747 463 747 463 747 1551 645 560 711 1603 704 505 743 467 708 1589 665 543 702 19977 703 1612 645 538 744 467 739 470 699 491 700 505 742 468 741 469 710 1587 646 558 741 470 737 473 737 473 675 1622 687 520 675 532 702 508 703 507 703 504 702 492 687 522 673 533 702 507 704 505 678 532 675 517 697 509 738 471 736 1580 733 477 704 1609 675 519 667,9058 4440 691 1621 691 516 691 516 691 1621 691 1621 691 1621 691 1621 691 516 691 516 691 516 691 516 691 516 691 516 691 516 691 516 691 516 691 516 691 516 691 516 691 516 691 516 691 1621 691 1621 691 516 691 516 691 516 691 516 691 516 691 1621 691 516 691 1621 691 516 691 516 691 1621 691 516 691 19990 691 1621 691 516 691 516 691 516 691 516 691 516 691 516 691 516 691 1621 691 516 691 516 691 516 691 516 691 1621 691 516 691 516 691 516 691 516 691 516 691 516 691 516 691 516 691 516 691 516 691 516 691 516 691 516 691 516 691 1621 691 516 691 1621 691 516 691
Sharp_AH-A9UCD.ir,POWER_ON,GREE 40 bits 7900605001210050,2,True,learned fidelity_check (139 timings),GREE 40 bits 7900605001210050,True,-26.4,29.5,57,9084 4414 708 1592 708 494 709 493 737 1573 742 1567 739 1563 739 1565 737 491 711 467 735 469 737 494 711 493 713 494 709 497 708 497 709 498 707 498 708 524 708 498 707 497 709 498 708 1602 710 1596 707 496 708 499 707 498 709 496 710 497 708 1596 708 499 709 1601 707 496 707 499 709 1601 710 499 708 19964 708 1595 707 496 706 496 707 496 707 496 707 495 707 496 708 499 709 1600 709 496 707 497 710 497 707 500 707 1602 709 499 706 498 710 497 708 497 708 499 707 498 709 499 706 498 707 498 707 497 709 499 708 498 708 498 708 498 707 1603 710 498 707 1604 708 499 709,9058 4440 691 1621 691 516 691 516 691 1621 691 1621 691 1621 691 1621 691 516 691 516 691 516 691 516 691 516 691 516 691 516 691 516 691 516 691 516 691 516 691 516 691 516 691 516 691 1621 691 1621 691 516 691 516 691 516 691 516 691 516 691 1621 691 516 691 1621 691 516 691 516 691 1621 691 516 691 19990 691 1621 691 516 691 516 691 516 691 516 691 516 691 516 691 516 691 1621 691 516 691 516 691 516 691 516 691 1621 691 516 691 516 691 516 691 516 691 516 691 516 691 516 691 516 691 516 691 516 691 516 691 516 691 516 691 516 691 1621 691 516 691 1621 691 516 691,9015 4484 645 1699 679 500 678 533 678 1642 675 1641 675 1640 672 1644 620 559 645 565 652 558 679 532 679 532 678 513 697 511 729 477 697 513 627 583 677 533 679 532 678 533 677 514 698 1640 647 1669 596 583 628 583 677 533 679 532 678 516 695 1641 674 509 702 1640 599 581 628 583 678 1667 718 463 678 20003 680 1640 674 511 731 476 696 513 628 582 677 533 680 531 678 533 677 1641 676 509 730 476 673 537 628 582 678 1667 709 472 680 514 696 512 705 501 702 505 672 539 628 582 679 532 679 531 679 515 695 512 705 502 697 510 647 564 677 1641 719 489 685 1631 678 514 696,9002 4497 665 1654 665 544 665 544 665 1654 665 1654 665 1654 665 1654 665 544 665 544 665 544 665 544 665 544 665 544 665 544 665 544 665 544 665 544 665 544 665 544 665 544 665 544 665 1654 665 1654 665 544 665 544 665 544 665 544 665 544 665 1654 665 544 665 1654 665 544 665 544 665 1654 665 544 665 20016 665 1654 665 544 665 544 665 544 665 544 665 544 665 544 665 544 665 1654 665 544 665 544 665 544 665 544 665 1654 665 544 665 544 665 544 665 544 665 544 665 544 665 544 665 544 665 544 665 544 665 544 665 544 665 544 665 544 665 1654 665 544 665 1654 665 544 665
Sharp_AH-A9UCD.ir,POWER_OFF,GREE 40 bits 71002050012100d0,1,True,learned fidelity_check (139 timings),GREE 40 bits 71002050012100d0,True,12.5,-7.4,77,9111 4374 765 1548 712 496 713 497 713 496 710 1598 711 1602 712 1602 712 496 712 497 712 498 710 495 709 501 729 496 711 496 707 498 707 498 707 498 708 498 707 499 707 499 707 498 707 1600 706 499 708 497 709 498 706 500 706 499 707 499 707 1597 705 499 710 1596 705 497 707 500 708 1601 708 500 709 19935 707 1604 706 498 707 500 709 500 708 499 709 500 710 500 709 500 708 1600 708 500 709 500 710 498 705 499 708 1597 704 498 709 500 707 498 709 498 705 499 709 498 709 498 708 498 708 499 707 499 707 498 707 498 708 499 707 498 708 1600 706 497 707 1597 705 1600 709,9111 4374 765 1548 712 496 713 497 713 496 710 1598 711 1602 712 1602 712 496 712 497 712 498 710 495 709 501 729 496 711 496 707 498 707 498 707 498 708 498 707 499 707 499 707 498 707 1600 706 499 708 497 709 498 706 500 706 499 707 499 707 1597 705 499 710 1596 705 497 707 500 708 1601 708 500 709 19935 707 1604 706 498 707 500 709 500 708 499 709 500 710 500 709 500 708 1600 708 500 709 500 710 498 705 499 708 1597 704 498 709 500 707 498 709 498 705 499 709 498 709 498 708 498 708 499 707 499 707 498 707 498 708 499 707 498 708 1600 706 497 707 1597 705 1600 709,9125 4373 752 1566 643 539 703 507 705 504 773 1573 703 1613 703 1612 703 476 775 435 776 435 737 453 647 563 758 474 774 435 775 436 697 493 699 505 775 435 776 434 776 435 734 458 646 1693 702 477 775 435 776 435 696 495 647 559 773 434 776 1546 643 541 668 1673 702 477 742 469 701 1619 648 533 746 19909 735 1611 618 542 645 561 741 468 773 435 776 435 775 435 776 434 775 1572 672 507 735 477 731 460 646 558 773 1571 671 492 715 494 645 559 745 463 776 434 776 435 775 436 729 462 664 544 737 468 776 434 776 435 775 435 702 490 646 1692 674 506 775 1546 672 1643 673,9112 4386 722 1625 722 481 722 481 722 481 722 1625 722 1625 722 1625 722 481 722 481 722 481 722 481 722 481 722 481 722 481 722 481 722 481 722 481 722 481 722 481 722 481 722 481 722 1625 722 481 722 481 722 481 722 481 722 481 722 481 722 1625 722 481 722 1625 722 481 722 481 722 1625 722 481 722 19922 722 1625 722 481 722 481 722 481 722 481 722 481 722 481 722 481 722 1625 722 481 722 481 722 481 722 481 722 1625 722 481 722 481 722 481 722 481 722 481 722 481 722 481 722 481 722 481 722 481 722 481 722 481 722 481 722 481 722 1625 722 481 722 1625 722 1625 722
Sharp_AH-A9UCD.ir,POWER_OFF,GREE 40 bits 71002050012100d0,2,True,learned fidelity_check (139 timings),GREE 40 bits 71002050012100d0,True,-5.3,-4.7,54,9111 4374 765 1548 712 496 713 497 713 496 710 1598 711 1602 712 1602 712 496 712 497 712 498 710 495 709 501 729 496 711 496 707 498 707 498 707 498 708 498 707 499 707 499 707 498 707 1600 706 499 708 497 709 498 706 500 706 499 707 499 707 1597 705 499 710 1596 705 497 707 500 708 1601 708 500 709 19935 707 1604 706 498 707 500 709 500 708 499 709 500 710 500 709 500 708 1600 708 500 709 500 710 498 705 499 708 1597 704 498 709 500 707 498 709 498 705 499 709 498 709 498 708 498 708 499 707 499 707 498 707 498 708 499 707 498 708 1600 706 497 707 1597 705 1600 709,9112 4386 722 1625 722 481 722 481 722 481 722 1625 722 1625 722 1625 722 481 722 481 722 481 722 481 722 481 722 481 722 481 722 481 722 481 722 481 722 481 722 481 722 481 722 481 722 1625 722 481 722 481 722 481 722 481 722 481 722 481 722 1625 722 481 722 1625 722 481 722 481 722 1625 722 481 722 19922 722 1625 722 481 722 481 722 481 722 481 722 481 722 481 722 481 722 1625 722 481 722 481 722 481 722 481 722 1625 722 481 722 481 722 481 722 481 722 481 722 481 722 481 722 481 722 481 722 481 722 481 722 481 722 481 722 481 722 1625 722 481 722 1625 722 1625 722,9097 4403 773 1598 704 454 767 437 703 507 738 1636 669 1673 738 1604 737 441 705 506 708 503 774 414 729 476 678 533 773 420 793 409 730 480 682 528 776 414 756 448 678 533 746 447 793 1598 704 456 794 409 704 506 710 501 774 413 729 478 677 1696 739 440 680 1693 725 454 711 500 775 1598 675 486 793 19855 700 1673 738 441 653 556 777 415 794 409 704 507 710 500 776 412 728 1642 738 441 730 479 681 530 774 416 760 1608 738 444 728 478 678 532 774 418 794 409 728 482 708 503 775 414 754 451 678 532 748 446 793 409 730 479 681 530 775 1598 622 557 776 1597 674 1668 642,9084 4416 717 1649 717 469 717 469 717 469 717 1649 717 1649 717 1649 717 469 717 469 717 469 717 469 717 469 717 469 717 469 717 469 717 469 717 469 717 469 717 469 717 469 717 469 717 1649 717 469 717 469 717 469 717 469 717 469 717 469 717 1649 717 469 717 1649 717 469 717 469 717 1649 717 469 717 19868 717 1649 717 469 717 469 717 469 717 469 717 469 717 469 717 469 717 1649 717 469 717 469 717 469 717 469 717 1649 717 469 717 469 717 469 717 469 717 469 717 469 717 469 717 469 717 469 717 469 717 469 717 469 717 469 717 469 717 1649 717 469 717 1649 717 1649 717
Sharp_AH-A9UCD.ir,20c,GREE 40 bits 7904605001210090,1,True,learned fidelity_check (139 timings),GREE 40 bits 7904605001210090,True,15.6,-15.1,59,9059 4414 709 1594 739 468 741 467 742 1570 742 1567 740 1563 739 1568 738 494 714 494 715 494 715 1599 713 495 712 497 711 497 712 498 711 498 709 495 708 498 711 497 706 498 710 496 707 1602 710 1603 709 498 709 498 709 498 711 500 711 498 707 1601 710 499 710 1604 709 498 710 499 710 1604 710 499 709 19932 709 1602 707 495 709 496 709 496 708 496 707 496 708 496 706 496 706 1593 707 496 707 496 707 496 707 495 707 1604 709 498 710 499 709 499 710 499 711 498 707 496 709 499 708 497 709 499 707 497 710 498 706 497 710 496 708 499 708 1600 710 500 709 500 710 1605 710,9059 4414 709 1594 739 468 741 467 742 1570 742 1567 740 1563 739 1568 738 494 714 494 715 494 715 1599 713 495 712 497 711 497 712 498 711 498 709 495 708 498 711 497 706 498 710 496 707 1602 710 1603 709 498 709 498 709 498 711 500 711 498 707 1601 710 499 710 1604 709 498 710 499 710 1604 710 499 709 19932 709 1602 707 495 709 496 709 496 708 496 707 496 708 496 706 496 706 1593 707 496 707 496 707 496 707 495 707 1604 709 498 710 499 709 499 710 499 711 498 707 496 709 499 708 497 709 499 707 497 710 498 706 497 710 496 708 499 708 1600 710 500 709 500 710 1605 710,9013 4458 738 1607 738 441 730 462 749 1590 722 1594 729 1560 757 1558 648 557 739 471 748 462 776 1572 704 474 777 434 775 435 776 434 777 434 740 451 665 540 742 467 776 434 776 435 743 1578 668 1647 622 560 746 461 776 434 776 435 776 434 776 1572 702 477 769 1551 695 492 690 519 647 1694 621 561 740 19913 738 1581 668 514 746 462 775 435 776 435 698 489 737 470 775 435 743 1578 701 478 775 436 695 492 770 437 775 1571 700 479 775 435 738 456 745 465 720 488 647 557 775 435 775 435 775 435 774 420 720 488 648 555 776 434 776 435 776 1545 726 480 701 491 718 1620 693,9000 4471 729 1591 729 475 729 475 729 1591 729 1591 729 1591 729 1591 729 475 729 475 729 475 729 1591 729 475 729 475 729 475 729 475 729 475 729 475 729 475 729 475 729 475 729 475 729 1591 729 1591 729 475 729 475 729 475 729 475 729 475 729 1591 729 475 729 1591 729 475 729 475 729 1591 729 475 729 19926 729 1591 729 475 729 475 729 475 729 475 729 475 729 475 729 475 729 1591 729 475 729 475 729 475 729 475 729 1591 729 475 729 475 729 475 729 475 729 475 729 475 729 475 729 475 729 475 729 475 729 475 729 475 729 475 729 475 729 1591 729 475 729 475 729 1591 729
Sharp_AH-A9UCD.ir,20c,GREE 40 bits 7904605001210090,2,True,learned fidelity_check (139 timings),GREE 40 bits 7904605001210090,True,-11.6,21.8,57,9059 4414 709 1594 739 468 741 467 742 1570 742 1567 740 1563 739 1568 738 494 714 494 715 494 715 1599 713 495 712 497 711 497 712 498 711 498 709 495 708 498 711 497 706 498 710 496 707 1602 710 1603 709 498 709 498 709 498 711 500 711 498 707 1601 710 499 710 1604 709 498 710 499 710 1604 710 499 709 19932 709 1602 707 495 709 496 709 496 708 496 707 496 708 496 706 496 706 1593 707 496 707 496 707 496 707 495 707 1604 709 498 710 499 709 499 710 499 711 498 707 496 709 499 708 497 709 499 707 497 710 498 706 497 710 496 708 499 708 1600 710 500 709 500 710 1605 710,9000 4471 729 1591 729 475 729 475 729 1591 729 1591 729 1591 729 1591 729 475 729 475 729 475 729 1591 729 475 729 475 729 475 729 475 729 475 729 475 729 475 729 475 729 475 729 475 729 1591 729 1591 729 475 729 475 729 475 729 475 729 475 729 1591 729 475 729 1591 729 475 729 475 729 1591 729 475 729 19926 729 1591 729 475 729 475 729 475 729 475 729 475 729 475 729 475 729 1591 729 475 729 475 729 475 729 475 729 1591 729 475 729 475 729 475 729 475 729 475 729 475 729 475 729 475 729 475 729 475 729 475 729 475 729 475 729 475 729 1591 729 475 729 475 729 1591 729,8960 4515 792 1547 701 482 755 450 732 1615 740 1576 737 1579 674 1667 669 494 761 443 728 478 732 1616 739 439 732 478 656 538 789 415 729 478 731 479 678 516 763 442 728 478 732 479 678 1669 739 1577 738 440 705 505 683 509 792 412 730 479 730 1618 738 440 704 1644 738 440 679 516 758 1605 643 518 791 19885 771 1548 646 538 762 442 731 480 728 482 681 510 793 411 731 478 732 1616 739 440 702 508 708 482 760 443 733 1615 740 439 731 479 679 532 737 452 755 450 731 479 703 508 708 482 758 446 731 479 704 507 682 508 765 439 731 480 729 1618 741 437 703 508 710 1637 693,8947 4528 718 1629 718 492 718 492 718 1629 718 1629 718 1629 718 1629 718 492 718 492 718 492 718 1629 718 492 718 492 718 492 718 492 718 492 718 492 718 492 718 492 718 492 718 492 718 1629 718 1629 718 492 718 492 718 492 718 492 718 492 718 1629 718 492 718 1629 718 492 718 492 718 1629 718 492 718 19898 718 1629 718 492 718 492 718 492 718 492 718 492 718 492 718 492 718 1629 718 492 718 492 718 492 718 492 718 1629 718 492 718 492 718 492 718 492 718 492 718 492 718 492 718 492 718 492 718 492 718 492 718 492 718 492 718 492 718 1629 718 492 718 492 718 1629 718
Sharp_AH-A9UCD.ir,23c,GREE 40 bits 79076050012100c0,1,True,learned fidelity_check (139 timings),GREE 40 bits 79076050012100c0,True,13.2,-22.3,91,9085 4426 711 1600 711 496 711 496 712 1600 712 1600 739 1571 738 1573 710 495 735 1566 735 1569 734 1569 733 494 710 494 708 495 708 495 707 496 706 495 707 497 710 499 707 496 709 499 707 1603 709 1604 709 500 709 499 709 499 710 500 710 499 706 1598 707 499 709 1605 709 499 709 500 709 1606 708 500 709 19955 705 1599 707 500 708 496 707 497 708 500 708 500 709 500 709 500 710 1598 706 497 706 497 705 496 707 500 709 1598 706 497 705 496 707 496 706 497 708 500 709 497 706 500 708 497 707 500 708 497 708 499 706 499 709 497 707 499 706 500 705 499 709 1602 709 1606 708,9085 4426 711 1600 711 496 711 496 712 1600 712 1600 739 1571 738 1573 710 495 735 1566 735 1569 734 1569 733 494 710 494 708 495 708 495 707 496 706 495 707 497 710 499 707 496 709 499 707 1603 709 1604 709 500 709 499 709 499 710 500 710 499 706 1598 707 499 709 1605 709 499 709 500 709 1606 708 500 709 19955 705 1599 707 500 708 496 707 497 708 500 708 500 709 500 709 500 710 1598 706 497 706 497 705 496 707 500 709 1598 706 497 705 496 707 496 706 497 708 500 709 497 706 500 708 497 707 500 708 497 708 499 706 499 709 497 707 499 706 500 705 499 709 1602 709 1606 708,9020 4504 772 1549 668 515 701 505 744 1603 704 1612 737 1578 738 1551 695 489 700 1642 738 1551 729 1587 738 450 716 488 771 436 776 434 738 453 672 532 775 435 776 435 773 419 690 518 674 1668 704 1611 703 475 776 435 776 434 776 434 776 435 772 1549 675 504 775 1572 702 476 776 434 776 1572 704 474 777 19884 732 1610 703 476 734 457 671 533 775 434 776 435 776 434 776 435 775 1545 644 540 770 436 775 435 732 463 716 1621 702 477 775 435 697 491 770 435 777 435 775 434 744 467 704 488 672 534 747 460 775 435 775 436 775 436 672 518 698 507 773 436 775 1572 675 1640 677,9007 4517 725 1600 725 463 725 463 725 1600 725 1600 725 1600 725 1600 725 463 725 1600 725 1600 725 1600 725 463 725 463 725 463 725 463 725 463 725 463 725 463 725 463 725 463 725 463 725 1600 725 1600 725 463 725 463 725 463 725 463 725 463 725 1600 725 463 725 1600 725 463 725 463 725 1600 725 463 725 19897 725 1600 725 463 725 463 725 463 725 463 725 463 725 463 725 463 725 1600 725 463 725 463 725 463 725 463 725 1600 725 463 725 463 725 463 725 463 725 463 725 463 725 463 725 463 725 463 725 463 725 463 725 463 725 463 725 463 725 463 725 463 725 1600 725 1600 725
Sharp_AH-A9UCD.ir,23c,GREE 40 bits 79076050012100c0,2,True,learned fidelity_check (139 timings),GREE 40 bits 79076050012100c0,True,-8.0,8.9,43,9085 4426 711 1600 711 496 711 496 712 1600 712 1600 739 1571 738 1573 710 495 735 1566 735 1569 734 1569 733 494 710 494 708 495 708 495 707 496 706 495 707 497 710 499 707 496 709 499 707 1603 709 1604 709 500 709 499 709 499 710 500 710 499 706 1598 707 499 709 1605 709 499 709 500 709 1606 708 500 709 19955 705 1599 707 500 708 496 707 497 708 500 708 500 709 500 709 500 710 1598 706 497 706 497 705 496 707 500 709 1598 706 497 705 496 707 496 706 497 708 500 709 497 706 500 708 497 707 500 708 497 708 499 706 499 709 497 707 499 706 500 705 499 709 1602 709 1606 708,9007 4517 725 1600 725 463 725 463 725 1600 725 1600 725 1600 725 1600 725 463 725 1600 725 1600 725 1600 725 463 725 463 725 463 725 463 725 463 725 463 725 463 725 463 725 463 725 463 725 1600 725 1600 725 463 725 463 725 463 725 463 725 463 725 1600 725 463 725 1600 725 463 725 463 725 1600 725 463 725 19897 725 1600 725 463 725 463 725 463 725 463 725 463 725 463 725 463 725 1600 725 463 725 463 725 463 725 463 725 1600 725 463 725 463 725 463 725 463 725 463 725 463 725 463 725 463 725 463 725 463 725 463 725 463 725 463 725 463 725 463 725 463 725 1600 725 1600 725,9009 4512 793 1573 622 530 679 505 730 1618 737 1604 622 1694 738 1578 738 440 747 1600 726 1590 738 1604 622 530 678 506 728 457 730 459 756 432 792 408 771 413 683 501 679 506 732 455 728 1616 735 1607 695 457 731 457 728 460 794 409 775 409 738 1609 737 418 729 1616 737 441 712 472 678 1670 738 420 785 19841 762 1582 739 439 773 412 682 502 679 505 732 455 729 459 763 425 792 1571 669 483 729 457 729 459 758 430 792 1571 644 509 704 481 730 458 728 459 794 409 773 410 709 476 677 507 729 456 730 459 757 430 793 408 747 437 681 503 679 505 732 456 728 1616 737 1604 699,8996 4525 717 1617 717 470 717 470 717 1617 717 1617 717 1617 717 1617 717 470 717 1617 717 1617 717 1617 717 470 717 470 717 470 717 470 717 470 717 470 717 470 717 470 717 470 717 470 717 1617 717 1617 717 470 717 470 717 470 717 470 717 470 717 1617 717 470 717 1617 717 470 717 470 717 1617 717 470 717 19854 717 1617 717 470 717 470 717 470 717 470 717 470 717 470 717 470 717 1617 717 470 717 470 717 470 717 470 717 1617 717 470 717 470 717 470 717 470 717 470 717 470 717 470 717 470 717 470 717 470 717 470 717 470 717 470 717 470 717 470 717 470 717 1617 717 1617 717
Toshiba_RAS13SKV2E.ir,POWER,TOSHIBA_AC 48 bits f20d03fc0160010060,1,True,learned fidelity_check (295 timings),TOSHIBA_AC 48 bits f20d03fc0160010060,True,-15.6,-2.8,95,4384 4380 522 1611 551 1609 553 1607 555 1605 557 523 547 533 548 1612 550 530 551 529 552 528 553 527 554 526 555 1605 557 1603 549 531 550 1610 552 528 553 527 554 527 554 526 555 525 556 524 546 1613 549 1611 551 1609 553 1607 555 1605 557 1603 548 1611 551 1609 553 527 554 527 554 526 555 525 556 524 557 523 547 533 548 532 549 531 550 1609 553 527 554 1606 556 1604 547 533 548 532 549 531 550 530 551 529 552 528 553 527 554 526 555 525 556 524 557 523 547 532 549 1611 551 529 552 528 553 528 553 527 554 526 555 525 556 524 546 533 548 532 549 1611 551 1609 553 527 554 526 555 525 556 524 557 523 547 7458 4392 4345 556 1604 547 1612 550 1611 551 1609 553 527 554 526 555 1605 557 523 547 533 548 532 549 531 550 530 551 1609 553 1607 555 525 556 1604 547 532 549 532 549 531 550 530 551 529 552 528 553 1607 555 1605 557 1603 548 1611 551 1610 552 1608 554 1606 556 1604 547 533 548 532 549 532 549 531 550 530 551 529 552 528 553 527 554 526 555 1604 547 533 548 1612 550 1610 552 528 553 528 553 527 554 526 555 525 556 524 557 523 547 533 548 532 549 531 550 530 551 529 552 1607 555 525 556 525 556 524 557 523 547 533 548 532 549 531 550 530 551 529 552 1607 555 1605 557 523 547 533 548 532 549 531 550 530 551,4384 4380 522 1611 551 1609 553 1607 555 1605 557 523 547 533 548 1612 550 530 551 529 552 528 553 527 554 526 555 1605 557 1603 549 531 550 1610 552 528 553 527 554 527 554 526 555 525 556 524 546 1613 549 1611 551 1609 553 1607 555 1605 557 1603 548 1611 551 1609 553 527 554 527 554 526 555 525 556 524 557 523 547 533 548 532 549 531 550 1609 553 527 554 1606 556 1604 547 533 548 532 549 531 550 530 551 529 552 528 553 527 554 526 555 525 556 524 557 523 547 532 549 1611 551 529 552 528 553 528 553 527 554 526 555 525 556 524 546 533 548 532 549 1611 551 1609 553 527 554 526 555 525 556 524 557 523 547 7458 4392 4345 556 1604 547 1612 550 1611 551 1609 553 527 554 526 555 1605 557 523 547 533 548 532 549 531 550 530 551 1609 553 1607 555 525 556 1604 547 532 549 532 549 531 550 530 551 529 552 528 553 1607 555 1605 557 1603 548 1611 551 1610 552 1608 554 1606 556 1604 547 533 548 532 549 532 549 531 550 530 551 529 552 528 553 527 554 526 555 1604 547 533 548 1612 550 1610 552 528 553 528 553 527 554 526 555 525 556 524 557 523 547 533 548 532 549 531 550 530 551 529 552 1607 555 525 556 525 556 524 557 523 547 533 548 532 549 531 550 530 551 529 552 1607 555 1605 557 523 547 533 548 532 549 531 550 530 551,4389 4373 522 1640 546 1612 517 1640 485 1673 540 515 513 566 488 1694 510 563 576 502 617 462 618 461 618 461 617 1572 546 1612 546 501 617 1572 546 501 617 463 584 497 546 535 490 589 538 542 541 1642 465 1693 532 1652 546 1611 545 1613 545 1613 544 1613 546 1612 545 501 617 464 584 495 548 533 491 589 514 566 574 506 513 567 487 593 530 1650 542 531 618 1571 546 1612 512 535 618 461 618 461 618 460 618 461 618 461 618 461 616 463 587 493 549 530 494 587 613 466 611 1575 463 591 532 548 560 521 598 497 617 461 618 461 617 461 542 537 579 500 618 1571 545 1613 544 503 618 461 618 461 587 491 551 529 617 7391 4328 4427 584 1576 465 1693 537 1647 518 1640 518 529 617 461 618 1572 516 531 618 461 617 462 617 462 617 464 588 1598 465 1693 538 517 603 1579 465 609 514 564 545 534 583 496 617 461 618 461 618 1570 517 1641 516 1642 516 1641 517 1641 466 1692 509 1648 578 1580 465 610 513 566 543 535 582 496 594 485 594 485 593 486 593 486 593 485 593 1594 518 532 593 1594 518 1641 490 563 518 563 510 570 561 519 597 482 609 487 591 488 513 565 542 537 551 528 588 491 585 494 585 1574 546 531 584 496 556 523 548 530 581 499 580 500 578 502 549 531 542 537 490 1671 560 1617 591 486 470 608 515 564 542 540 517 561 546,4376 4440 536 1626 536 1626 536 1626 536 1626 536 515 536 515 536 1626 536 515 536 515 536 515 536 515 536 515 536 1626 536 1626 536 515 536 1626 536 515 536 515 536 515 536 515 536 515 536 515 536 1626 536 1626 536 1626 536 1626 536 1626 536 1626 536 1626 536 1626 536 515 536 515 536 515 536 515 536 515 536 515 536 515 536 515 536 515 536 1626 536 515 536 1626 536 1626 536 515 536 515 536 515 536 515 536 515 536 515 536 515 536 515 536 515 536 515 536 515 536 515 536 1626 536 515 536 515 536 515 536 515 536 515 536 515 536 515 536 515 536 515 536 1626 536 1626 536 515 536 515 536 515 536 515 536 515 536 7404 4376 4440 536 1626 536 1626 536 1626 536 1626 536 515 536 515 536 1626 536 515 536 515 536 515 536 515 536 515 536 1626 536 1626 536 515 536 1626 536 515 536 515 536 515 536 515 536 515 536 515 536 1626 536 1626 536 1626 536 1626 536 1626 536 1626 536 1626 536 1626 536 515 536 515 536 515 536 515 536 515 536 515 536 515 536 515 536 515 536 1626 536 515 536 1626 536 1626 536 515 536 515 536 515 536 515 536 515 536 515 536 515 536 515 536 515 536 515 536 515 536 515 536 1626 536 515 536 515 536 515 536 515 536 515 536 515 536 515 536 515 536 515 536 1626 536 1626 536 515 536 515 536 515 536 515 536 515 536
Toshiba_RAS13SKV2E.ir,POWER,TOSHIBA_AC 48 bits f20d03fc0160010060,2,False,"Home Assistant rejected call_service: {'code': 'home_assistant_error', 'message': 'Timeout waiting for response from action call get_code on ir-bridge', 'translation_key': 'action_call_timeout', 'translation_placeholders': {'call_name': 'get_code', 'device_name': 'ir-bridge'}, 'translation_domain': 'esphome'}",,False,,,,4384 4380 522 1611 551 1609 553 1607 555 1605 557 523 547 533 548 1612 550 530 551 529 552 528 553 527 554 526 555 1605 557 1603 549 531 550 1610 552 528 553 527 554 527 554 526 555 525 556 524 546 1613 549 1611 551 1609 553 1607 555 1605 557 1603 548 1611 551 1609 553 527 554 527 554 526 555 525 556 524 557 523 547 533 548 532 549 531 550 1609 553 527 554 1606 556 1604 547 533 548 532 549 531 550 530 551 529 552 528 553 527 554 526 555 525 556 524 557 523 547 532 549 1611 551 529 552 528 553 528 553 527 554 526 555 525 556 524 546 533 548 532 549 1611 551 1609 553 527 554 526 555 525 556 524 557 523 547 7458 4392 4345 556 1604 547 1612 550 1611 551 1609 553 527 554 526 555 1605 557 523 547 533 548 532 549 531 550 530 551 1609 553 1607 555 525 556 1604 547 532 549 532 549 531 550 530 551 529 552 528 553 1607 555 1605 557 1603 548 1611 551 1610 552 1608 554 1606 556 1604 547 533 548 532 549 532 549 531 550 530 551 529 552 528 553 527 554 526 555 1604 547 533 548 1612 550 1610 552 528 553 528 553 527 554 526 555 525 556 524 557 523 547 533 548 532 549 531 550 530 551 529 552 1607 555 525 556 525 556 524 557 523 547 533 548 532 549 531 550 530 551 529 552 1607 555 1605 557 523 547 533 548 532 549 531 550 530 551,4376 4440 536 1626 536 1626 536 1626 536 1626 536 515 536 515 536 1626 536 515 536 515 536 515 536 515 536 515 536 1626 536 1626 536 515 536 1626 536 515 536 515 536 515 536 515 536 515 536 515 536 1626 536 1626 536 1626 536 1626 536 1626 536 1626 536 1626 536 1626 536 515 536 515 536 515 536 515 536 515 536 515 536 515 536 515 536 515 536 1626 536 515 536 1626 536 1626 536 515 536 515 536 515 536 515 536 515 536 515 536 515 536 515 536 515 536 515 536 515 536 515 536 1626 536 515 536 515 536 515 536 515 536 515 536 515 536 515 536 515 536 515 536 1626 536 1626 536 515 536 515 536 515 536 515 536 515 536 7404 4376 4440 536 1626 536 1626 536 1626 536 1626 536 515 536 515 536 1626 536 515 536 515 536 515 536 515 536 515 536 1626 536 1626 536 515 536 1626 536 515 536 515 536 515 536 515 536 515 536 515 536 1626 536 1626 536 1626 536 1626 536 1626 536 1626 536 1626 536 1626 536 515 536 515 536 515 536 515 536 515 536 515 536 515 536 515 536 515 536 1626 536 515 536 1626 536 1626 536 515 536 515 536 515 536 515 536 515 536 515 536 515 536 515 536 515 536 515 536 515 536 515 536 1626 536 515 536 515 536 515 536 515 536 515 536 515 536 515 536 515 536 515 536 1626 536 1626 536 515 536 515 536 515 536 515 536 515 536,,
Toshiba_RAS13SKV2E.ir,Off,TOSHIBA_AC 48 bits f20d03fc0160070066,1,True,learned fidelity_check (295 timings),TOSHIBA_AC 48 bits f20d03fc0160070066,True,13.3,-8.1,38,4387 4349 553 1609 553 1607 555 1605 546 1613 549 531 550 530 551 1610 552 527 554 526 555 526 555 525 556 524 557 1602 549 1611 551 529 552 1608 554 526 555 525 556 525 556 524 546 533 548 532 549 1611 551 1608 554 1606 556 1604 558 1603 548 1611 551 1609 553 1607 555 525 556 525 556 524 557 523 547 533 548 533 548 532 549 531 550 530 551 1607 555 526 555 1605 557 1603 548 531 550 531 550 530 551 529 552 528 553 527 554 526 555 526 555 525 556 524 546 1612 550 1610 552 1608 554 527 554 526 555 526 555 525 556 524 557 523 547 533 548 532 549 531 550 1609 553 1607 555 525 556 525 556 1603 548 1612 550 530 551 7454 4385 4352 549 1611 551 1609 553 1608 554 1606 556 525 556 524 557 1602 549 531 550 531 550 530 551 530 551 529 552 1633 529 1604 558 523 558 1601 550 531 550 530 551 530 551 529 552 528 553 527 554 1604 558 1603 548 1611 551 1609 553 1608 554 1606 556 1604 558 1602 549 532 549 531 550 530 551 530 551 529 552 528 553 527 554 526 555 525 556 1603 548 532 549 1610 552 1608 554 527 554 527 554 526 555 525 556 524 557 523 547 533 548 532 549 531 550 530 551 1608 554 1606 556 1604 558 523 547 533 548 532 549 531 550 530 551 529 552 528 553 527 554 526 555 1605 557 1602 549 531 550 531 550 1609 553 1607 555 526 555,4387 4349 553 1609 553 1607 555 1605 546 1613 549 531 550 530 551 1610 552 527 554 526 555 526 555 525 556 524 557 1602 549 1611 551 529 552 1608 554 526 555 525 556 525 556 524 546 533 548 532 549 1611 551 1608 554 1606 556 1604 558 1603 548 1611 551 1609 553 1607 555 525 556 525 556 524 557 523 547 533 548 533 548 532 549 531 550 530 551 1607 555 526 555 1605 557 1603 548 531 550 531 550 530 551 529 552 528 553 527 554 526 555 526 555 525 556 524 546 1612 550 1610 552 1608 554 527 554 526 555 526 555 525 556 524 557 523 547 533 548 532 549 531 550 1609 553 1607 555 525 556 525 556 1603 548 1612 550 530 551 7454 4385 4352 549 1611 551 1609 553 1608 554 1606 556 525 556 524 557 1602 549 531 550 531 550 530 551 530 551 529 552 1633 529 1604 558 523 558 1601 550 531 550 530 551 530 551 529 552 528 553 527 554 1604 558 1603 548 1611 551 1609 553 1608 554 1606 556 1604 558 1602 549 532 549 531 550 530 551 530 551 529 552 528 553 527 554 526 555 525 556 1603 548 532 549 1610 552 1608 554 527 554 527 554 526 555 525 556 524 557 523 547 533 548 532 549 531 550 530 551 1608 554 1606 556 1604 558 523 547 533 548 532 549 531 550 530 551 529 552 528 553 527 554 526 555 1605 557 1602 549 531 550 531 550 1609 553 1607 555 526 555,4381 4356 580 1607 545 1613 546 1612 545 1612 546 504 615 465 583 1603 484 570 560 520 596 486 632 462 617 461 617 1572 512 1646 545 502 618 1571 547 501 617 461 618 461 589 490 617 461 619 461 617 1572 517 1641 484 1673 540 1618 580 1578 510 1673 543 1615 545 1613 546 501 617 461 618 461 590 489 618 461 617 464 616 464 614 466 581 499 517 1667 509 546 594 1587 580 1578 510 563 575 504 614 465 617 461 618 461 618 461 618 461 617 461 618 461 590 489 618 1572 544 1613 517 1641 464 589 536 544 593 489 629 467 616 462 617 461 539 540 574 505 614 465 617 1572 542 1615 520 528 617 462 589 1599 519 1639 518 533 587 7418 4379 4374 513 1650 568 1615 517 1641 516 1641 517 531 617 462 586 1602 517 531 618 463 615 466 581 499 515 566 509 1698 489 1643 611 463 616 1571 489 560 592 487 594 485 615 463 594 485 593 486 594 1593 492 1666 518 1640 517 1641 466 1691 537 1619 590 1567 591 1596 488 560 590 489 591 488 590 489 590 489 590 489 587 491 588 491 557 523 549 1611 551 528 579 1582 489 1670 558 522 568 528 589 489 592 488 580 500 579 500 540 539 551 527 579 500 576 503 578 1579 576 1582 523 1635 494 588 542 538 540 540 513 567 487 592 531 565 516 563 549 530 586 492 576 1584 545 1613 542 537 583 496 580 1577 580 1578 576 502 544,4368 4387 566 1626 566 1626 566 1626 566 1626 566 504 566 504 566 1626 566 504 566 504 566 504 566 504 566 504 566 1626 566 1626 566 504 566 1626 566 504 566 504 566 504 566 504 566 504 566 504 566 1626 566 1626 566 1626 566 1626 566 1626 566 1626 566 1626 566 1626 566 504 566 504 566 504 566 504 566 504 566 504 566 504 566 504 566 504 566 1626 566 504 566 1626 566 1626 566 504 566 504 566 504 566 504 566 504 566 504 566 504 566 504 566 504 566 504 566 1626 566 1626 566 1626 566 504 566 504 566 504 566 504 566 504 566 504 566 504 566 504 566 504 566 1626 566 1626 566 504 566 504 566 1626 566 1626 566 504 566 7431 4368 4387 566 1626 566 1626 566 1626 566 1626 566 504 566 504 566 1626 566 504 566 504 566 504 566 504 566 504 566 1626 566 1626 566 504 566 1626 566 504 566 504 566 504 566 504 566 504 566 504 566 1626 566 1626 566 1626 566 1626 566 1626 566 1626 566 1626 566 1626 566 504 566 504 566 504 566 504 566 504 566 504 566 504 566 504 566 504 566 1626 566 504 566 1626 566 1626 566 504 566 504 566 504 566 504 566 504 566 504 566 504 566 504 566 504 566 504 566 1626 566 1626 566 1626 566 504 566 504 566 504 566 504 566 504 566 504 566 504 566 504 566 504 566 1626 566 1626 566 504 566 504 566 1626 566 1626 566 504 566
Toshiba_RAS13SKV2E.ir,Off,TOSHIBA_AC 48 bits f20d03fc0160070066,2,True,learned fidelity_check (295 timings),TOSHIBA_AC 48 bits f20d03fc0160070066,True,-4.7,17.1,62,4387 4349 553 1609 553 1607 555 1605 546 1613 549 531 550 530 551 1610 552 527 554 526 555 526 555 525 556 524 557 1602 549 1611 551 529 552 1608 554 526 555 525 556 525 556 524 546 533 548 532 549 1611 551 1608 554 1606 556 1604 558 1603 548 1611 551 1609 553 1607 555 525 556 525 556 524 557 523 547 533 548 533 548 532 549 531 550 530 551 1607 555 526 555 1605 557 1603 548 531 550 531 550 530 551 529 552 528 553 527 554 526 555 526 555 525 556 524 546 1612 550 1610 552 1608 554 527 554 526 555 526 555 525 556 524 557 523 547 533 548 532 549 531 550 1609 553 1607 555 525 556 525 556 1603 548 1612 550 530 551 7454 4385 4352 549 1611 551 1609 553 1608 554 1606 556 525 556 524 557 1602 549 531 550 531 550 530 551 530 551 529 552 1633 529 1604 558 523 558 1601 550 531 550 530 551 530 551 529 552 528 553 527 554 1604 558 1603 548 1611 551 1609 553 1608 554 1606 556 1604 558 1602 549 532 549 531 550 530 551 530 551 529 552 528 553 527 554 526 555 525 556 1603 548 532 549 1610 552 1608 554 527 554 527 554 526 555 525 556 524 557 523 547 533 548 532 549 531 550 530 551 1608 554 1606 556 1604 558 523 547 533 548 532 549 531 550 530 551 529 552 528 553 527 554 526 555 1605 557 1602 549 531 550 531 550 1609 553 1607 555 526 555,4368 4387 566 1626 566 1626 566 1626 566 1626 566 504 566 504 566 1626 566 504 566 504 566 504 566 504 566 504 566 1626 566 1626 566 504 566 1626 566 504 566 504 566 504 566 504 566 504 566 504 566 1626 566 1626 566 1626 566 1626 566 1626 566 1626 566 1626 566 1626 566 504 566 504 566 504 566 504 566 504 566 504 566 504 566 504 566 504 566 1626 566 504 566 1626 566 1626 566 504 566 504 566 504 566 504 566 504 566 504 566 504 566 504 566 504 566 504 566 1626 566 1626 566 1626 566 504 566 504 566 504 566 504 566 504 566 504 566 504 566 504 566 504 566 1626 566 1626 566 504 566 504 566 1626 566 1626 566 504 566 7431 4368 4387 566 1626 566 1626 566 1626 566 1626 566 504 566 504 566 1626 566 504 566 504 566 504 566 504 566 504 566 1626 566 1626 566 504 566 1626 566 504 566 504 566 504 566 504 566 504 566 504 566 1626 566 1626 566 1626 566 1626 566 1626 566 1626 566 1626 566 1626 566 504 566 504 566 504 566 504 566 504 566 504 566 504 566 504 566 504 566 1626 566 504 566 1626 566 1626 566 504 566 504 566 504 566 504 566 504 566 504 566 504 566 504 566 504 566 504 566 1626 566 1626 566 1626 566 504 566 504 566 504 566 504 566 504 566 504 566 504 566 504 566 504 566 1626 566 1626 566 504 566 504 566 1626 566 1626 566 504 566,4394 4346 636 1599 516 1667 537 1647 581 1603 579 472 570 505 520 1696 581 465 497 583 617 437 572 505 497 582 618 1597 485 1700 580 466 523 1693 582 465 549 513 635 434 574 505 550 512 634 436 573 1643 579 1631 489 1695 568 1615 581 1630 518 1666 535 1649 580 1604 579 471 570 505 520 560 616 439 570 505 521 559 617 437 572 504 497 583 617 1598 485 563 616 1599 464 1720 580 466 525 537 635 435 573 506 525 536 636 434 573 506 548 514 634 435 574 505 549 1667 580 1604 580 1630 514 514 633 439 545 533 585 474 608 464 547 532 586 473 607 466 545 534 586 1629 541 1644 580 466 521 558 615 1601 535 1649 581 466 520 7480 4395 4366 617 1598 509 1675 583 1601 582 1628 465 565 635 435 573 1643 583 464 572 507 552 509 635 435 573 506 552 1663 578 1606 585 463 545 1670 586 461 545 534 588 471 602 470 545 534 588 471 601 1634 516 1668 538 1646 609 1575 611 1599 510 1674 612 1572 611 1599 465 565 635 435 574 505 550 512 634 435 574 505 551 510 635 435 574 506 551 1662 587 462 555 1658 582 1606 609 437 545 534 561 498 602 470 546 533 560 499 601 471 546 533 584 475 600 473 544 1670 588 1595 542 1641 565 511 592 464 573 503 519 560 590 465 573 502 520 559 591 466 575 500 518 1670 605 1602 590 463 575 502 496 1691 607 1602 590 462 580,4382 4379 561 1654 561 1654 561 1654 561 1654 561 515 561 515 561 1654 561 515 561 515 561 515 561 515 561 515 561 1654 561 1654 561 515 561 1654 561 515 561 515 561 515 561 515 561 515 561 515 561 1654 561 1654 561 1654 561 1654 561 1654 561 1654 561 1654 561 1654 561 515 561 515 561 515 561 515 561 515 561 515 561 515 561 515 561 515 561 1654 561 515 561 1654 561 1654 561 515 561 515 561 515 561 515 561 515 561 515 561 515 561 515 561 515 561 515 561 1654 561 1654 561 1654 561 515 561 515 561 515 561 515 561 515 561 515 561 515 561 515 561 515 561 1654 561 1654 561 515 561 515 561 1654 561 1654 561 515 561 7493 4382 4379 561 1654 561 1654 561 1654 561 1654 561 515 561 515 561 1654 561 515 561 515 561 515 561 515 561 515 561 1654 561 1654 561 515 561 1654 561 515 561 515 561 515 561 515 561 515 561 515 561 1654 561 1654 561 1654 561 1654 561 1654 561 1654 561 1654 561 1654 561 515 561 515 561 515 561 515 561 515 561 515 561 515 561 515 561 515 561 1654 561 515 561 1654 561 1654 561 515 561 515 561 515 561 515 561 515 561 515 561 515 561 515 561 515 561 515 561 1654 561 1654 561 1654 561 515 561 515 561 515 561 515 561 515 561 515 561 515 561 515 561 515 561 1654 561 1654 561 515 561 515 561 1654 561 1654 561 515 561
Toshiba_RAS13SKV2E.ir,TEMP+,TOSHIBA_AC 48 bits f20d03fc0170010070,1,True,learned fidelity_check (295 timings),TOSHIBA_AC 48 bits f20d03fc0170010070,True,-14.1,7.6,89,4386 4350 550 1611 550 1609 552 1607 554 1606 555 524 556 524 556 1603 548 532 549 531 550 530 551 530 550 529 552 1608 553 1606 555 524 556 1603 548 532 549 532 548 531 550 530 551 530 550 529 551 1608 553 1606 555 1604 557 1602 549 1611 550 1610 551 1608 553 1607 554 525 555 525 555 524 556 524 556 523 547 533 547 532 549 531 549 531 550 1609 552 528 552 1607 554 1605 556 1603 548 533 548 532 548 531 550 531 549 530 551 529 552 529 552 528 552 527 553 526 554 525 555 1604 547 533 548 532 548 531 550 531 550 530 551 529 552 528 552 527 553 527 553 1605 556 1603 548 1612 549 531 549 530 551 530 550 529 552 7452 4385 4352 548 1612 549 1610 551 1609 552 1607 554 526 554 525 555 1605 556 523 547 533 547 532 548 532 548 531 549 1610 551 1608 553 526 554 1606 555 524 556 524 556 523 547 533 547 533 548 532 548 1610 551 1608 553 1607 554 1605 556 1604 547 1613 548 1611 550 1610 551 529 551 528 553 527 553 527 553 526 554 526 554 525 555 524 556 524 546 1613 548 531 549 1610 551 1608 553 1607 554 526 554 525 555 525 555 524 556 524 556 523 547 533 547 532 548 531 550 531 550 530 550 1608 553 527 553 526 554 526 554 525 555 525 555 524 556 523 547 533 547 532 548 1611 550 1609 552 1607 554 526 554 526 554 525 555 525 555,4386 4350 550 1611 550 1609 552 1607 554 1606 555 524 556 524 556 1603 548 532 549 531 550 530 551 530 550 529 552 1608 553 1606 555 524 556 1603 548 532 549 532 548 531 550 530 551 530 550 529 551 1608 553 1606 555 1604 557 1602 549 1611 550 1610 551 1608 553 1607 554 525 555 525 555 524 556 524 556 523 547 533 547 532 549 531 549 531 550 1609 552 528 552 1607 554 1605 556 1603 548 533 548 532 548 531 550 531 549 530 551 529 552 529 552 528 552 527 553 526 554 525 555 1604 547 533 548 532 548 531 550 531 550 530 551 529 552 528 552 527 553 527 553 1605 556 1603 548 1612 549 531 549 530 551 530 550 529 552 7452 4385 4352 548 1612 549 1610 551 1609 552 1607 554 526 554 525 555 1605 556 523 547 533 547 532 548 532 548 531 549 1610 551 1608 553 526 554 1606 555 524 556 524 556 523 547 533 547 533 548 532 548 1610 551 1608 553 1607 554 1605 556 1604 547 1613 548 1611 550 1610 551 529 551 528 553 527 553 527 553 526 554 526 554 525 555 524 556 524 546 1613 548 531 549 1610 551 1608 553 1607 554 526 554 525 555 525 555 524 556 524 556 523 547 533 547 532 548 531 550 531 550 530 550 1608 553 527 553 526 554 526 554 525 555 525 555 524 556 523 547 533 547 532 548 1611 550 1609 552 1607 554 526 554 526 554 525 555 525 555,4422 4313 582 1606 515 1642 464 1694 511 1647 574 482 634 463 617 1545 510 563 574 505 613 466 617 461 619 460 618 1572 545 1612 545 502 618 1572 544 503 617 462 617 462 617 463 613 469 580 499 572 1612 486 1672 537 1621 581 1577 485 1672 537 1647 545 1612 545 1613 544 503 618 461 618 461 617 461 618 461 618 461 618 461 617 462 616 462 619 1571 543 506 590 1598 464 1693 509 1648 518 537 489 591 488 591 531 566 538 541 571 507 612 467 618 461 617 461 618 461 618 461 618 1571 517 531 617 461 618 461 618 461 618 461 617 462 618 460 618 461 592 489 586 1601 464 1694 542 1615 514 540 514 566 488 592 531 548 559 7459 4310 4426 544 1643 517 1641 516 1641 516 1641 517 531 618 461 591 1598 466 583 616 464 615 463 615 465 614 465 614 1571 466 1692 509 546 534 1648 575 482 606 473 633 447 486 609 487 591 540 539 544 1642 517 1641 519 1638 519 1640 518 1639 518 1640 518 1640 517 1641 516 536 555 523 550 531 518 561 492 588 511 568 536 544 562 516 592 488 536 1641 469 593 528 1646 545 1612 591 1569 546 531 582 497 581 498 581 499 579 499 578 501 578 501 579 500 578 501 577 502 577 502 550 1607 553 527 545 534 519 560 517 562 493 587 491 588 533 546 542 538 541 537 543 1617 488 1670 506 1654 533 562 518 561 543 535 551 528 577,4409 4439 537 1653 537 1653 537 1653 537 1653 537 515 537 515 537 1653 537 515 537 515 537 515 537 515 537 515 537 1653 537 1653 537 515 537 1653 537 515 537 515 537 515 537 515 537 515 537 515 537 1653 537 1653 537 1653 537 1653 537 1653 537 1653 537 1653 537 1653 537 515 537 515 537 515 537 515 537 515 537 515 537 515 537 515 537 515 537 1653 537 515 537 1653 537 1653 537 1653 537 515 537 515 537 515 537 515 537 515 537 515 537 515 537 515 537 515 537 515 537 515 537 1653 537 515 537 515 537 515 537 515 537 515 537 515 537 515 537 515 537 515 537 1653 537 1653 537 1653 537 515 537 515 537 515 537 515 537 7472 4409 4439 537 1653 537 1653 537 1653 537 1653 537 515 537 515 537 1653 537 515 537 515 537 515 537 515 537 515 537 1653 537 1653 537 515 537 1653 537 515 537 515 537 515 537 515 537 515 537 515 537 1653 537 1653 537 1653 537 1653 537 1653 537 1653 537 1653 537 1653 537 515 537 515 537 515 537 515 537 515 537 515 537 515 537 515 537 515 537 1653 537 515 537 1653 537 1653 537 1653 537 515 537 515 537 515 537 515 537 515 537 515 537 515 537 515 537 515 537 515 537 515 537 1653 537 515 537 515 537 515 537 515 537 515 537 515 537 515 537 515 537 515 537 1653 537 1653 537 1653 537 515 537 515 537 515 537 515 537
Toshiba_RAS13SKV2E.ir,TEMP+,TOSHIBA_AC 48 bits f20d03fc0170010070,2,True,learned fidelity_check (295 timings),TOSHIBA_AC 48 bits f20d03fc0170010070,True,-12.5,17.1,49,4386 4350 550 1611 550 1609 552 1607 554 1606 555 524 556 524 556 1603 548 532 549 531 550 530 551 530 550 529 552 1608 553 1606 555 524 556 1603 548 532 549 532 548 531 550 530 551 530 550 529 551 1608 553 1606 555 1604 557 1602 549 1611 550 1610 551 1608 553 1607 554 525 555 525 555 524 556 524 556 523 547 533 547 532 549 531 549 531 550 1609 552 528 552 1607 554 1605 556 1603 548 533 548 532 548 531 550 531 549 530 551 529 552 529 552 528 552 527 553 526 554 525 555 1604 547 533 548 532 548 531 550 531 550 530 551 529 552 528 552 527 553 527 553 1605 556 1603 548 1612 549 531 549 530 551 530 550 529 552 7452 4385 4352 548 1612 549 1610 551 1609 552 1607 554 526 554 525 555 1605 556 523 547 533 547 532 548 532 548 531 549 1610 551 1608 553 526 554 1606 555 524 556 524 556 523 547 533 547 533 548 532 548 1610 551 1608 553 1607 554 1605 556 1604 547 1613 548 1611 550 1610 551 529 551 528 553 527 553 527 553 526 554 526 554 525 555 524 556 524 546 1613 548 531 549 1610 551 1608 553 1607 554 526 554 525 555 525 555 524 556 524 556 523 547 533 547 532 548 531 550 531 550 530 550 1608 553 527 553 526 554 526 554 525 555 525 555 524 556 523 547 533 547 532 548 1611 550 1609 552 1607 554 526 554 526 554 525 555 525 555,4409 4439 537 1653 537 1653 537 1653 537 1653 537 515 537 515 537 1653 537 515 537 515 537 515 537 515 537 515 537 1653 537 1653 537 515 537 1653 537 515 537 515 537 515 537 515 537 515 537 515 537 1653 537 1653 537 1653 537 1653 537 1653 537 1653 537 1653 537 1653 537 515 537 515 537 515 537 515 537 515 537 515 537 515 537 515 537 515 537 1653 537 515 537 1653 537 1653 537 1653 537 515 537 515 537 515 537 515 537 515 537 515 537 515 537 515 537 515 537 515 537 515 537 1653 537 515 537 515 537 515 537 515 537 515 537 515 537 515 537 515 537 515 537 1653 537 1653 537 1653 537 515 537 515 537 515 537 515 537 7472 4409 4439 537 1653 537 1653 537 1653 537 1653 537 515 537 515 537 1653 537 515 537 515 537 515 537 515 537 515 537 1653 537 1653 537 515 537 1653 537 515 537 515 537 515 537 515 537 515 537 515 537 1653 537 1653 537 1653 537 1653 537 1653 537 1653 537 1653 537 1653 537 515 537 515 537 515 537 515 537 515 537 515 537 515 537 515 537 515 537 1653 537 515 537 1653 537 1653 537 1653 537 515 537 515 537 515 537 515 537 515 537 515 537 515 537 515 537 515 537 515 537 515 537 1653 537 515 537 515 537 515 537 515 537 515 537 515 537 515 537 515 537 515 537 1653 537 1653 537 1653 537 515 537 515 537 515 537 515 537,4384 4460 569 1643 543 1667 555 1629 492 1692 486 534 546 507 543 1672 520 505 613 440 613 438 615 437 615 437 613 1601 519 1691 556 465 521 1695 493 527 471 582 470 583 493 559 495 558 518 535 518 1697 437 1747 518 1666 517 1693 558 1626 466 1718 487 1696 518 1667 518 529 521 532 520 533 519 517 536 515 538 516 536 514 538 514 539 514 539 1694 559 462 521 1694 496 1688 487 1697 518 509 583 469 610 442 612 440 613 439 614 438 614 437 613 439 587 465 584 468 580 472 577 1639 516 511 580 472 583 469 609 443 612 440 613 438 615 437 615 437 612 440 586 1628 517 1693 560 1623 497 526 470 582 470 583 492 560 494 7508 4447 4401 537 1693 537 1646 495 1689 491 1695 516 511 576 476 580 1627 519 533 520 533 518 517 537 515 538 513 539 1666 562 1622 520 529 470 1717 517 532 549 504 545 508 543 509 540 513 540 512 517 1672 574 1633 519 1666 561 1623 467 1717 545 1646 537 1665 559 1625 518 535 496 556 499 555 525 527 557 495 564 489 569 483 566 487 564 489 563 1620 495 558 496 1688 517 1672 539 1663 521 532 560 492 559 494 557 496 555 497 552 501 550 503 547 488 565 488 540 512 545 507 565 1635 523 531 546 506 547 506 521 532 519 533 519 535 518 533 521 532 521 532 520 1688 494 1690 468 1716 492 560 492 561 492 560 491 561 491,4434 4473 524 1685 524 1685 524 1685 524 1685 524 524 524 524 524 1685 524 524 524 524 524 524 524 524 524 524 524 1685 524 1685 524 524 524 1685 524 524 524 524 524 524 524 524 524 524 524 524 524 1685 524 1685 524 1685 524 1685 524 1685 524 1685 524 1685 524 1685 524 524 524 524 524 524 524 524 524 524 524 524 524 524 524 524 524 524 524 1685 524 524 524 1685 524 1685 524 1685 524 524 524 524 524 524 524 524 524 524 524 524 524 524 524 524 524 524 524 524 524 524 524 1685 524 524 524 524 524 524 524 524 524 524 524 524 524 524 524 524 524 524 524 1685 524 1685 524 1685 524 524 524 524 524 524 524 524 524 7521 4434 4473 524 1685 524 1685 524 1685 524 1685 524 524 524 524 524 1685 524 524 524 524 524 524 524 524 524 524 524 1685 524 1685 524 524 524 1685 524 524 524 524 524 524 524 524 524 524 524 524 524 1685 524 1685 524 1685 524 1685 524 1685 524 1685 524 1685 524 1685 524 524 524 524 524 524 524 524 524 524 524 524 524 524 524 524 524 524 524 1685 524 524 524 1685 524 1685 524 1685 524 524 524 524 524 524 524 524 524 524 524 524 524 524 524 524 524 524 524 524 524 524 524 1685 524 524 524 524 524 524 524 524 524 524 524 524 524 524 524 524 524 524 524 1685 524 1685 524 1685 524 524 524 524 524 524 524 524 524
Toshiba_RAS13SKV2E.ir,Swing,TOSHIBA_AC 48 bits f20d03fc0160210040,1,True,learned fidelity_check (295 timings),TOSHIBA_AC 48 bits f20d03fc0160210040,True,-21.9,26.0,48,4391 4345 555 1605 556 1604 547 1613 548 1611 550 530 550 529 551 1609 552 527 553 527 553 526 554 526 554 525 555 1604 547 1613 548 531 549 1611 550 529 551 529 551 529 551 528 552 527 553 526 554 1605 556 1603 548 1612 549 1611 550 1609 552 1608 553 1607 554 1605 556 524 556 524 556 523 547 533 547 533 547 532 548 531 549 530 550 529 551 1608 553 527 553 1606 555 1605 556 523 547 533 547 533 547 533 547 532 548 531 549 530 550 1609 552 527 553 527 553 527 553 526 554 1605 556 523 557 523 547 533 547 533 547 532 548 531 549 530 550 530 550 529 551 1608 553 526 554 526 554 526 554 525 555 524 556 523 547 7457 4390 4347 553 1608 553 1606 555 1605 556 1604 547 533 547 532 548 1612 549 530 550 530 550 529 551 529 552 528 552 1607 554 1605 556 524 556 1603 548 532 548 532 548 532 548 531 549 530 550 529 551 1608 553 1606 555 1605 556 1604 547 1613 548 1611 550 1610 551 1609 552 527 553 527 553 527 553 526 554 526 554 525 555 524 556 524 556 523 547 1612 549 531 549 1610 551 1609 552 527 553 527 553 527 553 526 554 526 554 525 555 524 556 1603 548 532 548 532 548 532 548 531 549 1610 551 528 552 528 552 528 552 527 553 526 554 525 555 525 555 524 556 523 547 1613 548 531 549 531 549 531 549 530 550 529 551 528 552,4391 4345 555 1605 556 1604 547 1613 548 1611 550 530 550 529 551 1609 552 527 553 527 553 526 554 526 554 525 555 1604 547 1613 548 531 549 1611 550 529 551 529 551 529 551 528 552 527 553 526 554 1605 556 1603 548 1612 549 1611 550 1609 552 1608 553 1607 554 1605 556 524 556 524 556 523 547 533 547 533 547 532 548 531 549 530 550 529 551 1608 553 527 553 1606 555 1605 556 523 547 533 547 533 547 533 547 532 548 531 549 530 550 1609 552 527 553 527 553 527 553 526 554 1605 556 523 557 523 547 533 547 533 547 532 548 531 549 530 550 530 550 529 551 1608 553 526 554 526 554 526 554 525 555 524 556 523 547 7457 4390 4347 553 1608 553 1606 555 1605 556 1604 547 533 547 532 548 1612 549 530 550 530 550 529 551 529 552 528 552 1607 554 1605 556 524 556 1603 548 532 548 532 548 532 548 531 549 530 550 529 551 1608 553 1606 555 1605 556 1604 547 1613 548 1611 550 1610 551 1609 552 527 553 527 553 527 553 526 554 526 554 525 555 524 556 524 556 523 547 1612 549 531 549 1610 551 1609 552 527 553 527 553 527 553 526 554 526 554 525 555 524 556 1603 548 532 548 532 548 532 548 531 549 1610 551 528 552 528 552 528 552 527 553 526 554 525 555 525 555 524 556 523 547 1613 548 531 549 531 549 531 549 530 550 529 551 528 552,4421 4315 578 1609 514 1644 517 1641 518 1639 515 538 544 536 515 1668 510 545 561 520 588 490 598 499 612 466 617 1545 509 1674 488 561 582 1606 517 531 617 462 617 462 617 462 616 462 618 461 618 1570 517 1641 516 1642 516 1642 516 1641 489 1669 484 1674 539 1618 585 474 632 463 617 461 489 590 514 564 542 537 548 531 579 500 588 491 616 1572 517 531 617 1571 517 1640 518 531 617 462 594 485 617 462 593 485 617 462 617 462 594 1593 516 534 563 518 581 498 552 527 547 1638 536 518 537 543 547 533 538 541 489 591 487 592 488 590 531 550 553 536 548 1616 586 492 593 485 593 487 592 486 592 487 591 488 544 7456 4388 4348 546 1612 547 1611 542 1617 492 1669 545 533 569 510 542 1619 486 592 505 575 530 567 515 562 550 528 581 1579 554 1604 551 529 547 1609 549 530 546 534 544 536 543 534 545 534 545 534 544 1613 545 1613 521 1636 495 1666 541 1618 516 1644 513 1662 494 1663 543 537 546 532 574 507 573 506 573 506 570 509 545 533 547 532 547 532 542 1638 525 532 546 1634 521 1637 521 536 545 534 544 556 519 560 517 562 494 585 493 586 516 1642 519 560 517 563 516 563 515 564 514 1644 513 567 512 567 512 590 490 589 513 566 514 565 514 565 513 566 513 566 486 1697 462 593 507 596 481 598 481 597 482 598 480 598 481,4408 4361 529 1651 529 1651 529 1651 529 1651 529 547 529 547 529 1651 529 547 529 547 529 547 529 547 529 547 529 1651 529 1651 529 547 529 1651 529 547 529 547 529 547 529 547 529 547 529 547 529 1651 529 1651 529 1651 529 1651 529 1651 529 1651 529 1651 529 1651 529 547 529 547 529 547 529 547 529 547 529 547 529 547 529 547 529 547 529 1651 529 547 529 1651 529 1651 529 547 529 547 529 547 529 547 529 547 529 547 529 547 529 1651 529 547 529 547 529 547 529 547 529 1651 529 547 529 547 529 547 529 547 529 547 529 547 529 547 529 547 529 547 529 1651 529 547 529 547 529 547 529 547 529 547 529 547 529 7469 4408 4361 529 1651 529 1651 529 1651 529 1651 529 547 529 547 529 1651 529 547 529 547 529 547 529 547 529 547 529 1651 529 1651 529 547 529 1651 529 547 529 547 529 547 529 547 529 547 529 547 529 1651 529 1651 529 1651 529 1651 529 1651 529 1651 529 1651 529 1651 529 547 529 547 529 547 529 547 529 547 529 547 529 547 529 547 529 547 529 1651 529 547 529 1651 529 1651 529 547 529 547 529 547 529 547 529 547 529 547 529 547 529 1651 529 547 529 547 529 547 529 547 529 1651 529 547 529 547 529 547 529 547 529 547 529 547 529 547 529 547 529 547 529 1651 529 547 529 547 529 547 529 547 529 547 529 547 529
Toshiba_RAS13SKV2E.ir,Swing,TOSHIBA_AC 48 bits f20d03fc0160210040,2,False,"Home Assistant rejected call_service: {'code': 'home_assistant_error', 'message': 'Timeout waiting for response from action call get_last_capture on ir-bridge', 'translation_key': 'action_call_timeout', 'translation_placeholders': {'call_name': 'get_last_capture', 'device_name': 'ir-bridge'}, 'translation_domain': 'esphome'}",,False,,,,4391 4345 555 1605 556 1604 547 1613 548 1611 550 530 550 529 551 1609 552 527 553 527 553 526 554 526 554 525 555 1604 547 1613 548 531 549 1611 550 529 551 529 551 529 551 528 552 527 553 526 554 1605 556 1603 548 1612 549 1611 550 1609 552 1608 553 1607 554 1605 556 524 556 524 556 523 547 533 547 533 547 532 548 531 549 530 550 529 551 1608 553 527 553 1606 555 1605 556 523 547 533 547 533 547 533 547 532 548 531 549 530 550 1609 552 527 553 527 553 527 553 526 554 1605 556 523 557 523 547 533 547 533 547 532 548 531 549 530 550 530 550 529 551 1608 553 526 554 526 554 526 554 525 555 524 556 523 547 7457 4390 4347 553 1608 553 1606 555 1605 556 1604 547 533 547 532 548 1612 549 530 550 530 550 529 551 529 552 528 552 1607 554 1605 556 524 556 1603 548 532 548 532 548 532 548 531 549 530 550 529 551 1608 553 1606 555 1605 556 1604 547 1613 548 1611 550 1610 551 1609 552 527 553 527 553 527 553 526 554 526 554 525 555 524 556 524 556 523 547 1612 549 531 549 1610 551 1609 552 527 553 527 553 527 553 526 554 526 554 525 555 524 556 1603 548 532 548 532 548 532 548 531 549 1610 551 528 552 528 552 528 552 527 553 526 554 525 555 525 555 524 556 523 547 1613 548 531 549 531 549 531 549 530 550 529 551 528 552,4408 4361 529 1651 529 1651 529 1651 529 1651 529 547 529 547 529 1651 529 547 529 547 529 547 529 547 529 547 529 1651 529 1651 529 547 529 1651 529 547 529 547 529 547 529 547 529 547 529 547 529 1651 529 1651 529 1651 529 1651 529 1651 529 1651 529 1651 529 1651 529 547 529 547 529 547 529 547 529 547 529 547 529 547 529 547 529 547 529 1651 529 547 529 1651 529 1651 529 547 529 547 529 547 529 547 529 547 529 547 529 547 529 1651 529 547 529 547 529 547 529 547 529 1651 529 547 529 547 529 547 529 547 529 547 529 547 529 547 529 547 529 547 529 1651 529 547 529 547 529 547 529 547 529 547 529 547 529 7469 4408 4361 529 1651 529 1651 529 1651 529 1651 529 547 529 547 529 1651 529 547 529 547 529 547 529 547 529 547 529 1651 529 1651 529 547 529 1651 529 547 529 547 529 547 529 547 529 547 529 547 529 1651 529 1651 529 1651 529 1651 529 1651 529 1651 529 1651 529 1651 529 547 529 547 529 547 529 547 529 547 529 547 529 547 529 547 529 547 529 1651 529 547 529 1651 529 1651 529 547 529 547 529 547 529 547 529 547 529 547 529 547 529 1651 529 547 529 547 529 547 529 547 529 1651 529 547 529 547 529 547 529 547 529 547 529 547 529 547 529 547 529 547 529 1651 529 547 529 547 529 547 529 547 529 547 529 547 529,,
Daikin_AC_industrial_TB.ir,POWER,DAIKIN176 0 bits 11da171804001e11da17180073002100001c150020ff,1,False,"Home Assistant rejected call_service: {'code': 'home_assistant_error', 'message': 'Timeout waiting for response from action call get_last_capture on ir-bridge', 'translation_key': 'action_call_timeout', 'translation_placeholders': {'call_name': 'get_last_capture', 'device_name': 'ir-bridge'}, 'translation_domain': 'esphome'}",,False,,,,5050 2165 361 1803 367 716 363 718 361 721 358 1806 364 718 362 720 359 723 367 715 364 1800 359 722 368 1797 362 1802 368 714 365 1799 360 1803 367 1798 361 1803 367 1797 362 720 359 1805 365 717 363 719 360 722 368 714 365 717 362 719 360 1804 366 1798 361 721 358 723 367 715 364 718 361 720 359 1805 365 717 362 720 359 722 368 714 365 717 362 719 361 722 368 714 365 716 363 719 360 721 358 724 366 716 363 718 361 1803 367 1797 362 1802 368 1797 362 719 360 722 368 714 365 29579 5061 2156 360 1804 366 717 362 719 360 722 357 1806 364 719 360 721 358 724 366 716 363 1801 358 723 367 1798 361 1802 368 715 364 1800 359 1804 366 1799 360 1804 366 1798 361 721 359 1806 364 718 362 721 359 723 367 715 364 718 362 720 359 1805 365 1799 360 722 368 714 365 717 362 719 361 721 358 724 366 716 363 719 361 721 358 724 366 716 363 1801 358 1806 364 718 361 721 358 1805 365 1800 359 1805 365 717 362 720 359 722 368 714 365 717 362 719 360 722 368 714 365 717 362 1802 368 714 365 717 362 719 361 722 368 1796 363 719 360 721 358 724 366 716 363 719 360 721 358 724 366 716 363 718 362 721 359 723 367 715 364 718 361 720 360 723 367 715 364 718 362 720 359 722 368 715 364 1799 360 1805 365 1799 360 722 368 714 365 716 363 1801 358 724 366 1799 360 721 358 1806 364 718 361 721 358 723 367 716 363 718 362 721 359 723 367 715 364 718 362 720 359 723 367 715 364 718 362 720 359 723 367 715 364 1800 359 722 368 714 365 1799 360 1804 366 1799 360 1804 366 1799 360 1804 366 1798 361 1803 367,5050 2165 361 1803 367 716 363 718 361 721 358 1806 364 718 362 720 359 723 367 715 364 1800 359 722 368 1797 362 1802 368 714 365 1799 360 1803 367 1798 361 1803 367 1797 362 720 359 1805 365 717 363 719 360 722 368 714 365 717 362 719 360 1804 366 1798 361 721 358 723 367 715 364 718 361 720 359 1805 365 717 362 720 359 722 368 714 365 717 362 719 361 722 368 714 365 716 363 719 360 721 358 724 366 716 363 718 361 1803 367 1797 362 1802 368 1797 362 719 360 722 368 714 365 29579 5061 2156 360 1804 366 717 362 719 360 722 357 1806 364 719 360 721 358 724 366 716 363 1801 358 723 367 1798 361 1802 368 715 364 1800 359 1804 366 1799 360 1804 366 1798 361 721 359 1806 364 718 362 721 359 723 367 715 364 718 362 720 359 1805 365 1799 360 722 368 714 365 717 362 719 361 721 358 724 366 716 363 719 361 721 358 724 366 716 363 1801 358 1806 364 718 361 721 358 1805 365 1800 359 1805 365 717 362 720 359 722 368 714 365 717 362 719 360 722 368 714 365 717 362 1802 368 714 365 717 362 719 361 722 368 1796 363 719 360 721 358 724 366 716 363 719 360 721 358 724 366 716 363 718 362 721 359 723 367 715 364 718 361 720 360 723 367 715 364 718 362 720 359 722 368 715 364 1799 360 1805 365 1799 360 722 368 714 365 716 363 1801 358 724 366 1799 360 721 358 1806 364 718 361 721 358 723 367 716 363 718 362 721 359 723 367 715 364 718 362 720 359 723 367 715 364 718 362 720 359 723 367 715 364 1800 359 722 368 714 365 1799 360 1804 366 1799 360 1804 366 1799 360 1804 366 1798 361 1803 367,,
Daikin_ARC480A41.ir,OFF,DAIKIN152 98 bits 11da27000000320030000000000000c5400079,1,False,"Home Assistant rejected call_service: {'code': 'home_assistant_error', 'message': 'Timeout waiting for response from action call get_last_capture on ir-bridge', 'translation_key': 'action_call_timeout', 'translation_placeholders': {'call_name': 'get_last_capture', 'device_name': 'ir-bridge'}, 'translation_domain': 'esphome'}",,False,,,,442 426 442 428 443 425 443 429 442 425 443 24982 3516 1700 443 1296 443 426 442 428 442 426 442 1300 441 426 442 428 443 426 442 425 443 1299 442 426 442 1297 442 1297 442 429 442 1297 442 1297 442 1296 442 1296 443 1300 441 426 442 429 442 1297 441 426 442 428 443 425 443 429 442 425 443 429 442 426 442 429 442 426 442 427 441 428 443 427 441 428 443 425 443 429 442 426 442 429 442 427 441 429 442 425 443 429 442 425 443 428 443 425 443 427 444 425 442 428 443 1296 443 428 443 425 443 1297 442 1297 441 429 442 426 442 429 442 425 443 428 443 426 442 428 443 428 440 430 441 425 443 428 443 427 441 428 443 426 442 1298 440 1297 442 429 442 427 441 429 442 426 442 429 441 425 443 429 442 425 443 429 442 426 442 428 442 426 442 429 442 426 442 429 441 427 441 430 441 426 441 429 442 426 442 428 443 426 442 430 441 427 441 430 441 428 440 429 442 425 443 429 442 426 442 430 441 426 442 429 442 427 441 426 442 428 443 426 442 429 442 426 442 428 443 426 442 430 440 429 442 426 442 429 442 425 443 429 442 426 442 428 443 426 442 1297 442 429 442 1297 442 425 443 428 443 426 442 1297 442 1297 442 429 442 426 442 429 442 425 443 429 441 425 443 1300 441 427 441 425 443 430 441 425 443 430 441 426 442 428 443 426 442 429 442 1297 442 426 442 428 442 1297 442 1298 440 1297 442 1299 442 426 442,442 426 442 428 443 425 443 429 442 425 443 24982 3516 1700 443 1296 443 426 442 428 442 426 442 1300 441 426 442 428 443 426 442 425 443 1299 442 426 442 1297 442 1297 442 429 442 1297 442 1297 442 1296 442 1296 443 1300 441 426 442 429 442 1297 441 426 442 428 443 425 443 429 442 425 443 429 442 426 442 429 442 426 442 427 441 428 443 427 441 428 443 425 443 429 442 426 442 429 442 427 441 429 442 425 443 429 442 425 443 428 443 425 443 427 444 425 442 428 443 1296 443 428 443 425 443 1297 442 1297 441 429 442 426 442 429 442 425 443 428 443 426 442 428 443 428 440 430 441 425 443 428 443 427 441 428 443 426 442 1298 440 1297 442 429 442 427 441 429 442 426 442 429 441 425 443 429 442 425 443 429 442 426 442 428 442 426 442 429 442 426 442 429 441 427 441 430 441 426 441 429 442 426 442 428 443 426 442 430 441 427 441 430 441 428 440 429 442 425 443 429 442 426 442 430 441 426 442 429 442 427 441 426 442 428 443 426 442 429 442 426 442 428 443 426 442 430 440 429 442 426 442 429 442 425 443 429 442 426 442 428 443 426 442 1297 442 429 442 1297 442 425 443 428 443 426 442 1297 442 1297 442 429 442 426 442 429 442 425 443 429 441 425 443 1300 441 427 441 425 443 430 441 425 443 430 441 426 442 428 443 426 442 429 442 1297 442 426 442 428 442 1297 442 1298 440 1297 442 1299 442 426 442,,
Daikin_ARC480A41.ir,COOL,DAIKIN152 98 bits 11da270000312f00b0000000000000c50000e7,1,True,learned fidelity_check (319 timings),DAIKIN152 98 bits 11da270000312f00b0000000000000c50000e7,True,15.4,-10.5,57,440 428 440 430 441 427 441 430 441 427 441 24984 3515 1702 440 1298 441 428 440 430 441 426 442 1301 440 426 442 430 441 428 440 427 441 1301 440 427 441 1298 440 1298 441 431 439 1298 441 1299 440 1298 441 1297 442 1301 440 427 441 430 441 1298 441 427 441 431 440 427 441 430 441 426 442 430 441 427 441 429 442 427 441 428 440 429 442 427 441 430 441 427 441 430 441 428 440 430 441 429 439 1298 441 430 441 426 442 430 441 1298 441 1298 440 430 441 428 440 1298 441 1299 439 1302 439 1298 441 427 441 1298 441 429 442 427 441 429 442 427 441 430 441 427 441 430 441 427 441 430 441 428 440 430 441 427 441 430 441 427 441 1299 439 1297 442 429 442 1297 441 429 441 427 441 430 441 428 440 430 440 426 442 430 441 427 441 430 441 427 441 431 440 426 442 430 440 427 441 431 440 428 440 426 442 429 442 428 440 431 440 427 441 430 441 427 441 433 438 427 441 430 441 427 441 430 441 426 442 430 441 427 441 430 440 427 441 430 441 427 441 430 441 427 441 430 441 427 441 430 441 427 441 430 441 427 441 430 441 427 441 430 441 426 442 431 440 1298 440 428 440 1298 441 430 441 428 440 430 441 1298 441 1299 440 429 442 426 442 430 441 427 441 430 441 428 440 429 442 426 441 430 441 427 441 430 441 427 441 430 441 426 442 430 441 427 441 1298 441 1299 440 1301 440 428 440 430 441 1299 439 1299 440 1299 440,440 428 440 430 441 427 441 430 441 427 441 24984 3515 1702 440 1298 441 428 440 430 441 426 442 1301 440 426 442 430 441 428 440 427 441 1301 440 427 441 1298 440 1298 441 431 439 1298 441 1299 440 1298 441 1297 442 1301 440 427 441 430 441 1298 441 427 441 431 440 427 441 430 441 426 442 430 441 427 441 429 442 427 441 428 440 429 442 427 441 430 441 427 441 430 441 428 440 430 441 429 439 1298 441 430 441 426 442 430 441 1298 441 1298 440 430 441 428 440 1298 441 1299 439 1302 439 1298 441 427 441 1298 441 429 442 427 441 429 442 427 441 430 441 427 441 430 441 427 441 430 441 428 440 430 441 427 441 430 441 427 441 1299 439 1297 442 429 442 1297 441 429 441 427 441 430 441 428 440 430 440 426 442 430 441 427 441 430 441 427 441 431 440 426 442 430 440 427 441 431 440 428 440 426 442 429 442 428 440 431 440 427 441 430 441 427 441 433 438 427 441 430 441 427 441 430 441 426 442 430 441 427 441 430 440 427 441 430 441 427 441 430 441 427 441 430 441 427 441 430 441 427 441 430 441 427 441 430 441 427 441 430 441 426 442 431 440 1298 440 428 440 1298 441 430 441 428 440 430 441 1298 441 1299 440 429 442 426 442 430 441 427 441 430 441 428 440 429 442 426 441 430 441 427 441 430 441 427 441 430 441 426 442 430 441 427 441 1298 441 1299 440 1301 440 428 440 430 441 1299 439 1299 440 1299 440,469 394 514 355 513 357 511 356 513 354 513 24914 3583 1651 358 1404 356 481 433 435 470 398 468 1301 439 397 513 356 512 356 513 355 513 1256 438 399 512 1256 438 1298 440 404 434 1327 411 1326 359 1378 379 1384 357 1379 439 397 512 357 513 1255 439 398 512 357 512 355 514 357 511 356 512 361 476 392 477 393 438 431 433 436 433 436 382 486 383 503 382 487 364 503 435 434 433 435 470 398 468 1301 411 425 512 356 513 356 512 1256 440 1297 439 402 506 362 481 1283 440 1297 413 1350 332 1404 356 481 410 1358 381 456 510 358 508 360 513 356 513 355 513 355 513 356 512 356 513 358 510 358 510 360 505 364 505 366 436 432 463 1299 411 1325 359 505 407 1360 355 482 465 403 440 428 506 362 482 387 512 356 513 356 512 356 513 355 513 355 513 357 512 355 512 360 509 357 511 362 474 394 477 389 509 361 471 400 436 435 403 463 407 480 364 505 363 504 409 459 409 460 441 427 439 430 481 387 480 388 513 355 513 356 512 356 513 355 513 355 513 356 512 356 513 359 509 359 509 362 475 393 477 393 432 436 434 438 381 487 380 505 383 486 381 486 435 1333 381 456 440 1328 408 429 512 356 513 355 513 1256 413 1323 414 426 509 360 509 363 438 430 464 407 382 487 403 466 380 488 380 504 408 461 383 485 437 431 436 432 477 392 474 394 512 356 513 1255 413 1324 413 1324 412 428 508 361 478 1286 412 1324 410 1327 359,456 406 456 406 456 406 456 406 456 406 456 24927 3570 1664 456 1337 456 406 456 406 456 406 456 1337 456 406 456 406 456 406 456 406 456 1337 456 406 456 1337 456 1337 456 406 456 1337 456 1337 456 1337 456 1337 456 1337 456 406 456 406 456 1337 456 406 456 406 456 406 456 406 456 406 456 406 456 406 456 406 456 406 456 406 456 406 456 406 456 406 456 406 456 406 456 406 456 406 456 406 456 1337 456 406 456 406 456 406 456 1337 456 1337 456 406 456 406 456 1337 456 1337 456 1337 456 1337 456 406 456 1337 456 406 456 406 456 406 456 406 456 406 456 406 456 406 456 406 456 406 456 406 456 406 456 406 456 406 456 406 456 1337 456 1337 456 406 456 1337 456 406 456 406 456 406 456 406 456 406 456 406 456 406 456 406 456 406 456 406 456 406 456 406 456 406 456 406 456 406 456 406 456 406 456 406 456 406 456 406 456 406 456 406 456 406 456 406 456 406 456 406 456 406 456 406 456 406 456 406 456 406 456 406 456 406 456 406 456 406 456 406 456 406 456 406 456 406 456 406 456 406 456 406 456 406 456 406 456 406 456 406 456 406 456 406 456 1337 456 406 456 1337 456 406 456 406 456 406 456 1337 456 1337 456 406 456 406 456 406 456 406 456 406 456 406 456 406 456 406 456 406 456 406 456 406 456 406 456 406 456 406 456 406 456 406 456 1337 456 1337 456 1337 456 406 456 406 456 1337 456 1337 456 1337 456
Daikin_ARC480A41.ir,COOL,DAIKIN152 98 bits 11da270000312f00b0000000000000c50000e7,2,True,learned fidelity_check (319 timings),DAIKIN152 98 bits 11da270000312f00b0000000000000c50000e7,True,7.1,-7.1,58,440 428 440 430 441 427 441 430 441 427 441 24984 3515 1702 440 1298 441 428 440 430 441 426 442 1301 440 426 442 430 441 428 440 427 441 1301 440 427 441 1298 440 1298 441 431 439 1298 441 1299 440 1298 441 1297 442 1301 440 427 441 430 441 1298 441 427 441 431 440 427 441 430 441 426 442 430 441 427 441 429 442 427 441 428 440 429 442 427 441 430 441 427 441 430 441 428 440 430 441 429 439 1298 441 430 441 426 442 430 441 1298 441 1298 440 430 441 428 440 1298 441 1299 439 1302 439 1298 441 427 441 1298 441 429 442 427 441 429 442 427 441 430 441 427 441 430 441 427 441 430 441 428 440 430 441 427 441 430 441 427 441 1299 439 1297 442 429 442 1297 441 429 441 427 441 430 441 428 440 430 440 426 442 430 441 427 441 430 441 427 441 431 440 426 442 430 440 427 441 431 440 428 440 426 442 429 442 428 440 431 440 427 441 430 441 427 441 433 438 427 441 430 441 427 441 430 441 426 442 430 441 427 441 430 440 427 441 430 441 427 441 430 441 427 441 430 441 427 441 430 441 427 441 430 441 427 441 430 441 427 441 430 441 426 442 431 440 1298 440 428 440 1298 441 430 441 428 440 430 441 1298 441 1299 440 429 442 426 442 430 441 427 441 430 441 428 440 429 442 426 441 430 441 427 441 430 441 427 441 430 441 426 442 430 441 427 441 1298 441 1299 440 1301 440 428 440 430 441 1299 439 1299 440 1299 440,456 406 456 406 456 406 456 406 456 406 456 24927 3570 1664 456 1337 456 406 456 406 456 406 456 1337 456 406 456 406 456 406 456 406 456 1337 456 406 456 1337 456 1337 456 406 456 1337 456 1337 456 1337 456 1337 456 1337 456 406 456 406 456 1337 456 406 456 406 456 406 456 406 456 406 456 406 456 406 456 406 456 406 456 406 456 406 456 406 456 406 456 406 456 406 456 406 456 406 456 406 456 1337 456 406 456 406 456 406 456 1337 456 1337 456 406 456 406 456 1337 456 1337 456 1337 456 1337 456 406 456 1337 456 406 456 406 456 406 456 406 456 406 456 406 456 406 456 406 456 406 456 406 456 406 456 406 456 406 456 406 456 1337 456 1337 456 406 456 1337 456 406 456 406 456 406 456 406 456 406 456 406 456 406 456 406 456 406 456 406 456 406 456 406 456 406 456 406 456 406 456 406 456 406 456 406 456 406 456 406 456 406 456 406 456 406 456 406 456 406 456 406 456 406 456 406 456 406 456 406 456 406 456 406 456 406 456 406 456 406 456 406 456 406 456 406 456 406 456 406 456 406 456 406 456 406 456 406 456 406 456 406 456 406 456 406 456 1337 456 406 456 1337 456 406 456 406 456 406 456 1337 456 1337 456 406 456 406 456 406 456 406 456 406 456 406 456 406 456 406 456 406 456 406 456 406 456 406 456 406 456 406 456 406 456 406 456 1337 456 1337 456 1337 456 406 456 406 456 1337 456 1337 456 1337 456,468 380 530 333 437 428 419 449 513 340 528 24856 3604 1661 405 1384 469 367 418 451 513 356 512 1308 440 378 532 330 438 429 447 421 513 1308 411 427 511 1309 439 1350 386 450 513 1309 436 1353 359 1430 404 1386 464 1325 476 360 416 453 479 1342 379 457 511 358 512 335 492 370 415 454 509 360 512 336 498 364 415 453 483 385 512 337 531 332 414 453 476 392 513 337 531 332 437 429 446 422 513 1308 411 426 512 337 503 359 414 1406 474 1315 477 362 438 428 448 1374 404 1385 465 1324 477 1312 476 365 463 1354 476 361 438 429 471 397 513 338 530 332 438 428 444 425 513 339 529 332 463 402 418 451 512 357 512 333 467 397 390 1431 437 1353 477 359 416 1405 470 367 418 450 512 357 512 333 466 398 391 478 510 359 511 335 495 368 415 453 485 384 513 335 501 361 416 453 480 388 513 337 531 330 415 452 474 395 512 338 531 332 437 428 446 423 512 339 529 333 462 403 419 450 513 356 511 334 466 398 391 477 486 383 512 335 495 368 415 453 483 386 512 336 501 361 414 454 479 390 511 338 531 331 415 452 450 419 511 339 507 355 438 428 446 423 488 1332 384 453 488 1332 412 427 488 358 467 396 401 1420 440 1349 482 355 415 453 479 389 488 361 502 360 415 453 452 417 487 362 506 356 438 429 448 420 487 365 503 358 438 428 445 423 486 367 503 1306 438 1351 438 1351 388 477 485 365 505 1302 486 1305 442 1348 420,463 391 463 391 463 391 463 391 463 391 463 24869 3591 1674 463 1362 463 391 463 391 463 391 463 1362 463 391 463 391 463 391 463 391 463 1362 463 391 463 1362 463 1362 463 391 463 1362 463 1362 463 1362 463 1362 463 1362 463 391 463 391 463 1362 463 391 463 391 463 391 463 391 463 391 463 391 463 391 463 391 463 391 463 391 463 391 463 391 463 391 463 391 463 391 463 391 463 391 463 391 463 1362 463 391 463 391 463 391 463 1362 463 1362 463 391 463 391 463 1362 463 1362 463 1362 463 1362 463 391 463 1362 463 391 463 391 463 391 463 391 463 391 463 391 463 391 463 391 463 391 463 391 463 391 463 391 463 391 463 391 463 1362 463 1362 463 391 463 1362 463 391 463 391 463 391 463 391 463 391 463 391 463 391 463 391 463 391 463 391 463 391 463 391 463 391 463 391 463 391 463 391 463 391 463 391 463 391 463 391 463 391 463 391 463 391 463 391 463 391 463 391 463 391 463 391 463 391 463 391 463 391 463 391 463 391 463 391 463 391 463 391 463 391 463 391 463 391 463 391 463 391 463 391 463 391 463 391 463 391 463 391 463 391 463 391 463 1362 463 391 463 1362 463 391 463 391 463 391 463 1362 463 1362 463 391 463 391 463 391 463 391 463 391 463 391 463 391 463 391 463 391 463 391 463 391 463 391 463 391 463 391 463 391 463 391 463 1362 463 1362 463 1362 463 391 463 391 463 1362 463 1362 463 1362 463
Daikin_ARC480A41.ir,HEAT,DAIKIN152 98 bits 11da270000413200b0000000000000c50000fa,1,True,learned fidelity_check (319 timings),DAIKIN152 98 bits 11da270000413200b0000000000000c50000fa,True,10.0,-10.0,111,442 427 441 429 442 426 442 429 442 425 443 24982 3516 1702 441 1296 443 426 442 430 441 426 442 1301 441 428 440 429 441 427 441 427 441 1301 440 426 442 1297 442 1297 441 429 442 1297 441 1298 441 1298 440 1297 442 1301 440 427 441 429 442 1298 440 427 441 429 442 426 442 430 441 426 442 430 441 426 442 429 442 426 442 427 441 430 441 426 442 430 441 426 442 430 441 426 442 429 442 427 441 1297 442 430 441 427 441 429 442 427 441 430 441 1298 441 427 441 429 442 1297 442 428 443 427 441 1299 439 1298 441 429 442 427 441 430 441 427 441 429 442 427 441 430 441 426 442 429 442 427 440 430 441 427 441 429 442 426 442 1301 440 1297 441 427 441 1298 441 429 442 425 443 429 442 427 441 429 442 427 441 430 441 427 441 429 442 428 440 430 441 428 440 429 442 426 442 429 442 428 440 426 442 429 442 426 442 430 441 426 442 428 443 427 441 428 442 430 441 426 442 428 443 427 441 429 442 426 442 431 440 427 441 428 440 429 442 427 441 428 443 427 441 428 443 426 442 430 441 426 442 430 441 426 442 429 442 426 442 429 442 427 441 429 441 1297 442 428 443 1297 442 426 442 429 441 427 441 1298 441 1298 441 429 442 426 442 430 441 427 441 430 441 427 441 430 441 427 441 429 442 427 441 430 441 428 440 428 443 428 440 430 441 427 441 430 440 1298 441 426 442 1297 442 1299 442 1298 440 1297 442 1298 441,442 427 441 429 442 426 442 429 442 425 443 24982 3516 1702 441 1296 443 426 442 430 441 426 442 1301 441 428 440 429 441 427 441 427 441 1301 440 426 442 1297 442 1297 441 429 442 1297 441 1298 441 1298 440 1297 442 1301 440 427 441 429 442 1298 440 427 441 429 442 426 442 430 441 426 442 430 441 426 442 429 442 426 442 427 441 430 441 426 442 430 441 426 442 430 441 426 442 429 442 427 441 1297 442 430 441 427 441 429 442 427 441 430 441 1298 441 427 441 429 442 1297 442 428 443 427 441 1299 439 1298 441 429 442 427 441 430 441 427 441 429 442 427 441 430 441 426 442 429 442 427 440 430 441 427 441 429 442 426 442 1301 440 1297 441 427 441 1298 441 429 442 425 443 429 442 427 441 429 442 427 441 430 441 427 441 429 442 428 440 430 441 428 440 429 442 426 442 429 442 428 440 426 442 429 442 426 442 430 441 426 442 428 443 427 441 428 442 430 441 426 442 428 443 427 441 429 442 426 442 431 440 427 441 428 440 429 442 427 441 428 443 427 441 428 443 426 442 430 441 426 442 430 441 426 442 429 442 426 442 429 442 427 441 429 441 1297 442 428 443 1297 442 426 442 429 441 427 441 1298 441 1298 441 429 442 426 442 430 441 427 441 430 441 427 441 430 441 427 441 429 442 427 441 430 441 428 440 428 443 428 440 430 441 427 441 430 440 1298 441 426 442 1297 442 1299 442 1298 440 1297 442 1298 441,468 399 503 367 465 403 468 403 382 484 384 25055 3441 1800 438 1298 438 398 513 357 511 356 513 1255 440 404 463 406 432 436 434 433 438 1324 359 487 381 1378 380 1383 355 481 475 1294 411 1325 440 1297 439 1298 439 1297 440 400 509 361 505 1259 416 427 466 403 384 485 406 481 364 487 381 504 409 460 408 460 465 403 440 428 438 431 483 385 479 389 513 355 513 356 512 356 512 356 513 356 512 1256 439 402 508 360 508 362 476 392 472 400 406 1354 358 489 380 504 408 1360 380 456 483 386 479 1290 438 1298 439 397 513 356 513 355 513 356 512 357 511 358 510 361 476 392 507 363 438 431 435 436 381 487 405 465 380 488 380 1404 380 1357 381 455 468 1301 412 425 512 355 514 355 513 355 513 355 513 356 512 358 510 359 509 361 507 362 474 397 434 434 434 436 382 486 383 504 364 503 365 488 380 504 410 458 409 459 467 402 441 427 508 360 483 386 512 356 513 355 513 356 512 356 513 355 513 356 512 360 485 382 509 361 506 363 480 388 476 393 441 429 432 437 383 486 383 503 407 462 383 484 438 431 436 432 476 393 473 395 512 356 513 356 512 1256 413 424 512 1256 413 424 511 361 506 362 507 1257 413 1324 410 436 381 488 381 504 408 461 407 460 439 429 438 431 478 390 477 391 511 358 512 356 488 380 489 380 487 381 512 357 487 381 487 385 483 1281 412 428 484 1281 410 1326 360 1402 360 1376 359 1378 385,452 411 452 411 452 411 452 411 452 411 452 25068 3428 1813 452 1311 452 411 452 411 452 411 452 1311 452 411 452 411 452 411 452 411 452 1311 452 411 452 1311 452 1311 452 411 452 1311 452 1311 452 1311 452 1311 452 1311 452 411 452 411 452 1311 452 411 452 411 452 411 452 411 452 411 452 411 452 411 452 411 452 411 452 411 452 411 452 411 452 411 452 411 452 411 452 411 452 411 452 411 452 1311 452 411 452 411 452 411 452 411 452 411 452 1311 452 411 452 411 452 1311 452 411 452 411 452 1311 452 1311 452 411 452 411 452 411 452 411 452 411 452 411 452 411 452 411 452 411 452 411 452 411 452 411 452 411 452 411 452 1311 452 1311 452 411 452 1311 452 411 452 411 452 411 452 411 452 411 452 411 452 411 452 411 452 411 452 411 452 411 452 411 452 411 452 411 452 411 452 411 452 411 452 411 452 411 452 411 452 411 452 411 452 411 452 411 452 411 452 411 452 411 452 411 452 411 452 411 452 411 452 411 452 411 452 411 452 411 452 411 452 411 452 411 452 411 452 411 452 411 452 411 452 411 452 411 452 411 452 411 452 411 452 411 452 1311 452 411 452 1311 452 411 452 411 452 411 452 1311 452 1311 452 411 452 411 452 411 452 411 452 411 452 411 452 411 452 411 452 411 452 411 452 411 452 411 452 411 452 411 452 411 452 411 452 411 452 1311 452 411 452 1311 452 1311 452 1311 452 1311 452 1311 452
Daikin_ARC480A41.ir,HEAT,DAIKIN152 98 bits 11da270000413200b0000000000000c50000fa,2,True,learned fidelity_check (319 timings),DAIKIN152 98 bits 11da270000413200b0000000000000c50000fa,True,18.6,-28.3,78,442 427 441 429 442 426 442 429 442 425 443 24982 3516 1702 441 1296 443 426 442 430 441 426 442 1301 441 428 440 429 441 427 441 427 441 1301 440 426 442 1297 442 1297 441 429 442 1297 441 1298 441 1298 440 1297 442 1301 440 427 441 429 442 1298 440 427 441 429 442 426 442 430 441 426 442 430 441 426 442 429 442 426 442 427 441 430 441 426 442 430 441 426 442 430 441 426 442 429 442 427 441 1297 442 430 441 427 441 429 442 427 441 430 441 1298 441 427 441 429 442 1297 442 428 443 427 441 1299 439 1298 441 429 442 427 441 430 441 427 441 429 442 427 441 430 441 426 442 429 442 427 440 430 441 427 441 429 442 426 442 1301 440 1297 441 427 441 1298 441 429 442 425 443 429 442 427 441 429 442 427 441 430 441 427 441 429 442 428 440 430 441 428 440 429 442 426 442 429 442 428 440 426 442 429 442 426 442 430 441 426 442 428 443 427 441 428 442 430 441 426 442 428 443 427 441 429 442 426 442 431 440 427 441 428 440 429 442 427 441 428 443 427 441 428 443 426 442 430 441 426 442 430 441 426 442 429 442 426 442 429 442 427 441 429 441 1297 442 428 443 1297 442 426 442 429 441 427 441 1298 441 1298 441 429 442 426 442 430 441 427 441 430 441 427 441 430 441 427 441 429 442 427 441 430 441 428 440 428 443 428 440 430 441 427 441 430 440 1298 441 426 442 1297 442 1299 442 1298 440 1297 442 1298 441,452 411 452 411 452 411 452 411 452 411 452 25068 3428 1813 452 1311 452 411 452 411 452 411 452 1311 452 411 452 411 452 411 452 411 452 1311 452 411 452 1311 452 1311 452 411 452 1311 452 1311 452 1311 452 1311 452 1311 452 411 452 411 452 1311 452 411 452 411 452 411 452 411 452 411 452 411 452 411 452 411 452 411 452 411 452 411 452 411 452 411 452 411 452 411 452 411 452 411 452 411 452 1311 452 411 452 411 452 411 452 411 452 411 452 1311 452 411 452 411 452 1311 452 411 452 411 452 1311 452 1311 452 411 452 411 452 411 452 411 452 411 452 411 452 411 452 411 452 411 452 411 452 411 452 411 452 411 452 411 452 1311 452 1311 452 411 452 1311 452 411 452 411 452 411 452 411 452 411 452 411 452 411 452 411 452 411 452 411 452 411 452 411 452 411 452 411 452 411 452 411 452 411 452 411 452 411 452 411 452 411 452 411 452 411 452 411 452 411 452 411 452 411 452 411 452 411 452 411 452 411 452 411 452 411 452 411 452 411 452 411 452 411 452 411 452 411 452 411 452 411 452 411 452 411 452 411 452 411 452 411 452 411 452 411 452 1311 452 411 452 1311 452 411 452 411 452 411 452 1311 452 1311 452 411 452 411 452 411 452 411 452 411 452 411 452 411 452 411 452 411 452 411 452 411 452 411 452 411 452 411 452 411 452 411 452 411 452 1311 452 411 452 1311 452 1311 452 1311 452 1311 452 1311 452,417 451 512 356 513 340 528 335 409 454 449 25077 3388 1878 358 1404 359 478 512 356 513 356 512 1256 476 366 460 403 418 450 512 356 513 1282 440 397 513 1255 476 1287 476 367 459 1329 437 1326 437 1326 438 1325 460 1303 461 376 418 450 511 1284 413 423 513 356 512 336 460 402 418 450 512 356 513 357 511 335 460 404 418 449 512 356 513 357 511 336 457 405 444 424 513 356 512 357 512 334 457 1333 433 404 444 423 514 355 513 340 528 335 433 1356 433 404 444 424 512 1283 439 397 513 340 528 1256 476 1287 476 365 434 430 445 423 512 356 513 340 528 335 433 430 446 422 512 356 513 340 529 334 432 431 447 422 512 356 512 1282 439 1324 439 381 529 1256 477 365 433 432 446 420 513 356 512 340 529 334 410 453 473 396 512 356 513 339 529 333 410 455 474 394 513 355 513 339 529 334 410 454 476 392 513 356 512 338 530 334 410 454 478 391 512 356 512 338 531 332 411 454 479 389 513 356 513 338 530 332 388 477 481 388 513 355 513 337 530 333 388 478 481 387 513 355 513 338 528 335 386 479 483 385 513 356 513 337 527 336 387 478 484 384 513 1282 414 423 513 1255 477 367 526 337 388 478 484 1311 410 1353 410 426 513 356 512 337 502 361 388 478 483 386 512 356 512 338 499 363 388 479 481 387 512 356 512 337 495 369 414 452 457 411 512 357 511 1257 479 365 490 1297 468 1295 469 1294 469 1294 469 1294 469,471 376 471 376 471 376 471 376 471 376 471 25090 3375 1891 471 1307 471 376 471 376 471 376 471 1307 471 376 471 376 471 376 471 376 471 1307 471 376 471 1307 471 1307 471 376 471 1307 471 1307 471 1307 471 1307 471 1307 471 376 471 376 471 1307 471 376 471 376 471 376 471 376 471 376 471 376 471 376 471 376 471 376 471 376 471 376 471 376 471 376 471 376 471 376 471 376 471 376 471 376 471 1307 471 376 471 376 471 376 471 376 471 376 471 1307 471 376 471 376 471 1307 471 376 471 376 471 1307 471 1307 471 376 471 376 471 376 471 376 471 376 471 376 471 376 471 376 471 376 471 376 471 376 471 376 471 376 471 376 471 1307 471 1307 471 376 471 1307 471 376 471 376 471 376 471 376 471 376 471 376 471 376 471 376 471 376 471 376 471 376 471 376 471 376 471 376 471 376 471 376 471 376 471 376 471 376 471 376 471 376 471 376 471 376 471 376 471 376 471 376 471 376 471 376 471 376 471 376 471 376 471 376 471 376 471 376 471 376 471 376 471 376 471 376 471 376 471 376 471 376 471 376 471 376 471 376 471 376 471 376 471 376 471 376 471 1307 471 376 471 1307 471 376 471 376 471 376 471 1307 471 1307 471 376 471 376 471 376 471 376 471 376 471 376 471 376 471 376 471 376 471 376 471 376 471 376 471 376 471 376 471 376 471 376 471 376 471 1307 471 376 471 1307 471 1307 471 1307 471 1307 471 1307 471
Daikin_ARC480A41.ir,DRY,DAIKIN152 98 bits 11da27000021c000a0000000000000c5000058,1,True,learned fidelity_check (319 timings),DAIKIN152 98 bits 11da27000021c000a0000000000000c5000058,True,18.4,-12.8,58,442 427 441 428 443 427 441 429 442 426 442 24982 3516 1702 441 1297 442 425 443 429 442 426 442 1300 441 427 441 428 443 427 441 426 442 1301 440 426 442 1296 443 1297 441 429 442 1297 442 1297 442 1298 441 1297 441 1300 441 427 441 429 442 1298 441 426 442 430 441 427 441 429 442 427 441 429 442 427 441 429 442 428 440 427 441 430 441 426 442 429 442 426 442 430 441 426 442 429 442 428 440 1297 442 428 443 425 443 430 440 427 441 1301 440 426 442 427 441 429 442 427 441 429 442 428 440 429 442 426 442 1300 441 1297 441 426 442 429 442 426 442 430 441 426 442 430 441 426 442 429 442 427 441 429 442 426 442 429 441 427 441 1297 441 429 442 1299 440 426 442 429 442 427 441 429 442 427 441 429 442 427 440 430 441 425 443 430 441 427 441 429 442 426 442 429 442 427 441 428 442 427 441 429 442 427 441 429 442 427 441 429 442 426 442 431 440 427 441 429 442 426 442 430 441 425 443 429 442 426 442 430 441 427 441 430 441 425 443 429 442 427 441 430 441 426 442 429 441 426 442 429 442 427 441 429 441 426 442 429 442 426 442 430 441 1298 441 425 443 1297 442 428 443 426 442 429 442 1297 442 1298 441 429 442 427 441 429 442 426 442 429 442 426 442 429 442 426 442 426 442 430 441 427 441 429 442 426 442 430 441 426 442 430 441 426 442 429 442 427 441 1298 441 1300 441 426 442 1297 442 430 441,442 427 441 428 443 427 441 429 442 426 442 24982 3516 1702 441 1297 442 425 443 429 442 426 442 1300 441 427 441 428 443 427 441 426 442 1301 440 426 442 1296 443 1297 441 429 442 1297 442 1297 442 1298 441 1297 441 1300 441 427 441 429 442 1298 441 426 442 430 441 427 441 429 442 427 441 429 442 427 441 429 442 428 440 427 441 430 441 426 442 429 442 426 442 430 441 426 442 429 442 428 440 1297 442 428 443 425 443 430 440 427 441 1301 440 426 442 427 441 429 442 427 441 429 442 428 440 429 442 426 442 1300 441 1297 441 426 442 429 442 426 442 430 441 426 442 430 441 426 442 429 442 427 441 429 442 426 442 429 441 427 441 1297 441 429 442 1299 440 426 442 429 442 427 441 429 442 427 441 429 442 427 440 430 441 425 443 430 441 427 441 429 442 426 442 429 442 427 441 428 442 427 441 429 442 427 441 429 442 427 441 429 442 426 442 431 440 427 441 429 442 426 442 430 441 425 443 429 442 426 442 430 441 427 441 430 441 425 443 429 442 427 441 430 441 426 442 429 441 426 442 429 442 427 441 429 441 426 442 429 442 426 442 430 441 1298 441 425 443 1297 442 428 443 426 442 429 442 1297 442 1298 441 429 442 427 441 429 442 426 442 429 442 426 442 429 442 426 442 426 442 430 441 427 441 429 442 426 442 430 441 426 442 430 441 426 442 429 442 427 441 1298 441 1300 441 426 442 1297 442 430 441,472 393 513 355 513 356 512 356 513 355 513 24911 3550 1686 359 1404 355 482 434 434 473 395 471 1298 438 398 513 355 513 355 513 356 513 1255 439 398 513 1255 440 1297 439 403 467 1296 385 1351 359 1404 355 1382 380 1357 438 398 513 356 512 1256 439 397 513 356 512 356 513 357 511 358 510 361 502 367 474 396 434 435 427 440 434 438 380 486 383 504 383 485 382 486 435 433 434 434 474 395 471 1298 435 401 513 355 513 355 514 355 513 1255 439 398 513 355 513 357 511 358 510 361 503 367 469 399 436 433 439 1322 359 1404 332 505 407 461 439 429 438 430 480 389 477 391 513 356 512 356 512 356 513 356 513 355 513 355 513 355 513 1256 437 403 509 1256 439 403 477 393 407 462 407 463 381 505 363 505 408 460 382 486 435 434 434 433 474 395 471 397 513 355 512 357 513 355 513 355 512 357 512 356 513 355 513 356 512 357 511 360 508 359 510 364 433 434 469 401 382 485 408 480 364 486 383 504 409 459 408 460 441 427 440 428 483 385 481 388 512 356 513 355 513 356 512 356 513 355 513 356 513 355 512 358 510 357 511 361 508 359 509 363 439 1323 385 459 434 1327 359 504 410 458 409 459 443 1326 408 1328 412 425 511 357 511 358 492 376 489 380 501 367 487 384 484 384 485 384 484 387 442 426 468 402 384 484 408 480 364 487 382 503 409 460 408 460 441 427 440 1326 385 1351 413 427 486 1280 412 427 486,460 406 460 406 460 406 460 406 460 406 460 24924 3537 1699 460 1336 460 406 460 406 460 406 460 1336 460 406 460 406 460 406 460 406 460 1336 460 406 460 1336 460 1336 460 406 460 1336 460 1336 460 1336 460 1336 460 1336 460 406 460 406 460 1336 460 406 460 406 460 406 460 406 460 406 460 406 460 406 460 406 460 406 460 406 460 406 460 406 460 406 460 406 460 406 460 406 460 406 460 406 460 1336 460 406 460 406 460 406 460 406 460 1336 460 406 460 406 460 406 460 406 460 406 460 406 460 406 460 406 460 1336 460 1336 460 406 460 406 460 406 460 406 460 406 460 406 460 406 460 406 460 406 460 406 460 406 460 406 460 406 460 1336 460 406 460 1336 460 406 460 406 460 406 460 406 460 406 460 406 460 406 460 406 460 406 460 406 460 406 460 406 460 406 460 406 460 406 460 406 460 406 460 406 460 406 460 406 460 406 460 406 460 406 460 406 460 406 460 406 460 406 460 406 460 406 460 406 460 406 460 406 460 406 460 406 460 406 460 406 460 406 460 406 460 406 460 406 460 406 460 406 460 406 460 406 460 406 460 406 460 406 460 406 460 1336 460 406 460 1336 460 406 460 406 460 406 460 1336 460 1336 460 406 460 406 460 406 460 406 460 406 460 406 460 406 460 406 460 406 460 406 460 406 460 406 460 406 460 406 460 406 460 406 460 406 460 406 460 406 460 1336 460 1336 460 406 460 1336 460 406 460
Daikin_ARC480A41.ir,DRY,DAIKIN152 98 bits 11da27000021c000a0000000000000c5000058,2,True,learned fidelity_check (319 timings),DAIKIN152 98 bits 11da27000021c000a0000000000000c5000058,True,-6.0,10.9,46,442 427 441 428 443 427 441 429 442 426 442 24982 3516 1702 441 1297 442 425 443 429 442 426 442 1300 441 427 441 428 443 427 441 426 442 1301 440 426 442 1296 443 1297 441 429 442 1297 442 1297 442 1298 441 1297 441 1300 441 427 441 429 442 1298 441 426 442 430 441 427 441 429 442 427 441 429 442 427 441 429 442 428 440 427 441 430 441 426 442 429 442 426 442 430 441 426 442 429 442 428 440 1297 442 428 443 425 443 430 440 427 441 1301 440 426 442 427 441 429 442 427 441 429 442 428 440 429 442 426 442 1300 441 1297 441 426 442 429 442 426 442 430 441 426 442 430 441 426 442 429 442 427 441 429 442 426 442 429 441 427 441 1297 441 429 442 1299 440 426 442 429 442 427 441 429 442 427 441 429 442 427 440 430 441 425 443 430 441 427 441 429 442 426 442 429 442 427 441 428 442 427 441 429 442 427 441 429 442 427 441 429 442 426 442 431 440 427 441 429 442 426 442 430 441 425 443 429 442 426 442 430 441 427 441 430 441 425 443 429 442 427 441 430 441 426 442 429 441 426 442 429 442 427 441 429 441 426 442 429 442 426 442 430 441 1298 441 425 443 1297 442 428 443 426 442 429 442 1297 442 1298 441 429 442 427 441 429 442 426 442 429 442 426 442 429 442 426 442 426 442 430 441 427 441 429 442 426 442 430 441 426 442 430 441 426 442 429 442 427 441 1298 441 1300 441 426 442 1297 442 430 441,460 406 460 406 460 406 460 406 460 406 460 24924 3537 1699 460 1336 460 406 460 406 460 406 460 1336 460 406 460 406 460 406 460 406 460 1336 460 406 460 1336 460 1336 460 406 460 1336 460 1336 460 1336 460 1336 460 1336 460 406 460 406 460 1336 460 406 460 406 460 406 460 406 460 406 460 406 460 406 460 406 460 406 460 406 460 406 460 406 460 406 460 406 460 406 460 406 460 406 460 406 460 1336 460 406 460 406 460 406 460 406 460 1336 460 406 460 406 460 406 460 406 460 406 460 406 460 406 460 406 460 1336 460 1336 460 406 460 406 460 406 460 406 460 406 460 406 460 406 460 406 460 406 460 406 460 406 460 406 460 406 460 1336 460 406 460 1336 460 406 460 406 460 406 460 406 460 406 460 406 460 406 460 406 460 406 460 406 460 406 460 406 460 406 460 406 460 406 460 406 460 406 460 406 460 406 460 406 460 406 460 406 460 406 460 406 460 406 460 406 460 406 460 406 460 406 460 406 460 406 460 406 460 406 460 406 460 406 460 406 460 406 460 406 460 406 460 406 460 406 460 406 460 406 460 406 460 406 460 406 460 406 460 406 460 1336 460 406 460 1336 460 406 460 406 460 406 460 1336 460 1336 460 406 460 406 460 406 460 406 460 406 460 406 460 406 460 406 460 406 460 406 460 406 460 406 460 406 460 406 460 406 460 406 460 406 460 406 460 406 460 1336 460 1336 460 406 460 1336 460 406 460,528 336 528 338 467 398 467 399 467 402 439 24957 3547 1716 410 1380 429 407 391 477 445 424 481 1340 430 406 392 476 446 423 483 385 513 1308 380 457 447 1374 461 1328 477 363 465 1353 476 1339 408 1381 431 1359 477 1313 475 369 531 335 495 1320 476 371 529 336 532 335 494 371 466 400 468 400 440 428 415 454 401 467 446 422 485 383 513 357 512 337 531 335 499 368 465 400 467 400 464 404 416 1405 477 361 467 400 443 426 415 453 390 1431 477 360 441 427 415 453 390 478 446 423 481 387 511 358 511 340 529 1309 410 1379 430 406 391 478 446 422 484 384 513 356 513 338 530 336 500 366 465 401 466 400 465 403 416 453 415 453 420 1401 468 369 415 1406 477 361 466 400 442 427 416 452 390 478 445 424 480 388 512 357 512 338 530 336 528 339 466 400 465 400 467 402 439 429 416 452 419 450 475 393 486 383 512 340 528 338 530 336 494 372 465 400 468 400 441 427 415 454 391 477 446 422 483 385 513 357 511 338 530 337 499 367 465 400 467 400 465 403 416 453 411 457 442 426 479 389 487 382 512 340 528 338 529 336 492 374 466 400 468 400 440 1381 480 360 466 1352 479 365 504 362 466 400 466 1352 479 1337 409 427 513 356 512 338 530 337 500 365 466 400 467 400 465 403 416 452 415 454 420 448 454 415 458 410 511 341 527 339 528 337 492 375 465 401 467 400 441 1380 480 1310 479 366 506 1332 383 454 486,454 413 454 413 454 413 454 413 454 413 454 24970 3534 1729 454 1366 454 413 454 413 454 413 454 1366 454 413 454 413 454 413 454 413 454 1366 454 413 454 1366 454 1366 454 413 454 1366 454 1366 454 1366 454 1366 454 1366 454 413 454 413 454 1366 454 413 454 413 454 413 454 413 454 413 454 413 454 413 454 413 454 413 454 413 454 413 454 413 454 413 454 413 454 413 454 413 454 413 454 413 454 1366 454 413 454 413 454 413 454 413 454 1366 454 413 454 413 454 413 454 413 454 413 454 413 454 413 454 413 454 1366 454 1366 454 413 454 413 454 413 454 413 454 413 454 413 454 413 454 413 454 413 454 413 454 413 454 413 454 413 454 1366 454 413 454 1366 454 413 454 413 454 413 454 413 454 413 454 413 454 413 454 413 454 413 454 413 454 413 454 413 454 413 454 413 454 413 454 413 454 413 454 413 454 413 454 413 454 413 454 413 454 413 454 413 454 413 454 413 454 413 454 413 454 413 454 413 454 413 454 413 454 413 454 413 454 413 454 413 454 413 454 413 454 413 454 413 454 413 454 413 454 413 454 413 454 413 454 413 454 413 454 413 454 1366 454 413 454 1366 454 413 454 413 454 413 454 1366 454 1366 454 413 454 413 454 413 454 413 454 413 454 413 454 413 454 413 454 413 454 413 454 413 454 413 454 413 454 413 454 413 454 413 454 413 454 413 454 413 454 1366 454 1366 454 413 454 1366 454 413 454
Daikin_ARC480A53.ir,Off,DAIKIN152 98 bits 11da270000402c007f0f0000000000c5400819,1,True,learned fidelity_check (319 timings),DAIKIN152 98 bits 11da270000402c007f0f0000000000c5400819,True,-17.8,22.9,62,445 455 421 449 416 453 422 447 418 451 424 25400 3494 1753 416 1322 419 450 415 456 420 449 416 1325 416 451 425 444 421 448 417 453 423 1318 423 444 421 1320 421 1316 414 457 419 1320 421 1318 423 1314 417 1322 419 1320 421 449 416 453 422 1317 424 445 420 450 415 456 419 447 418 451 414 456 420 449 416 452 424 448 417 453 422 445 420 450 415 456 419 448 417 452 423 447 418 449 416 453 423 448 417 453 423 446 419 449 416 453 423 447 418 1321 420 451 414 454 422 449 416 1322 419 1319 422 449 416 1322 419 451 424 445 420 449 416 455 421 445 420 449 416 455 420 448 417 452 424 446 419 1321 420 1317 424 1315 416 1324 417 1322 419 1320 421 1320 421 446 419 1319 422 1319 422 1318 423 1313 417 453 423 445 420 450 415 454 421 449 416 454 422 446 419 449 416 456 420 448 417 453 423 444 421 450 415 454 422 447 418 451 424 445 420 450 415 455 420 447 418 452 424 447 418 451 424 445 420 448 417 453 423 446 419 451 424 444 421 448 417 452 423 446 419 451 424 445 420 448 417 451 414 456 420 452 424 443 422 449 416 451 424 448 417 449 416 455 420 1318 423 446 419 1319 422 448 417 451 424 447 418 1320 421 1316 415 455 421 451 414 455 421 449 416 451 424 446 419 1319 422 448 417 454 422 446 419 451 414 1325 416 452 423 447 418 451 424 447 418 1318 423 446 419 449 416 1327 424 1312 419 449 416 455 421 449 416,445 455 421 449 416 453 422 447 418 451 424 25400 3494 1753 416 1322 419 450 415 456 420 449 416 1325 416 451 425 444 421 448 417 453 423 1318 423 444 421 1320 421 1316 414 457 419 1320 421 1318 423 1314 417 1322 419 1320 421 449 416 453 422 1317 424 445 420 450 415 456 419 447 418 451 414 456 420 449 416 452 424 448 417 453 422 445 420 450 415 456 419 448 417 452 423 447 418 449 416 453 423 448 417 453 423 446 419 449 416 453 423 447 418 1321 420 451 414 454 422 449 416 1322 419 1319 422 449 416 1322 419 451 424 445 420 449 416 455 421 445 420 449 416 455 420 448 417 452 424 446 419 1321 420 1317 424 1315 416 1324 417 1322 419 1320 421 1320 421 446 419 1319 422 1319 422 1318 423 1313 417 453 423 445 420 450 415 454 421 449 416 454 422 446 419 449 416 456 420 448 417 453 423 444 421 450 415 454 422 447 418 451 424 445 420 450 415 455 420 447 418 452 424 447 418 451 424 445 420 448 417 453 423 446 419 451 424 444 421 448 417 452 423 446 419 451 424 445 420 448 417 451 414 456 420 452 424 443 422 449 416 451 424 448 417 449 416 455 420 1318 423 446 419 1319 422 448 417 451 424 447 418 1320 421 1316 415 455 421 451 414 455 421 449 416 451 424 446 419 1319 422 448 417 454 422 446 419 451 414 1325 416 452 423 447 418 451 424 447 418 1318 423 446 419 449 416 1327 424 1312 419 449 416 455 421 449 416,469 426 416 452 415 453 416 453 415 453 415 25427 3463 1802 420 1316 425 412 416 452 416 453 415 1353 424 412 366 503 414 455 414 457 363 1402 380 463 358 1404 381 1356 385 477 388 1381 424 1312 425 1312 424 1313 423 1313 424 413 416 452 415 1354 358 480 388 482 414 457 385 482 410 458 441 429 358 512 447 421 405 483 336 531 416 453 386 482 340 528 416 452 387 482 415 453 416 452 387 482 415 453 415 453 417 452 415 453 415 453 415 454 415 1353 424 414 414 455 363 508 413 1351 386 1350 355 492 408 1351 379 483 415 453 414 455 362 506 415 453 416 453 386 482 415 453 415 453 416 453 415 1353 425 1312 423 1314 424 1312 425 1311 387 1350 355 1382 410 454 361 1380 438 1324 426 1311 425 1312 425 411 416 453 415 453 415 453 415 454 415 453 413 456 415 453 415 456 385 484 412 457 381 486 362 510 443 426 380 489 411 457 407 463 379 491 407 477 388 481 361 506 416 452 414 455 415 453 415 453 413 456 415 453 415 453 416 453 415 453 415 453 416 453 415 453 414 454 415 453 416 453 415 453 416 455 380 488 362 509 413 454 380 492 415 450 415 456 358 1404 382 463 380 1380 407 456 362 506 416 452 389 1379 443 1293 412 425 416 453 416 452 416 453 415 453 415 453 415 1352 402 437 414 458 360 508 410 460 439 1323 419 426 381 488 382 487 431 455 362 1376 413 453 387 482 362 1404 430 1306 430 409 414 454 416 452 417,402 466 402 466 402 466 402 466 402 466 402 25440 3450 1815 402 1364 402 466 402 466 402 466 402 1364 402 466 402 466 402 466 402 466 402 1364 402 466 402 1364 402 1364 402 466 402 1364 402 1364 402 1364 402 1364 402 1364 402 466 402 466 402 1364 402 466 402 466 402 466 402 466 402 466 402 466 402 466 402 466 402 466 402 466 402 466 402 466 402 466 402 466 402 466 402 466 402 466 402 466 402 466 402 466 402 466 402 466 402 466 402 466 402 1364 402 466 402 466 402 466 402 1364 402 1364 402 466 402 1364 402 466 402 466 402 466 402 466 402 466 402 466 402 466 402 466 402 466 402 466 402 1364 402 1364 402 1364 402 1364 402 1364 402 1364 402 1364 402 466 402 1364 402 1364 402 1364 402 1364 402 466 402 466 402 466 402 466 402 466 402 466 402 466 402 466 402 466 402 466 402 466 402 466 402 466 402 466 402 466 402 466 402 466 402 466 402 466 402 466 402 466 402 466 402 466 402 466 402 466 402 466 402 466 402 466 402 466 402 466 402 466 402 466 402 466 402 466 402 466 402 466 402 466 402 466 402 466 402 466 402 466 402 466 402 466 402 466 402 1364 402 466 402 1364 402 466 402 466 402 466 402 1364 402 1364 402 466 402 466 402 466 402 466 402 466 402 466 402 1364 402 466 402 466 402 466 402 466 402 1364 402 466 402 466 402 466 402 466 402 1364 402 466 402 466 402 1364 402 1364 402 466 402 466 402 466 402
Daikin_ARC480A53.ir,Off,DAIKIN152 98 bits 11da270000402c007f0f0000000000c5400819,2,True,learned fidelity_check (319 timings),DAIKIN152 98 bits 11da270000402c007f0f0000000000c5400819,True,16.0,-9.9,47,445 455 421 449 416 453 422 447 418 451 424 25400 3494 1753 416 1322 419 450 415 456 420 449 416 1325 416 451 425 444 421 448 417 453 423 1318 423 444 421 1320 421 1316 414 457 419 1320 421 1318 423 1314 417 1322 419 1320 421 449 416 453 422 1317 424 445 420 450 415 456 419 447 418 451 414 456 420 449 416 452 424 448 417 453 422 445 420 450 415 456 419 448 417 452 423 447 418 449 416 453 423 448 417 453 423 446 419 449 416 453 423 447 418 1321 420 451 414 454 422 449 416 1322 419 1319 422 449 416 1322 419 451 424 445 420 449 416 455 421 445 420 449 416 455 420 448 417 452 424 446 419 1321 420 1317 424 1315 416 1324 417 1322 419 1320 421 1320 421 446 419 1319 422 1319 422 1318 423 1313 417 453 423 445 420 450 415 454 421 449 416 454 422 446 419 449 416 456 420 448 417 453 423 444 421 450 415 454 422 447 418 451 424 445 420 450 415 455 420 447 418 452 424 447 418 451 424 445 420 448 417 453 423 446 419 451 424 444 421 448 417 452 423 446 419 451 424 445 420 448 417 451 414 456 420 452 424 443 422 449 416 451 424 448 417 449 416 455 420 1318 423 446 419 1319 422 448 417 451 424 447 418 1320 421 1316 415 455 421 451 414 455 421 449 416 451 424 446 419 1319 422 448 417 454 422 446 419 451 414 1325 416 452 423 447 418 451 424 447 418 1318 423 446 419 449 416 1327 424 1312 419 449 416 455 421 449 416,402 466 402 466 402 466 402 466 402 466 402 25440 3450 1815 402 1364 402 466 402 466 402 466 402 1364 402 466 402 466 402 466 402 466 402 1364 402 466 402 1364 402 1364 402 466 402 1364 402 1364 402 1364 402 1364 402 1364 402 466 402 466 402 1364 402 466 402 466 402 466 402 466 402 466 402 466 402 466 402 466 402 466 402 466 402 466 402 466 402 466 402 466 402 466 402 466 402 466 402 466 402 466 402 466 402 466 402 466 402 466 402 466 402 1364 402 466 402 466 402 466 402 1364 402 1364 402 466 402 1364 402 466 402 466 402 466 402 466 402 466 402 466 402 466 402 466 402 466 402 466 402 1364 402 1364 402 1364 402 1364 402 1364 402 1364 402 1364 402 466 402 1364 402 1364 402 1364 402 1364 402 466 402 466 402 466 402 466 402 466 402 466 402 466 402 466 402 466 402 466 402 466 402 466 402 466 402 466 402 466 402 466 402 466 402 466 402 466 402 466 402 466 402 466 402 466 402 466 402 466 402 466 402 466 402 466 402 466 402 466 402 466 402 466 402 466 402 466 402 466 402 466 402 466 402 466 402 466 402 466 402 466 402 466 402 466 402 466 402 1364 402 466 402 1364 402 466 402 466 402 466 402 1364 402 1364 402 466 402 466 402 466 402 466 402 466 402 466 402 1364 402 466 402 466 402 466 402 466 402 1364 402 466 402 466 402 466 402 466 402 1364 402 466 402 466 402 1364 402 1364 402 466 402 466 402 466 402,458 410 459 409 459 410 459 409 459 393 476 25380 3474 1818 388 1376 384 452 460 408 461 408 460 1335 357 479 431 437 456 413 457 411 458 1336 306 531 421 1374 327 1436 379 459 361 1432 420 1343 423 1340 423 1366 387 1376 388 448 461 408 460 1335 360 476 459 410 459 409 460 408 460 408 461 407 461 408 460 408 460 409 460 408 460 408 460 409 459 409 460 408 461 407 461 408 460 408 461 407 460 409 460 408 460 408 460 409 460 408 461 407 461 1334 387 450 459 409 460 408 460 1335 388 1375 359 477 457 1338 306 531 394 474 420 448 423 446 423 445 426 442 428 440 431 438 432 436 433 435 457 1339 305 1457 352 1411 382 1381 424 1339 424 1339 423 1366 386 451 460 1334 386 1377 358 1405 307 1456 353 484 362 506 362 506 338 531 338 530 341 527 364 504 365 504 365 503 366 502 367 502 391 477 393 475 394 474 396 473 421 447 423 446 424 444 426 442 429 440 429 439 431 438 431 436 433 436 432 436 433 435 459 410 460 408 460 408 460 409 459 409 459 409 460 409 459 409 460 408 460 408 460 409 460 408 459 410 459 409 459 409 459 409 460 409 459 409 460 1334 359 479 458 1335 358 480 434 434 436 432 459 1335 307 1455 325 513 367 502 392 476 393 476 393 475 395 473 396 1396 353 486 363 506 364 504 365 503 367 1426 380 459 362 506 362 506 362 506 361 1411 406 456 384 485 360 1408 450 1333 430 418 454 414 454 414 454,418 449 418 449 418 449 418 449 418 449 418 25393 3461 1831 418 1379 418 449 418 449 418 449 418 1379 418 449 418 449 418 449 418 449 418 1379 418 449 418 1379 418 1379 418 449 418 1379 418 1379 418 1379 418 1379 418 1379 418 449 418 449 418 1379 418 449 418 449 418 449 418 449 418 449 418 449 418 449 418 449 418 449 418 449 418 449 418 449 418 449 418 449 418 449 418 449 418 449 418 449 418 449 418 449 418 449 418 449 418 449 418 449 418 1379 418 449 418 449 418 449 418 1379 418 1379 418 449 418 1379 418 449 418 449 418 449 418 449 418 449 418 449 418 449 418 449 418 449 418 449 418 1379 418 1379 418 1379 418 1379 418 1379 418 1379 418 1379 418 449 418 1379 418 1379 418 1379 418 1379 418 449 418 449 418 449 418 449 418 449 418 449 418 449 418 449 418 449 418 449 418 449 418 449 418 449 418 449 418 449 418 449 418 449 418 449 418 449 418 449 418 449 418 449 418 449 418 449 418 449 418 449 418 449 418 449 418 449 418 449 418 449 418 449 418 449 418 449 418 449 418 449 418 449 418 449 418 449 418 449 418 449 418 449 418 449 418 449 418 1379 418 449 418 1379 418 449 418 449 418 449 418 1379 418 1379 418 449 418 449 418 449 418 449 418 449 418 449 418 1379 418 449 418 449 418 449 418 449 418 1379 418 449 418 449 418 449 418 449 418 1379 418 449 418 449 418 1379 418 1379 418 449 418 449 418 449 418
Daikin_ARC480A53.ir,AUTO,DAIKIN152 98 bits 11da2700000132007f0f0000000000c50008a0,1,True,learned fidelity_check (319 timings),DAIKIN152 98 bits 11da2700000132007f0f0000000000c50008a0,True,-17.6,22.1,86,443 457 418 451 424 445 420 449 416 453 423 25403 3491 1753 416 1323 418 452 423 447 418 451 424 1315 416 451 414 457 418 450 415 454 421 1319 422 446 419 1322 419 1317 424 445 420 1320 421 1317 424 1314 417 1325 416 1322 419 452 423 444 421 1320 421 447 418 451 425 443 422 448 417 454 422 446 419 451 414 463 423 437 418 454 422 446 419 449 416 456 420 448 417 451 414 456 420 450 415 454 421 1317 424 446 419 450 415 454 422 448 417 452 423 446 419 450 415 457 418 1324 417 446 419 450 415 1325 416 1323 418 450 415 455 420 449 416 454 422 447 418 450 415 455 421 449 416 452 424 446 419 1320 421 1319 422 1315 415 1326 415 1323 418 1320 421 1319 422 445 420 1320 421 1319 422 1317 424 1314 416 453 422 447 418 451 424 445 420 449 416 453 423 448 417 451 414 454 421 449 416 454 421 448 417 452 423 446 419 451 414 459 416 448 417 451 414 456 419 449 416 454 421 448 417 452 424 447 418 455 421 443 422 448 417 452 424 445 420 451 425 444 421 448 417 451 414 456 420 450 415 454 422 447 418 452 424 447 418 450 415 453 423 447 418 451 414 456 420 1320 421 448 417 1320 421 456 419 444 421 448 417 1320 421 1320 421 447 418 452 423 444 421 450 415 454 421 447 418 452 423 445 420 451 414 454 421 448 417 1323 418 448 417 454 421 449 416 452 423 446 419 449 416 454 422 447 418 452 424 1321 420 444 421 1318 423,443 457 418 451 424 445 420 449 416 453 423 25403 3491 1753 416 1323 418 452 423 447 418 451 424 1315 416 451 414 457 418 450 415 454 421 1319 422 446 419 1322 419 1317 424 445 420 1320 421 1317 424 1314 417 1325 416 1322 419 452 423 444 421 1320 421 447 418 451 425 443 422 448 417 454 422 446 419 451 414 463 423 437 418 454 422 446 419 449 416 456 420 448 417 451 414 456 420 450 415 454 421 1317 424 446 419 450 415 454 422 448 417 452 423 446 419 450 415 457 418 1324 417 446 419 450 415 1325 416 1323 418 450 415 455 420 449 416 454 422 447 418 450 415 455 421 449 416 452 424 446 419 1320 421 1319 422 1315 415 1326 415 1323 418 1320 421 1319 422 445 420 1320 421 1319 422 1317 424 1314 416 453 422 447 418 451 424 445 420 449 416 453 423 448 417 451 414 454 421 449 416 454 421 448 417 452 423 446 419 451 414 459 416 448 417 451 414 456 419 449 416 454 421 448 417 452 424 447 418 455 421 443 422 448 417 452 424 445 420 451 425 444 421 448 417 451 414 456 420 450 415 454 422 447 418 452 424 447 418 450 415 453 423 447 418 451 414 456 420 1320 421 448 417 1320 421 456 419 444 421 448 417 1320 421 1320 421 447 418 452 423 444 421 450 415 454 421 447 418 452 423 445 420 451 414 454 421 448 417 1323 418 448 417 454 421 449 416 452 423 446 419 449 416 454 422 447 418 452 424 1321 420 444 421 1318 423,440 453 416 452 416 453 416 452 416 452 416 25425 3440 1826 423 1314 425 411 415 454 415 453 390 1379 424 412 416 454 413 456 413 456 385 1380 333 509 385 1379 355 1381 411 436 379 1406 423 1313 424 1313 416 1320 424 1313 425 411 414 455 415 1353 414 424 414 456 405 463 362 508 412 458 380 489 383 487 475 411 416 434 384 503 415 454 362 506 362 505 416 453 388 480 362 506 416 453 411 457 416 1353 424 412 415 453 416 453 416 452 416 452 414 455 415 453 415 458 410 1354 333 508 386 482 439 1325 386 1350 355 493 409 475 387 481 362 506 416 452 413 456 363 505 415 453 416 453 415 453 416 1353 424 1312 424 1313 425 1312 425 1311 417 1320 332 1404 406 440 380 1379 409 1354 427 1310 447 1289 449 388 415 453 416 452 416 453 416 452 416 452 417 452 415 453 416 452 416 453 416 454 386 483 413 456 380 490 385 484 446 444 364 483 415 453 446 424 384 485 446 423 381 488 382 488 430 454 386 482 416 452 415 453 389 480 415 453 415 453 416 453 415 453 415 453 416 452 416 453 416 452 416 452 416 453 365 506 412 456 414 454 362 509 411 457 439 431 358 1404 380 484 336 1405 405 458 415 453 415 454 387 1379 431 1305 432 407 415 453 416 453 415 453 416 452 415 454 415 453 414 454 416 453 415 454 413 455 415 1351 422 418 414 457 360 511 417 450 381 488 386 483 418 451 381 488 383 504 414 1324 456 410 418 1320 455,402 466 402 466 402 466 402 466 402 466 402 25438 3427 1839 402 1363 402 466 402 466 402 466 402 1363 402 466 402 466 402 466 402 466 402 1363 402 466 402 1363 402 1363 402 466 402 1363 402 1363 402 1363 402 1363 402 1363 402 466 402 466 402 1363 402 466 402 466 402 466 402 466 402 466 402 466 402 466 402 466 402 466 402 466 402 466 402 466 402 466 402 466 402 466 402 466 402 466 402 466 402 1363 402 466 402 466 402 466 402 466 402 466 402 466 402 466 402 466 402 1363 402 466 402 466 402 1363 402 1363 402 466 402 466 402 466 402 466 402 466 402 466 402 466 402 466 402 466 402 466 402 1363 402 1363 402 1363 402 1363 402 1363 402 1363 402 1363 402 466 402 1363 402 1363 402 1363 402 1363 402 466 402 466 402 466 402 466 402 466 402 466 402 466 402 466 402 466 402 466 402 466 402 466 402 466 402 466 402 466 402 466 402 466 402 466 402 466 402 466 402 466 402 466 402 466 402 466 402 466 402 466 402 466 402 466 402 466 402 466 402 466 402 466 402 466 402 466 402 466 402 466 402 466 402 466 402 466 402 466 402 466 402 466 402 466 402 466 402 1363 402 466 402 1363 402 466 402 466 402 466 402 1363 402 1363 402 466 402 466 402 466 402 466 402 466 402 466 402 466 402 466 402 466 402 466 402 466 402 1363 402 466 402 466 402 466 402 466 402 466 402 466 402 466 402 466 402 466 402 1363 402 466 402 1363 402
Daikin_ARC480A53.ir,AUTO,DAIKIN152 98 bits 11da2700000132007f0f0000000000c50008a0,2,True,learned fidelity_check (319 timings),DAIKIN152 98 bits 11da2700000132007f0f0000000000c50008a0,True,16.8,-11.1,29,443 457 418 451 424 445 420 449 416 453 423 25403 3491 1753 416 1323 418 452 423 447 418 451 424 1315 416 451 414 457 418 450 415 454 421 1319 422 446 419 1322 419 1317 424 445 420 1320 421 1317 424 1314 417 1325 416 1322 419 452 423 444 421 1320 421 447 418 451 425 443 422 448 417 454 422 446 419 451 414 463 423 437 418 454 422 446 419 449 416 456 420 448 417 451 414 456 420 450 415 454 421 1317 424 446 419 450 415 454 422 448 417 452 423 446 419 450 415 457 418 1324 417 446 419 450 415 1325 416 1323 418 450 415 455 420 449 416 454 422 447 418 450 415 455 421 449 416 452 424 446 419 1320 421 1319 422 1315 415 1326 415 1323 418 1320 421 1319 422 445 420 1320 421 1319 422 1317 424 1314 416 453 422 447 418 451 424 445 420 449 416 453 423 448 417 451 414 454 421 449 416 454 421 448 417 452 423 446 419 451 414 459 416 448 417 451 414 456 419 449 416 454 421 448 417 452 424 447 418 455 421 443 422 448 417 452 424 445 420 451 425 444 421 448 417 451 414 456 420 450 415 454 422 447 418 452 424 447 418 450 415 453 423 447 418 451 414 456 420 1320 421 448 417 1320 421 456 419 444 421 448 417 1320 421 1320 421 447 418 452 423 444 421 450 415 454 421 447 418 452 423 445 420 451 414 454 421 448 417 1323 418 448 417 454 421 449 416 452 423 446 419 449 416 454 422 447 418 452 424 1321 420 444 421 1318 423,402 466 402 466 402 466 402 466 402 466 402 25438 3427 1839 402 1363 402 466 402 466 402 466 402 1363 402 466 402 466 402 466 402 466 402 1363 402 466 402 1363 402 1363 402 466 402 1363 402 1363 402 1363 402 1363 402 1363 402 466 402 466 402 1363 402 466 402 466 402 466 402 466 402 466 402 466 402 466 402 466 402 466 402 466 402 466 402 466 402 466 402 466 402 466 402 466 402 466 402 466 402 1363 402 466 402 466 402 466 402 466 402 466 402 466 402 466 402 466 402 1363 402 466 402 466 402 1363 402 1363 402 466 402 466 402 466 402 466 402 466 402 466 402 466 402 466 402 466 402 466 402 1363 402 1363 402 1363 402 1363 402 1363 402 1363 402 1363 402 466 402 1363 402 1363 402 1363 402 1363 402 466 402 466 402 466 402 466 402 466 402 466 402 466 402 466 402 466 402 466 402 466 402 466 402 466 402 466 402 466 402 466 402 466 402 466 402 466 402 466 402 466 402 466 402 466 402 466 402 466 402 466 402 466 402 466 402 466 402 466 402 466 402 466 402 466 402 466 402 466 402 466 402 466 402 466 402 466 402 466 402 466 402 466 402 466 402 466 402 1363 402 466 402 1363 402 466 402 466 402 466 402 1363 402 1363 402 466 402 466 402 466 402 466 402 466 402 466 402 466 402 466 402 466 402 466 402 466 402 1363 402 466 402 466 402 466 402 466 402 466 402 466 402 466 402 466 402 466 402 1363 402 466 402 1363 402,449 420 446 422 444 423 443 426 438 429 413 25431 3430 1855 423 1340 423 440 459 409 460 409 459 1308 421 443 459 409 460 408 460 409 459 1335 387 449 460 1335 387 1376 386 450 461 1334 384 1380 358 1404 307 1456 327 1436 353 484 362 506 362 1433 379 459 361 507 361 507 361 507 361 507 362 507 362 505 363 505 339 530 362 506 360 509 363 505 364 504 365 503 367 502 367 501 392 476 392 477 393 1402 326 510 364 504 366 502 367 501 391 478 392 476 393 476 394 474 420 1375 306 530 366 503 366 1428 351 1412 379 459 361 507 362 507 361 507 361 506 362 506 363 505 360 509 337 531 362 507 364 1430 353 1410 383 1380 420 1343 425 1338 425 1338 426 1363 384 454 458 1335 385 1378 385 1378 361 1402 357 480 430 438 431 437 432 437 432 436 433 435 434 435 458 410 460 408 460 409 459 409 460 408 460 408 460 409 459 409 459 409 460 409 459 409 459 409 460 408 461 408 459 409 459 409 459 410 459 409 459 409 460 409 459 409 459 410 458 410 459 410 452 416 438 431 436 432 458 394 451 416 452 417 452 416 452 415 476 392 453 416 453 414 454 415 453 414 454 1333 430 416 452 1332 432 433 435 434 434 419 449 1330 432 1358 360 479 435 434 434 434 434 434 433 436 434 434 434 434 434 434 434 435 433 436 432 436 433 1332 387 479 432 436 433 435 433 436 433 435 434 435 433 435 434 435 434 434 434 1328 434 435 434 1331 417,419 448 419 448 419 448 419 448 419 448 419 25444 3417 1868 419 1376 419 448 419 448 419 448 419 1376 419 448 419 448 419 448 419 448 419 1376 419 448 419 1376 419 1376 419 448 419 1376 419 1376 419 1376 419 1376 419 1376 419 448 419 448 419 1376 419 448 419 448 419 448 419 448 419 448 419 448 419 448 419 448 419 448 419 448 419 448 419 448 419 448 419 448 419 448 419 448 419 448 419 448 419 1376 419 448 419 448 419 448 419 448 419 448 419 448 419 448 419 448 419 1376 419 448 419 448 419 1376 419 1376 419 448 419 448 419 448 419 448 419 448 419 448 419 448 419 448 419 448 419 448 419 1376 419 1376 419 1376 419 1376 419 1376 419 1376 419 1376 419 448 419 1376 419 1376 419 1376 419 1376 419 448 419 448 419 448 419 448 419 448 419 448 419 448 419 448 419 448 419 448 419 448 419 448 419 448 419 448 419 448 419 448 419 448 419 448 419 448 419 448 419 448 419 448 419 448 419 448 419 448 419 448 419 448 419 448 419 448 419 448 419 448 419 448 419 448 419 448 419 448 419 448 419 448 419 448 419 448 419 448 419 448 419 448 419 448 419 448 419 1376 419 448 419 1376 419 448 419 448 419 448 419 1376 419 1376 419 448 419 448 419 448 419 448 419 448 419 448 419 448 419 448 419 448 419 448 419 448 419 1376 419 448 419 448 419 448 419 448 419 448 419 448 419 448 419 448 419 448 419 1376 419 448 419 1376 419
Daikin_ARC480A53.ir,COOL,DAIKIN152 98 bits 11da2700003125007f0f0000000000c50008c3,1,True,learned fidelity_check (319 timings),DAIKIN152 98 bits 11da2700003125007f0f0000000000c50008c3,True,-17.9,17.7,85,445 456 419 450 415 454 421 450 415 453 422 25403 3491 1753 415 1324 417 454 421 448 417 457 418 1313 417 453 422 447 418 451 424 445 420 1318 423 447 418 1322 419 1319 422 448 417 1321 420 1318 423 1317 424 1316 414 1325 416 451 424 446 419 1327 424 436 419 453 422 446 419 450 415 461 414 449 416 454 421 445 420 450 415 454 422 447 418 451 424 448 417 453 423 444 421 448 417 453 423 445 420 1320 421 447 418 452 423 447 418 1321 420 1319 422 445 420 452 423 1314 417 453 423 1317 424 444 421 447 418 1323 418 450 415 455 421 449 416 453 422 446 419 450 415 455 421 448 417 454 422 445 420 1319 422 1320 421 1316 415 1324 417 1323 418 1322 419 1319 422 446 419 1321 420 1319 422 1319 422 1315 415 456 420 448 417 452 424 445 420 449 416 455 421 448 417 451 414 457 419 450 415 454 422 448 417 458 418 446 419 449 416 453 422 448 417 451 424 447 418 451 424 444 421 449 416 451 414 456 420 450 415 456 420 455 420 442 423 447 418 450 415 454 422 447 418 453 422 446 419 451 414 455 421 449 416 451 424 453 423 441 424 445 420 448 417 451 424 445 420 1319 422 450 415 1323 418 451 424 445 420 450 415 1323 418 1321 420 448 417 454 422 448 417 451 424 445 420 451 414 453 423 448 417 451 424 443 422 450 415 1322 419 452 423 446 419 455 420 443 422 1317 424 1320 421 443 422 445 420 452 424 444 421 1319 422 1317 424,445 456 419 450 415 454 421 450 415 453 422 25403 3491 1753 415 1324 417 454 421 448 417 457 418 1313 417 453 422 447 418 451 424 445 420 1318 423 447 418 1322 419 1319 422 448 417 1321 420 1318 423 1317 424 1316 414 1325 416 451 424 446 419 1327 424 436 419 453 422 446 419 450 415 461 414 449 416 454 421 445 420 450 415 454 422 447 418 451 424 448 417 453 423 444 421 448 417 453 423 445 420 1320 421 447 418 452 423 447 418 1321 420 1319 422 445 420 452 423 1314 417 453 423 1317 424 444 421 447 418 1323 418 450 415 455 421 449 416 453 422 446 419 450 415 455 421 448 417 454 422 445 420 1319 422 1320 421 1316 415 1324 417 1323 418 1322 419 1319 422 446 419 1321 420 1319 422 1319 422 1315 415 456 420 448 417 452 424 445 420 449 416 455 421 448 417 451 414 457 419 450 415 454 422 448 417 458 418 446 419 449 416 453 422 448 417 451 424 447 418 451 424 444 421 449 416 451 414 456 420 450 415 456 420 455 420 442 423 447 418 450 415 454 422 447 418 453 422 446 419 451 414 455 421 449 416 451 424 453 423 441 424 445 420 448 417 451 424 445 420 1319 422 450 415 1323 418 451 424 445 420 450 415 1323 418 1321 420 448 417 454 422 448 417 451 424 445 420 451 414 453 423 448 417 451 424 443 422 450 415 1322 419 452 423 446 419 455 420 443 422 1317 424 1320 421 443 422 445 420 452 424 444 421 1319 422 1317 424,478 416 414 454 414 456 386 484 440 429 359 25475 3464 1804 424 1312 424 416 362 508 412 461 360 1399 422 421 379 490 411 457 406 463 381 1380 408 455 362 1406 419 1318 423 413 416 1353 423 1314 424 1312 422 1315 423 1313 424 414 363 508 387 1378 441 400 384 488 380 487 384 486 444 441 363 506 364 504 414 438 378 507 364 504 415 453 387 481 416 453 416 452 416 453 415 453 415 453 416 453 414 1354 424 412 416 453 414 454 416 1352 418 1319 333 508 360 512 381 1379 386 461 404 1355 441 421 414 455 362 1406 424 412 387 481 416 453 415 453 416 453 415 453 415 453 416 452 416 453 414 454 416 1352 420 1317 332 1405 424 1312 360 1377 380 1383 426 1310 427 410 416 1352 429 1308 428 1308 421 1316 427 413 385 484 412 456 405 465 359 509 416 456 380 488 410 459 448 439 361 506 365 504 415 453 384 484 416 452 416 452 388 481 416 452 415 453 416 453 415 453 415 453 416 453 415 453 416 452 416 452 416 454 414 461 382 480 364 507 411 457 412 456 361 509 411 460 380 487 385 486 421 448 379 507 364 486 431 454 416 452 416 453 415 453 388 481 415 453 416 1349 432 408 415 1352 430 408 415 453 415 453 416 1326 454 1283 418 447 413 459 358 511 415 453 406 463 357 514 441 426 405 482 338 530 414 438 403 481 339 1400 419 448 424 444 432 437 446 422 448 1290 453 1285 447 419 452 417 454 414 425 444 457 1281 417 1323 383,402 466 402 466 402 466 402 466 402 466 402 25488 3451 1817 402 1339 402 466 402 466 402 466 402 1339 402 466 402 466 402 466 402 466 402 1339 402 466 402 1339 402 1339 402 466 402 1339 402 1339 402 1339 402 1339 402 1339 402 466 402 466 402 1339 402 466 402 466 402 466 402 466 402 466 402 466 402 466 402 466 402 466 402 466 402 466 402 466 402 466 402 466 402 466 402 466 402 466 402 466 402 1339 402 466 402 466 402 466 402 1339 402 1339 402 466 402 466 402 1339 402 466 402 1339 402 466 402 466 402 1339 402 466 402 466 402 466 402 466 402 466 402 466 402 466 402 466 402 466 402 466 402 1339 402 1339 402 1339 402 1339 402 1339 402 1339 402 1339 402 466 402 1339 402 1339 402 1339 402 1339 402 466 402 466 402 466 402 466 402 466 402 466 402 466 402 466 402 466 402 466 402 466 402 466 402 466 402 466 402 466 402 466 402 466 402 466 402 466 402 466 402 466 402 466 402 466 402 466 402 466 402 466 402 466 402 466 402 466 402 466 402 466 402 466 402 466 402 466 402 466 402 466 402 466 402 466 402 466 402 466 402 466 402 466 402 466 402 466 402 1339 402 466 402 1339 402 466 402 466 402 466 402 1339 402 1339 402 466 402 466 402 466 402 466 402 466 402 466 402 466 402 466 402 466 402 466 402 466 402 1339 402 466 402 466 402 466 402 466 402 1339 402 1339 402 466 402 466 402 466 402 466 402 1339 402 1339 402
Daikin_ARC480A53.ir,COOL,DAIKIN152 98 bits 11da2700003125007f0f0000000000c50008c3,2,True,learned fidelity_check (319 timings),DAIKIN152 98 bits 11da2700003125007f0f0000000000c50008c3,True,4.7,-1.5,72,445 456 419 450 415 454 421 450 415 453 422 25403 3491 1753 415 1324 417 454 421 448 417 457 418 1313 417 453 422 447 418 451 424 445 420 1318 423 447 418 1322 419 1319 422 448 417 1321 420 1318 423 1317 424 1316 414 1325 416 451 424 446 419 1327 424 436 419 453 422 446 419 450 415 461 414 449 416 454 421 445 420 450 415 454 422 447 418 451 424 448 417 453 423 444 421 448 417 453 423 445 420 1320 421 447 418 452 423 447 418 1321 420 1319 422 445 420 452 423 1314 417 453 423 1317 424 444 421 447 418 1323 418 450 415 455 421 449 416 453 422 446 419 450 415 455 421 448 417 454 422 445 420 1319 422 1320 421 1316 415 1324 417 1323 418 1322 419 1319 422 446 419 1321 420 1319 422 1319 422 1315 415 456 420 448 417 452 424 445 420 449 416 455 421 448 417 451 414 457 419 450 415 454 422 448 417 458 418 446 419 449 416 453 422 448 417 451 424 447 418 451 424 444 421 449 416 451 414 456 420 450 415 456 420 455 420 442 423 447 418 450 415 454 422 447 418 453 422 446 419 451 414 455 421 449 416 451 424 453 423 441 424 445 420 448 417 451 424 445 420 1319 422 450 415 1323 418 451 424 445 420 450 415 1323 418 1321 420 448 417 454 422 448 417 451 424 445 420 451 414 453 423 448 417 451 424 443 422 450 415 1322 419 452 423 446 419 455 420 443 422 1317 424 1320 421 443 422 445 420 452 424 444 421 1319 422 1317 424,402 466 402 466 402 466 402 466 402 466 402 25488 3451 1817 402 1339 402 466 402 466 402 466 402 1339 402 466 402 466 402 466 402 466 402 1339 402 466 402 1339 402 1339 402 466 402 1339 402 1339 402 1339 402 1339 402 1339 402 466 402 466 402 1339 402 466 402 466 402 466 402 466 402 466 402 466 402 466 402 466 402 466 402 466 402 466 402 466 402 466 402 466 402 466 402 466 402 466 402 466 402 1339 402 466 402 466 402 466 402 1339 402 1339 402 466 402 466 402 1339 402 466 402 1339 402 466 402 466 402 1339 402 466 402 466 402 466 402 466 402 466 402 466 402 466 402 466 402 466 402 466 402 1339 402 1339 402 1339 402 1339 402 1339 402 1339 402 1339 402 466 402 1339 402 1339 402 1339 402 1339 402 466 402 466 402 466 402 466 402 466 402 466 402 466 402 466 402 466 402 466 402 466 402 466 402 466 402 466 402 466 402 466 402 466 402 466 402 466 402 466 402 466 402 466 402 466 402 466 402 466 402 466 402 466 402 466 402 466 402 466 402 466 402 466 402 466 402 466 402 466 402 466 402 466 402 466 402 466 402 466 402 466 402 466 402 466 402 466 402 1339 402 466 402 1339 402 466 402 466 402 466 402 1339 402 1339 402 466 402 466 402 466 402 466 402 466 402 466 402 466 402 466 402 466 402 466 402 466 402 1339 402 466 402 466 402 466 402 466 402 1339 402 1339 402 466 402 466 402 466 402 466 402 1339 402 1339 402,405 461 360 507 361 507 361 507 361 507 361 25530 3418 1876 418 1319 423 423 477 391 477 390 478 1283 420 442 460 409 460 408 460 409 459 1309 386 450 460 1308 360 1377 306 530 367 1402 378 1359 422 1314 423 1340 388 1349 361 475 460 408 460 1309 306 530 395 474 419 449 421 447 424 445 425 443 427 442 429 439 430 438 432 436 456 413 457 411 458 410 459 409 460 409 460 408 461 408 459 409 460 1308 331 506 425 443 428 440 430 1339 327 1410 408 432 384 483 384 1382 424 419 479 1283 424 439 459 410 459 1308 385 452 460 408 460 409 459 409 459 409 460 409 459 408 461 408 460 408 460 409 459 1309 385 1351 358 1379 327 1410 407 1329 427 1310 425 1338 374 462 460 1308 359 1379 326 1410 383 1354 427 416 478 391 451 417 448 419 447 421 444 424 441 427 414 455 410 458 408 459 408 461 383 485 383 485 383 484 385 484 382 486 360 508 360 507 361 508 361 506 362 507 361 506 363 505 362 507 339 529 337 531 363 505 364 505 364 504 365 503 367 502 391 477 393 475 393 476 395 473 396 472 398 471 400 468 401 467 402 466 403 465 403 466 427 441 404 465 405 1360 310 530 392 1375 383 457 360 508 361 506 361 1405 429 1305 432 418 452 417 455 412 454 414 453 415 453 416 453 415 453 415 453 414 452 417 449 418 448 1310 433 435 434 435 435 433 435 433 434 1304 417 1319 421 448 422 446 419 450 420 448 393 1343 364 1373 382,407 459 407 459 407 459 407 459 407 459 407 25543 3405 1889 407 1352 407 459 407 459 407 459 407 1352 407 459 407 459 407 459 407 459 407 1352 407 459 407 1352 407 1352 407 459 407 1352 407 1352 407 1352 407 1352 407 1352 407 459 407 459 407 1352 407 459 407 459 407 459 407 459 407 459 407 459 407 459 407 459 407 459 407 459 407 459 407 459 407 459 407 459 407 459 407 459 407 459 407 459 407 1352 407 459 407 459 407 459 407 1352 407 1352 407 459 407 459 407 1352 407 459 407 1352 407 459 407 459 407 1352 407 459 407 459 407 459 407 459 407 459 407 459 407 459 407 459 407 459 407 459 407 1352 407 1352 407 1352 407 1352 407 1352 407 1352 407 1352 407 459 407 1352 407 1352 407 1352 407 1352 407 459 407 459 407 459 407 459 407 459 407 459 407 459 407 459 407 459 407 459 407 459 407 459 407 459 407 459 407 459 407 459 407 459 407 459 407 459 407 459 407 459 407 459 407 459 407 459 407 459 407 459 407 459 407 459 407 459 407 459 407 459 407 459 407 459 407 459 407 459 407 459 407 459 407 459 407 459 407 459 407 459 407 459 407 459 407 459 407 1352 407 459 407 1352 407 459 407 459 407 459 407 1352 407 1352 407 459 407 459 407 459 407 459 407 459 407 459 407 459 407 459 407 459 407 459 407 459 407 1352 407 459 407 459 407 459 407 459 407 1352 407 1352 407 459 407 459 407 459 407 459 407 1352 407 1352 407
Daikin_ARC480A53.ir,DRY,DAIKIN152 98 bits 11da27000021c000af0f0000000000c500087e,1,True,learned fidelity_check (319 timings),DAIKIN152 98 bits 11da27000021c000af0f0000000000c500087e,True,-17.4,23.6,63,444 456 419 450 415 455 420 448 417 455 420 25402 3491 1755 424 1315 415 455 420 449 416 458 417 1313 417 453 422 447 418 452 423 444 421 1320 421 447 418 1321 420 1319 422 448 417 1322 419 1320 421 1318 423 1315 415 1332 419 442 423 448 417 1320 421 448 417 454 422 445 420 450 415 461 414 450 415 455 420 446 419 452 423 446 419 451 424 444 421 447 418 454 421 445 420 449 416 454 422 447 418 1322 419 449 416 454 421 447 418 451 414 1325 416 453 422 447 418 453 422 446 419 453 422 445 420 448 417 453 422 1315 415 1324 417 453 422 447 418 450 415 454 422 448 417 454 421 446 419 451 424 1314 416 1326 415 1321 420 1318 423 446 419 1321 420 449 416 1322 419 1323 418 1320 421 1317 424 1318 423 445 420 449 416 452 423 449 416 452 423 444 421 449 416 459 416 446 419 458 417 448 417 456 420 443 422 447 418 452 423 445 420 450 415 452 424 447 418 452 423 446 419 449 416 460 415 448 417 452 423 445 420 450 415 455 420 449 416 452 423 445 420 451 414 454 421 449 416 455 420 446 419 451 414 454 422 449 416 452 424 445 420 451 424 443 422 448 417 1323 418 451 424 1315 415 453 422 446 419 450 415 1325 416 1324 417 451 414 456 419 450 415 454 421 447 418 452 423 446 419 450 415 453 423 450 415 451 424 1315 416 453 422 447 418 452 424 447 418 450 415 1323 418 1321 420 1319 422 1318 423 1317 424 1316 414 453 422,444 456 419 450 415 455 420 448 417 455 420 25402 3491 1755 424 1315 415 455 420 449 416 458 417 1313 417 453 422 447 418 452 423 444 421 1320 421 447 418 1321 420 1319 422 448 417 1322 419 1320 421 1318 423 1315 415 1332 419 442 423 448 417 1320 421 448 417 454 422 445 420 450 415 461 414 450 415 455 420 446 419 452 423 446 419 451 424 444 421 447 418 454 421 445 420 449 416 454 422 447 418 1322 419 449 416 454 421 447 418 451 414 1325 416 453 422 447 418 453 422 446 419 453 422 445 420 448 417 453 422 1315 415 1324 417 453 422 447 418 450 415 454 422 448 417 454 421 446 419 451 424 1314 416 1326 415 1321 420 1318 423 446 419 1321 420 449 416 1322 419 1323 418 1320 421 1317 424 1318 423 445 420 449 416 452 423 449 416 452 423 444 421 449 416 459 416 446 419 458 417 448 417 456 420 443 422 447 418 452 423 445 420 450 415 452 424 447 418 452 423 446 419 449 416 460 415 448 417 452 423 445 420 450 415 455 420 449 416 452 423 445 420 451 414 454 421 449 416 455 420 446 419 451 414 454 422 449 416 452 424 445 420 451 424 443 422 448 417 1323 418 451 424 1315 415 453 422 446 419 450 415 1325 416 1324 417 451 414 456 419 450 415 454 421 447 418 452 423 446 419 450 415 453 423 450 415 451 424 1315 416 453 422 447 418 452 424 447 418 450 415 1323 418 1321 420 1319 422 1318 423 1317 424 1316 414 453 422,475 422 411 458 412 458 358 510 413 459 380 25452 3462 1803 359 1378 425 417 359 511 442 446 362 1380 419 425 383 485 410 460 406 461 381 1380 435 428 362 1406 424 1313 424 412 416 1353 424 1312 424 1313 419 1317 425 1312 380 461 380 491 438 1323 333 512 439 432 404 463 379 507 390 477 388 481 362 506 415 453 388 481 415 453 415 453 416 453 415 453 415 453 416 452 416 453 415 453 416 453 415 1352 425 412 416 453 414 455 415 453 415 1353 423 418 359 510 411 459 382 486 386 503 410 440 379 490 383 503 410 1331 332 1431 379 457 416 452 416 456 360 505 416 453 415 453 416 452 416 452 416 1353 425 1312 424 1312 422 1315 359 481 410 1355 332 512 448 1312 333 1431 409 1327 425 1312 425 1311 425 412 416 452 415 453 416 453 416 452 414 454 416 453 415 459 443 419 416 462 409 456 413 459 379 484 360 510 411 459 380 488 357 513 445 421 406 465 379 506 416 453 386 482 340 528 415 454 386 482 415 453 415 454 387 481 415 453 415 454 414 453 416 453 415 453 415 453 416 453 415 453 416 452 416 453 415 453 416 452 365 504 415 456 381 487 362 508 412 1352 387 457 406 1355 386 461 404 464 379 489 410 1374 378 1359 427 410 363 505 416 453 415 453 415 453 416 452 416 453 416 452 415 454 415 454 415 452 414 1354 429 409 387 482 414 457 404 467 411 457 441 1320 387 1350 356 1380 411 1351 431 1305 432 1304 432 408 415,402 467 402 467 402 467 402 467 402 467 402 25465 3449 1816 402 1364 402 467 402 467 402 467 402 1364 402 467 402 467 402 467 402 467 402 1364 402 467 402 1364 402 1364 402 467 402 1364 402 1364 402 1364 402 1364 402 1364 402 467 402 467 402 1364 402 467 402 467 402 467 402 467 402 467 402 467 402 467 402 467 402 467 402 467 402 467 402 467 402 467 402 467 402 467 402 467 402 467 402 467 402 1364 402 467 402 467 402 467 402 467 402 1364 402 467 402 467 402 467 402 467 402 467 402 467 402 467 402 467 402 1364 402 1364 402 467 402 467 402 467 402 467 402 467 402 467 402 467 402 467 402 1364 402 1364 402 1364 402 1364 402 467 402 1364 402 467 402 1364 402 1364 402 1364 402 1364 402 1364 402 467 402 467 402 467 402 467 402 467 402 467 402 467 402 467 402 467 402 467 402 467 402 467 402 467 402 467 402 467 402 467 402 467 402 467 402 467 402 467 402 467 402 467 402 467 402 467 402 467 402 467 402 467 402 467 402 467 402 467 402 467 402 467 402 467 402 467 402 467 402 467 402 467 402 467 402 467 402 467 402 467 402 467 402 467 402 467 402 1364 402 467 402 1364 402 467 402 467 402 467 402 1364 402 1364 402 467 402 467 402 467 402 467 402 467 402 467 402 467 402 467 402 467 402 467 402 467 402 1364 402 467 402 467 402 467 402 467 402 467 402 1364 402 1364 402 1364 402 1364 402 1364 402 1364 402 467 402
Daikin_ARC480A53.ir,DRY,DAIKIN152 98 bits 11da27000021c000af0f0000000000c500087e,2,True,learned fidelity_check (319 timings),DAIKIN152 98 bits 11da27000021c000af0f0000000000c500087e,True,8.8,-9.7,53,444 456 419 450 415 455 420 448 417 455 420 25402 3491 1755 424 1315 415 455 420 449 416 458 417 1313 417 453 422 447 418 452 423 444 421 1320 421 447 418 1321 420 1319 422 448 417 1322 419 1320 421 1318 423 1315 415 1332 419 442 423 448 417 1320 421 448 417 454 422 445 420 450 415 461 414 450 415 455 420 446 419 452 423 446 419 451 424 444 421 447 418 454 421 445 420 449 416 454 422 447 418 1322 419 449 416 454 421 447 418 451 414 1325 416 453 422 447 418 453 422 446 419 453 422 445 420 448 417 453 422 1315 415 1324 417 453 422 447 418 450 415 454 422 448 417 454 421 446 419 451 424 1314 416 1326 415 1321 420 1318 423 446 419 1321 420 449 416 1322 419 1323 418 1320 421 1317 424 1318 423 445 420 449 416 452 423 449 416 452 423 444 421 449 416 459 416 446 419 458 417 448 417 456 420 443 422 447 418 452 423 445 420 450 415 452 424 447 418 452 423 446 419 449 416 460 415 448 417 452 423 445 420 450 415 455 420 449 416 452 423 445 420 451 414 454 421 449 416 455 420 446 419 451 414 454 422 449 416 452 424 445 420 451 424 443 422 448 417 1323 418 451 424 1315 415 453 422 446 419 450 415 1325 416 1324 417 451 414 456 419 450 415 454 421 447 418 452 423 446 419 450 415 453 423 450 415 451 424 1315 416 453 422 447 418 452 424 447 418 450 415 1323 418 1321 420 1319 422 1318 423 1317 424 1316 414 453 422,402 467 402 467 402 467 402 467 402 467 402 25465 3449 1816 402 1364 402 467 402 467 402 467 402 1364 402 467 402 467 402 467 402 467 402 1364 402 467 402 1364 402 1364 402 467 402 1364 402 1364 402 1364 402 1364 402 1364 402 467 402 467 402 1364 402 467 402 467 402 467 402 467 402 467 402 467 402 467 402 467 402 467 402 467 402 467 402 467 402 467 402 467 402 467 402 467 402 467 402 467 402 1364 402 467 402 467 402 467 402 467 402 1364 402 467 402 467 402 467 402 467 402 467 402 467 402 467 402 467 402 1364 402 1364 402 467 402 467 402 467 402 467 402 467 402 467 402 467 402 467 402 1364 402 1364 402 1364 402 1364 402 467 402 1364 402 467 402 1364 402 1364 402 1364 402 1364 402 1364 402 467 402 467 402 467 402 467 402 467 402 467 402 467 402 467 402 467 402 467 402 467 402 467 402 467 402 467 402 467 402 467 402 467 402 467 402 467 402 467 402 467 402 467 402 467 402 467 402 467 402 467 402 467 402 467 402 467 402 467 402 467 402 467 402 467 402 467 402 467 402 467 402 467 402 467 402 467 402 467 402 467 402 467 402 467 402 467 402 1364 402 467 402 1364 402 467 402 467 402 467 402 1364 402 1364 402 467 402 467 402 467 402 467 402 467 402 467 402 467 402 467 402 467 402 467 402 467 402 1364 402 467 402 467 402 467 402 467 402 467 402 1364 402 1364 402 1364 402 1364 402 1364 402 1364 402 467 402,388 478 421 447 394 475 391 477 366 503 362 25505 3441 1851 383 1380 423 420 478 392 479 389 479 1308 423 440 460 408 460 408 461 407 461 1334 387 450 460 1335 357 1406 305 531 365 1430 353 1410 415 1348 423 1340 423 1366 387 449 461 408 460 1335 386 450 460 408 459 409 455 414 431 437 427 441 423 446 395 473 392 477 366 501 365 504 337 531 362 508 361 508 360 508 361 509 383 486 383 486 408 1382 423 422 478 391 477 392 477 392 476 1334 386 451 460 408 460 409 460 408 459 409 460 408 461 408 460 408 460 1335 342 1421 306 530 355 514 362 506 362 507 362 508 360 509 360 509 383 486 384 1406 424 1339 424 1366 386 1377 386 450 460 1334 361 476 432 1363 306 1457 352 1411 384 1378 425 1339 423 424 475 410 458 410 459 409 459 408 461 408 460 408 461 408 459 409 460 408 460 408 460 409 460 408 460 408 459 410 433 435 432 436 429 439 425 444 419 449 393 476 381 487 365 503 363 506 362 506 362 507 362 508 360 509 359 509 384 485 384 486 409 459 440 430 444 424 451 418 479 390 478 391 479 391 476 393 475 410 459 409 459 409 460 408 459 409 460 1335 361 475 461 1334 358 479 429 439 426 442 422 1373 326 1437 380 460 384 485 383 486 408 461 412 457 443 426 447 422 476 393 477 392 476 393 476 393 475 1310 423 439 459 409 460 409 458 410 460 408 459 1335 358 1405 308 1455 351 1413 381 1382 424 1339 426 420 453,411 449 411 449 411 449 411 449 411 449 411 25518 3428 1864 411 1379 411 449 411 449 411 449 411 1379 411 449 411 449 411 449 411 449 411 1379 411 449 411 1379 411 1379 411 449 411 1379 411 1379 411 1379 411 1379 411 1379 411 449 411 449 411 1379 411 449 411 449 411 449 411 449 411 449 411 449 411 449 411 449 411 449 411 449 411 449 411 449 411 449 411 449 411 449 411 449 411 449 411 449 411 1379 411 449 411 449 411 449 411 449 411 1379 411 449 411 449 411 449 411 449 411 449 411 449 411 449 411 449 411 1379 411 1379 411 449 411 449 411 449 411 449 411 449 411 449 411 449 411 449 411 1379 411 1379 411 1379 411 1379 411 449 411 1379 411 449 411 1379 411 1379 411 1379 411 1379 411 1379 411 449 411 449 411 449 411 449 411 449 411 449 411 449 411 449 411 449 411 449 411 449 411 449 411 449 411 449 411 449 411 449 411 449 411 449 411 449 411 449 411 449 411 449 411 449 411 449 411 449 411 449 411 449 411 449 411 449 411 449 411 449 411 449 411 449 411 449 411 449 411 449 411 449 411 449 411 449 411 449 411 449 411 449 411 449 411 449 411 1379 411 449 411 1379 411 449 411 449 411 449 411 1379 411 1379 411 449 411 449 411 449 411 449 411 449 411 449 411 449 411 449 411 449 411 449 411 449 411 1379 411 449 411 449 411 449 411 449 411 449 411 1379 411 1379 411 1379 411 1379 411 1379 411 1379 411 449 411
Daikin_FTE35KV1.ir,POWER,DAIKIN160 0 bits 11da27f00d000f11da2700d3304100001804087a,1,True,learned fidelity_check (327 timings),DAIKIN160 0 bits 11da27f00d000f11da2700d3304100001804087a,True,-7.9,6.2,352,5041 2133 360 1770 356 693 364 685 362 689 358 1772 364 686 361 689 358 692 365 684 363 1768 358 692 365 1767 359 1771 355 694 363 1769 357 1773 363 1768 358 1772 364 1767 359 689 358 692 365 1765 361 689 358 692 365 685 362 688 359 691 366 684 363 1767 359 1773 363 1768 358 1772 364 1767 359 689 358 1774 362 1769 357 691 366 684 363 687 360 690 357 693 364 685 362 689 358 691 366 684 363 687 360 690 357 693 364 1766 360 1773 363 1767 359 1771 355 694 363 687 360 690 357 693 364 29443 5038 2134 359 1774 362 686 361 689 358 692 365 1765 361 689 358 692 365 685 362 688 359 1771 365 685 362 1769 357 1775 361 687 360 1772 364 1767 359 1771 355 1776 360 1770 356 693 364 686 361 1799 327 693 364 686 361 689 358 692 365 685 362 688 359 691 356 694 363 686 361 689 358 1773 363 1769 357 691 366 684 363 1798 328 692 365 1767 359 1771 355 694 363 686 361 689 358 692 365 1765 361 1772 364 684 363 687 360 1801 335 684 363 687 360 690 357 693 364 686 361 1769 357 694 363 686 361 689 358 692 365 685 362 688 359 691 356 694 363 687 360 690 357 693 365 685 362 688 359 691 367 684 363 687 360 690 357 693 365 685 362 688 359 1772 364 1768 358 690 357 693 364 686 361 689 358 692 365 1765 361 689 358 692 365 685 362 688 359 691 356 694 363 687 360 689 358 1773 363 687 360 690 357 693 364 685 362 688 359 1772 364 686 361 1769 357 1776 360 1770 356 1775 361 687 360,5041 2133 360 1770 356 693 364 685 362 689 358 1772 364 686 361 689 358 692 365 684 363 1768 358 692 365 1767 359 1771 355 694 363 1769 357 1773 363 1768 358 1772 364 1767 359 689 358 692 365 1765 361 689 358 692 365 685 362 688 359 691 366 684 363 1767 359 1773 363 1768 358 1772 364 1767 359 689 358 1774 362 1769 357 691 366 684 363 687 360 690 357 693 364 685 362 689 358 691 366 684 363 687 360 690 357 693 364 1766 360 1773 363 1767 359 1771 355 694 363 687 360 690 357 693 364 29443 5038 2134 359 1774 362 686 361 689 358 692 365 1765 361 689 358 692 365 685 362 688 359 1771 365 685 362 1769 357 1775 361 687 360 1772 364 1767 359 1771 355 1776 360 1770 356 693 364 686 361 1799 327 693 364 686 361 689 358 692 365 685 362 688 359 691 356 694 363 686 361 689 358 1773 363 1769 357 691 366 684 363 1798 328 692 365 1767 359 1771 355 694 363 686 361 689 358 692 365 1765 361 1772 364 684 363 687 360 1801 335 684 363 687 360 690 357 693 364 686 361 1769 357 694 363 686 361 689 358 692 365 685 362 688 359 691 356 694 363 687 360 690 357 693 365 685 362 688 359 691 367 684 363 687 360 690 357 693 365 685 362 688 359 1772 364 1768 358 690 357 693 364 686 361 689 358 692 365 1765 361 689 358 692 365 685 362 688 359 691 356 694 363 687 360 689 358 1773 363 687 360 690 357 693 364 685 362 688 359 1772 364 686 361 1769 357 1776 360 1770 356 1775 361 687 360,5014 2171 374 1759 370 656 379 670 361 690 362 1801 371 649 363 690 334 718 363 690 310 1853 253 768 310 1827 333 1798 371 658 394 1761 371 1760 365 1766 371 1761 367 1764 372 649 362 690 362 1801 373 648 334 718 364 689 310 742 357 697 308 726 391 1763 373 1758 365 1767 372 1759 368 1763 374 649 361 1800 398 1733 398 623 364 689 363 689 310 743 340 712 310 726 386 666 425 623 357 693 361 689 364 689 361 691 363 1800 368 1763 402 1730 362 1769 272 749 311 742 339 698 423 627 387 29421 5077 2133 325 1808 401 619 285 769 374 660 328 1824 376 654 421 629 361 687 365 687 366 1795 404 618 366 1796 333 1799 403 619 308 1853 403 1743 311 1806 256 1875 300 1832 279 743 284 751 397 1781 307 696 390 659 389 660 366 687 364 688 393 660 309 743 340 714 307 746 372 661 426 1727 373 1758 404 624 390 659 393 1793 307 689 394 1768 403 1728 362 661 393 658 334 720 313 739 309 1826 367 1764 307 724 393 656 394 1787 306 695 390 660 393 660 360 692 392 661 357 1803 256 767 333 719 342 695 422 627 365 685 391 660 394 656 393 660 396 655 365 688 286 768 364 687 285 769 351 683 329 722 370 682 398 651 396 656 395 656 397 657 358 1799 380 1752 358 667 283 772 352 696 368 687 379 654 388 1741 399 653 394 654 397 657 397 684 359 664 282 799 332 692 283 768 379 1753 339 715 377 677 378 647 392 688 374 648 369 1764 406 675 371 1731 331 1801 365 1766 330 1801 362 720 259,5064 1782 352 1782 352 700 352 700 352 700 352 1782 352 700 352 700 352 700 352 700 352 1782 352 700 352 1782 352 1782 352 700 352 1782 352 1782 352 1782 352 1782 352 1782 352 700 352 700 352 1782 352 700 352 700 352 700 352 700 352 700 352 700 352 1782 352 1782 352 1782 352 1782 352 1782 352 700 352 1782 352 1782 352 700 352 700 352 700 352 700 352 700 352 700 352 700 352 700 352 700 352 700 352 700 352 700 352 1782 352 1782 352 1782 352 1782 352 700 352 700 352 700 352 700 352 29434 5064 1782 352 1782 352 700 352 700 352 700 352 1782 352 700 352 700 352 700 352 700 352 1782 352 700 352 1782 352 1782 352 700 352 1782 352 1782 352 1782 352 1782 352 1782 352 700 352 700 352 1782 352 700 352 700 352 700 352 700 352 700 352 700 352 700 352 700 352 700 352 700 352 1782 352 1782 352 700 352 700 352 1782 352 700 352 1782 352 1782 352 700 352 700 352 700 352 700 352 1782 352 1782 352 700 352 700 352 1782 352 700 352 700 352 700 352 700 352 700 352 1782 352 700 352 700 352 700 352 700 352 700 352 700 352 700 352 700 352 700 352 700 352 700 352 700 352 700 352 700 352 700 352 700 352 700 352 700 352 700 352 700 352 1782 352 1782 352 700 352 700 352 700 352 700 352 700 352 1782 352 700 352 700 352 700 352 700 352 700 352 700 352 700 352 700 352 1782 352 700 352 700 352 700 352 700 352 700 352 1782 352 700 352 1782 352 1782 352 1782 352 1782 352 700 352
Daikin_FTE35KV1.ir,POWER,DAIKIN160 0 bits 11da27f00d000f11da2700d3304100001804087a,2,True,learned fidelity_check (327 timings),DAIKIN160 0 bits 11da27f00d000f11da2700d3304100001804087a,True,0.0,7.4,59,5041 2133 360 1770 356 693 364 685 362 689 358 1772 364 686 361 689 358 692 365 684 363 1768 358 692 365 1767 359 1771 355 694 363 1769 357 1773 363 1768 358 1772 364 1767 359 689 358 692 365 1765 361 689 358 692 365 685 362 688 359 691 366 684 363 1767 359 1773 363 1768 358 1772 364 1767 359 689 358 1774 362 1769 357 691 366 684 363 687 360 690 357 693 364 685 362 689 358 691 366 684 363 687 360 690 357 693 364 1766 360 1773 363 1767 359 1771 355 694 363 687 360 690 357 693 364 29443 5038 2134 359 1774 362 686 361 689 358 692 365 1765 361 689 358 692 365 685 362 688 359 1771 365 685 362 1769 357 1775 361 687 360 1772 364 1767 359 1771 355 1776 360 1770 356 693 364 686 361 1799 327 693 364 686 361 689 358 692 365 685 362 688 359 691 356 694 363 686 361 689 358 1773 363 1769 357 691 366 684 363 1798 328 692 365 1767 359 1771 355 694 363 686 361 689 358 692 365 1765 361 1772 364 684 363 687 360 1801 335 684 363 687 360 690 357 693 364 686 361 1769 357 694 363 686 361 689 358 692 365 685 362 688 359 691 356 694 363 687 360 690 357 693 365 685 362 688 359 691 367 684 363 687 360 690 357 693 365 685 362 688 359 1772 364 1768 358 690 357 693 364 686 361 689 358 692 365 1765 361 689 358 692 365 685 362 688 359 691 356 694 363 687 360 689 358 1773 363 687 360 690 357 693 364 685 362 688 359 1772 364 686 361 1769 357 1776 360 1770 356 1775 361 687 360,5064 1782 352 1782 352 700 352 700 352 700 352 1782 352 700 352 700 352 700 352 700 352 1782 352 700 352 1782 352 1782 352 700 352 1782 352 1782 352 1782 352 1782 352 1782 352 700 352 700 352 1782 352 700 352 700 352 700 352 700 352 700 352 700 352 1782 352 1782 352 1782 352 1782 352 1782 352 700 352 1782 352 1782 352 700 352 700 352 700 352 700 352 700 352 700 352 700 352 700 352 700 352 700 352 700 352 700 352 1782 352 1782 352 1782 352 1782 352 700 352 700 352 700 352 700 352 29434 5064 1782 352 1782 352 700 352 700 352 700 352 1782 352 700 352 700 352 700 352 700 352 1782 352 700 352 1782 352 1782 352 700 352 1782 352 1782 352 1782 352 1782 352 1782 352 700 352 700 352 1782 352 700 352 700 352 700 352 700 352 700 352 700 352 700 352 700 352 700 352 700 352 1782 352 1782 352 700 352 700 352 1782 352 700 352 1782 352 1782 352 700 352 700 352 700 352 700 352 1782 352 1782 352 700 352 700 352 1782 352 700 352 700 352 700 352 700 352 700 352 1782 352 700 352 700 352 700 352 700 352 700 352 700 352 700 352 700 352 700 352 700 352 700 352 700 352 700 352 700 352 700 352 700 352 700 352 700 352 700 352 700 352 1782 352 1782 352 700 352 700 352 700 352 700 352 700 352 1782 352 700 352 700 352 700 352 700 352 700 352 700 352 700 352 700 352 1782 352 700 352 700 352 700 352 700 352 700 352 1782 352 700 352 1782 352 1782 352 1782 352 1782 352 700 352,5078 1792 306 1826 254 767 340 712 366 687 370 1793 274 747 313 739 338 715 340 712 342 1821 275 746 311 1852 301 1831 360 662 333 1829 370 1761 371 1760 371 1761 370 1787 334 687 407 645 408 1755 334 687 408 644 409 644 408 644 408 645 408 644 408 1755 334 1798 304 1828 252 1879 299 1832 329 692 310 1853 367 1764 371 654 387 666 361 690 361 691 360 692 359 694 357 694 334 718 334 718 334 718 334 719 310 742 310 1853 364 1767 372 1759 373 1759 373 657 425 627 425 627 426 627 425 29362 5063 1798 405 1755 307 713 408 645 408 645 407 1755 306 716 405 647 408 644 407 646 408 1755 304 717 405 1757 255 1877 273 748 313 1849 324 1808 362 1769 400 1731 402 1729 402 628 426 626 426 1729 401 631 423 629 423 629 424 628 425 626 426 626 426 626 424 629 397 655 392 660 390 1765 404 1728 403 646 406 629 423 1729 403 646 406 1756 305 1826 304 718 380 672 384 668 404 650 401 1760 279 1852 256 766 341 711 344 1819 297 724 312 741 313 739 339 714 340 713 342 1819 299 723 311 741 313 740 314 739 340 712 340 713 341 710 371 682 370 683 371 681 378 675 378 675 376 676 378 675 375 678 374 678 405 649 371 681 372 679 374 680 405 1756 305 1825 280 744 342 711 341 711 369 685 367 685 369 1790 279 746 339 713 341 711 342 712 365 688 364 686 367 688 365 687 365 1793 306 720 338 743 310 715 365 687 342 739 309 1819 306 723 333 1823 256 1876 273 1858 327 1806 362 662 358,5065 1806 352 1806 352 700 352 700 352 700 352 1806 352 700 352 700 352 700 352 700 352 1806 352 700 352 1806 352 1806 352 700 352 1806 352 1806 352 1806 352 1806 352 1806 352 700 352 700 352 1806 352 700 352 700 352 700 352 700 352 700 352 700 352 1806 352 1806 352 1806 352 1806 352 1806 352 700 352 1806 352 1806 352 700 352 700 352 700 352 700 352 700 352 700 352 700 352 700 352 700 352 700 352 700 352 700 352 1806 352 1806 352 1806 352 1806 352 700 352 700 352 700 352 700 352 29375 5065 1806 352 1806 352 700 352 700 352 700 352 1806 352 700 352 700 352 700 352 700 352 1806 352 700 352 1806 352 1806 352 700 352 1806 352 1806 352 1806 352 1806 352 1806 352 700 352 700 352 1806 352 700 352 700 352 700 352 700 352 700 352 700 352 700 352 700 352 700 352 700 352 1806 352 1806 352 700 352 700 352 1806 352 700 352 1806 352 1806 352 700 352 700 352 700 352 700 352 1806 352 1806 352 700 352 700 352 1806 352 700 352 700 352 700 352 700 352 700 352 1806 352 700 352 700 352 700 352 700 352 700 352 700 352 700 352 700 352 700 352 700 352 700 352 700 352 700 352 700 352 700 352 700 352 700 352 700 352 700 352 700 352 1806 352 1806 352 700 352 700 352 700 352 700 352 700 352 1806 352 700 352 700 352 700 352 700 352 700 352 700 352 700 352 700 352 1806 352 700 352 700 352 700 352 700 352 700 352 1806 352 700 352 1806 352 1806 352 1806 352 1806 352 700 352
Daikin_FTE35KV1.ir,MODE,DAIKIN160 0 bits 11da27f00d000f11da2700d360410000180408aa,1,True,learned fidelity_check (327 timings),DAIKIN160 0 bits 11da27f00d000f11da2700d360410000180408aa,True,-9.8,17.6,322,5039 2133 360 1773 363 685 362 688 359 691 356 1776 361 688 359 691 356 694 364 687 360 1772 364 684 363 1769 357 1773 363 685 362 1771 355 1775 361 1770 356 1774 362 1769 357 691 366 684 363 1769 357 692 365 684 363 687 360 690 357 693 364 686 361 1771 355 1776 360 1770 356 1775 361 1769 357 692 366 1766 360 1771 355 693 365 686 361 689 358 692 365 685 362 688 359 691 356 694 363 686 361 689 358 692 365 685 362 1770 356 1774 362 1769 357 1773 363 685 362 688 359 691 366 684 363 29445 5038 2134 359 1773 363 685 362 689 358 692 365 1766 360 689 358 692 365 684 363 687 360 1772 364 684 363 1770 356 1774 363 686 361 1772 354 1776 360 1770 356 1775 361 1769 357 692 365 685 362 1770 356 692 365 685 362 688 359 691 356 694 363 687 360 690 357 693 364 685 362 688 359 1773 363 1767 359 690 357 693 365 1768 358 690 357 1775 361 1769 357 692 365 685 362 688 359 691 356 694 364 1768 358 1773 363 685 362 1770 356 693 364 686 361 689 358 691 366 684 363 1769 357 692 365 684 363 687 360 690 357 693 364 686 361 689 358 692 365 684 363 687 360 690 357 693 364 686 361 689 358 692 365 685 362 688 359 691 356 694 363 686 361 1771 355 1776 360 688 359 691 367 684 363 687 360 690 357 1775 362 687 360 690 357 693 365 686 361 689 358 691 367 684 363 687 360 1772 364 684 363 687 360 690 357 693 365 686 361 1771 355 693 365 1768 358 690 357 1776 361 688 359 1773 363,5039 2133 360 1773 363 685 362 688 359 691 356 1776 361 688 359 691 356 694 364 687 360 1772 364 684 363 1769 357 1773 363 685 362 1771 355 1775 361 1770 356 1774 362 1769 357 691 366 684 363 1769 357 692 365 684 363 687 360 690 357 693 364 686 361 1771 355 1776 360 1770 356 1775 361 1769 357 692 366 1766 360 1771 355 693 365 686 361 689 358 692 365 685 362 688 359 691 356 694 363 686 361 689 358 692 365 685 362 1770 356 1774 362 1769 357 1773 363 685 362 688 359 691 366 684 363 29445 5038 2134 359 1773 363 685 362 689 358 692 365 1766 360 689 358 692 365 684 363 687 360 1772 364 684 363 1770 356 1774 363 686 361 1772 354 1776 360 1770 356 1775 361 1769 357 692 365 685 362 1770 356 692 365 685 362 688 359 691 356 694 363 687 360 690 357 693 364 685 362 688 359 1773 363 1767 359 690 357 693 365 1768 358 690 357 1775 361 1769 357 692 365 685 362 688 359 691 356 694 364 1768 358 1773 363 685 362 1770 356 693 364 686 361 689 358 691 366 684 363 1769 357 692 365 684 363 687 360 690 357 693 364 686 361 689 358 692 365 684 363 687 360 690 357 693 364 686 361 689 358 692 365 685 362 688 359 691 356 694 363 686 361 1771 355 1776 360 688 359 691 367 684 363 687 360 690 357 1775 362 687 360 690 357 693 365 686 361 689 358 691 367 684 363 687 360 1772 364 684 363 687 360 690 357 693 365 686 361 1771 355 693 365 1768 358 690 357 1776 361 688 359 1773 363,5107 2098 402 1730 371 650 361 691 310 743 402 1761 298 723 380 654 425 625 387 665 385 1773 367 654 363 1800 371 1760 372 649 362 1801 329 1802 371 1761 326 1805 370 1761 324 697 363 689 310 1853 280 742 309 723 397 654 386 663 361 690 363 689 363 1800 332 1800 371 1760 328 1803 372 1760 326 694 363 1800 328 1804 253 767 311 742 340 696 424 626 359 690 361 689 362 689 363 689 363 690 360 693 310 742 335 718 312 1824 369 1763 279 1852 371 1760 307 720 388 661 360 690 363 689 363 29452 4967 2218 404 1728 335 692 386 664 360 691 362 1800 397 624 362 690 363 690 360 693 309 1853 362 660 311 1824 370 1761 280 749 418 1737 399 1733 374 1756 399 1733 400 1731 400 623 361 690 363 1799 401 621 363 689 363 690 310 742 377 676 310 726 397 652 423 627 360 689 363 689 363 1799 402 1729 402 620 310 742 364 1799 329 692 343 1820 326 1805 255 767 310 725 393 656 392 658 360 691 361 1799 403 1728 403 619 363 1799 371 651 363 690 334 718 314 739 309 726 358 1795 403 626 362 686 360 690 363 689 363 689 363 690 360 693 284 768 335 718 312 722 424 627 395 655 389 660 363 688 365 688 365 688 364 689 307 745 370 682 285 751 395 1757 403 1728 375 653 394 657 363 687 366 685 392 661 359 1802 403 620 359 693 285 767 360 693 313 741 405 628 332 718 395 656 396 1762 402 621 396 657 395 657 331 722 397 657 330 1827 257 766 310 1851 256 769 381 1750 341 713 379 1752 344,5094 1812 350 1812 350 702 350 702 350 702 350 1812 350 702 350 702 350 702 350 702 350 1812 350 702 350 1812 350 1812 350 702 350 1812 350 1812 350 1812 350 1812 350 1812 350 702 350 702 350 1812 350 702 350 702 350 702 350 702 350 702 350 702 350 1812 350 1812 350 1812 350 1812 350 1812 350 702 350 1812 350 1812 350 702 350 702 350 702 350 702 350 702 350 702 350 702 350 702 350 702 350 702 350 702 350 702 350 1812 350 1812 350 1812 350 1812 350 702 350 702 350 702 350 702 350 29465 5094 1812 350 1812 350 702 350 702 350 702 350 1812 350 702 350 702 350 702 350 702 350 1812 350 702 350 1812 350 1812 350 702 350 1812 350 1812 350 1812 350 1812 350 1812 350 702 350 702 350 1812 350 702 350 702 350 702 350 702 350 702 350 702 350 702 350 702 350 702 350 702 350 1812 350 1812 350 702 350 702 350 1812 350 702 350 1812 350 1812 350 702 350 702 350 702 350 702 350 702 350 1812 350 1812 350 702 350 1812 350 702 350 702 350 702 350 702 350 702 350 1812 350 702 350 702 350 702 350 702 350 702 350 702 350 702 350 702 350 702 350 702 350 702 350 702 350 702 350 702 350 702 350 702 350 702 350 702 350 702 350 702 350 1812 350 1812 350 702 350 702 350 702 350 702 350 702 350 1812 350 702 350 702 350 702 350 702 350 702 350 702 350 702 350 702 350 1812 350 702 350 702 350 702 350 702 350 702 350 1812 350 702 350 1812 350 702 350 1812 350 702 350 1812 350
Daikin_FTE35KV1.ir,MODE,DAIKIN160 0 bits 11da27f00d000f11da2700d360410000180408aa,2,True,learned fidelity_check (327 timings),DAIKIN160 0 bits 11da27f00d000f11da2700d360410000180408aa,True,18.4,-17.3,52,5039 2133 360 1773 363 685 362 688 359 691 356 1776 361 688 359 691 356 694 364 687 360 1772 364 684 363 1769 357 1773 363 685 362 1771 355 1775 361 1770 356 1774 362 1769 357 691 366 684 363 1769 357 692 365 684 363 687 360 690 357 693 364 686 361 1771 355 1776 360 1770 356 1775 361 1769 357 692 366 1766 360 1771 355 693 365 686 361 689 358 692 365 685 362 688 359 691 356 694 363 686 361 689 358 692 365 685 362 1770 356 1774 362 1769 357 1773 363 685 362 688 359 691 366 684 363 29445 5038 2134 359 1773 363 685 362 689 358 692 365 1766 360 689 358 692 365 684 363 687 360 1772 364 684 363 1770 356 1774 363 686 361 1772 354 1776 360 1770 356 1775 361 1769 357 692 365 685 362 1770 356 692 365 685 362 688 359 691 356 694 363 687 360 690 357 693 364 685 362 688 359 1773 363 1767 359 690 357 693 365 1768 358 690 357 1775 361 1769 357 692 365 685 362 688 359 691 356 694 364 1768 358 1773 363 685 362 1770 356 693 364 686 361 689 358 691 366 684 363 1769 357 692 365 684 363 687 360 690 357 693 364 686 361 689 358 692 365 684 363 687 360 690 357 693 364 686 361 689 358 692 365 685 362 688 359 691 356 694 363 686 361 1771 355 1776 360 688 359 691 367 684 363 687 360 690 357 1775 362 687 360 690 357 693 365 686 361 689 358 691 367 684 363 687 360 1772 364 684 363 687 360 690 357 693 365 686 361 1771 355 693 365 1768 358 690 357 1776 361 688 359 1773 363,5094 1812 350 1812 350 702 350 702 350 702 350 1812 350 702 350 702 350 702 350 702 350 1812 350 702 350 1812 350 1812 350 702 350 1812 350 1812 350 1812 350 1812 350 1812 350 702 350 702 350 1812 350 702 350 702 350 702 350 702 350 702 350 702 350 1812 350 1812 350 1812 350 1812 350 1812 350 702 350 1812 350 1812 350 702 350 702 350 702 350 702 350 702 350 702 350 702 350 702 350 702 350 702 350 702 350 702 350 1812 350 1812 350 1812 350 1812 350 702 350 702 350 702 350 702 350 29465 5094 1812 350 1812 350 702 350 702 350 702 350 1812 350 702 350 702 350 702 350 702 350 1812 350 702 350 1812 350 1812 350 702 350 1812 350 1812 350 1812 350 1812 350 1812 350 702 350 702 350 1812 350 702 350 702 350 702 350 702 350 702 350 702 350 702 350 702 350 702 350 702 350 1812 350 1812 350 702 350 702 350 1812 350 702 350 1812 350 1812 350 702 350 702 350 702 350 702 350 702 350 1812 350 1812 350 702 350 1812 350 702 350 702 350 702 350 702 350 702 350 1812 350 702 350 702 350 702 350 702 350 702 350 702 350 702 350 702 350 702 350 702 350 702 350 702 350 702 350 702 350 702 350 702 350 702 350 702 350 702 350 702 350 1812 350 1812 350 702 350 702 350 702 350 702 350 702 350 1812 350 702 350 702 350 702 350 702 350 702 350 702 350 702 350 702 350 1812 350 702 350 702 350 702 350 702 350 702 350 1812 350 702 350 1812 350 702 350 1812 350 702 350 1812 350,5043 1881 368 1789 370 659 426 626 426 626 427 1755 371 677 407 645 408 630 422 629 423 1782 334 687 408 1781 332 1826 254 767 366 1823 300 1858 367 1790 371 1813 333 1825 333 687 408 645 408 1781 280 741 377 678 377 673 403 650 405 647 407 645 408 1782 253 1904 301 1857 371 1787 372 1812 332 689 407 1782 307 1850 254 767 372 681 375 677 377 676 379 673 403 650 405 647 407 646 407 646 407 645 408 644 408 645 407 1782 279 1878 275 1883 361 1796 402 626 397 656 392 660 390 661 387 29431 5159 1782 279 1878 275 747 312 741 314 738 339 1850 328 693 310 743 309 742 311 743 287 1901 370 655 331 1854 403 1754 404 645 407 1782 305 1851 281 1877 274 1884 360 1797 404 625 397 655 396 1785 404 628 424 629 424 628 425 627 425 627 426 626 425 627 426 626 395 656 396 657 387 1795 404 1780 307 716 403 649 407 1781 306 716 375 1813 255 1903 299 722 286 767 286 766 285 768 286 766 315 1874 329 1828 403 624 390 1793 404 627 425 627 425 628 425 627 426 625 398 1782 404 647 406 646 406 647 406 647 406 627 425 629 424 627 425 627 426 626 425 626 398 656 402 650 397 654 394 657 386 667 358 694 358 695 356 697 354 697 330 723 329 1855 403 1752 405 648 381 672 404 649 380 673 382 651 399 1776 382 671 381 671 381 672 380 673 380 672 381 672 380 673 380 672 380 1776 381 671 382 671 381 672 380 673 380 673 379 1779 335 747 309 1819 334 748 306 1822 284 797 279 1853 326,5146 1826 368 1826 368 670 368 670 368 670 368 1826 368 670 368 670 368 670 368 670 368 1826 368 670 368 1826 368 1826 368 670 368 1826 368 1826 368 1826 368 1826 368 1826 368 670 368 670 368 1826 368 670 368 670 368 670 368 670 368 670 368 670 368 1826 368 1826 368 1826 368 1826 368 1826 368 670 368 1826 368 1826 368 670 368 670 368 670 368 670 368 670 368 670 368 670 368 670 368 670 368 670 368 670 368 670 368 1826 368 1826 368 1826 368 1826 368 670 368 670 368 670 368 670 368 29444 5146 1826 368 1826 368 670 368 670 368 670 368 1826 368 670 368 670 368 670 368 670 368 1826 368 670 368 1826 368 1826 368 670 368 1826 368 1826 368 1826 368 1826 368 1826 368 670 368 670 368 1826 368 670 368 670 368 670 368 670 368 670 368 670 368 670 368 670 368 670 368 670 368 1826 368 1826 368 670 368 670 368 1826 368 670 368 1826 368 1826 368 670 368 670 368 670 368 670 368 670 368 1826 368 1826 368 670 368 1826 368 670 368 670 368 670 368 670 368 670 368 1826 368 670 368 670 368 670 368 670 368 670 368 670 368 670 368 670 368 670 368 670 368 670 368 670 368 670 368 670 368 670 368 670 368 670 368 670 368 670 368 670 368 1826 368 1826 368 670 368 670 368 670 368 670 368 670 368 1826 368 670 368 670 368 670 368 670 368 670 368 670 368 670 368 670 368 1826 368 670 368 670 368 670 368 670 368 670 368 1826 368 670 368 1826 368 670 368 1826 368 670 368 1826 368
Daikin_FTE35KV1.ir,SWING,DAIKIN160 0 bits 11da27f00d000f11da2700d361f100001804085b,1,True,learned fidelity_check (327 timings),DAIKIN160 0 bits 11da27f00d000f11da2700d361f100001804085b,True,-10.0,11.0,375,5035 2166 327 1776 360 688 359 691 356 694 364 1769 357 691 367 684 363 687 360 690 357 1775 362 687 360 1772 364 1766 360 689 358 1774 362 1768 358 1773 363 1767 359 1772 364 684 363 687 360 1772 364 684 363 687 360 690 357 693 365 686 361 689 358 1774 363 1768 358 1772 364 1767 359 1771 355 694 364 1769 357 1773 363 685 362 688 359 691 366 684 363 687 360 690 357 693 364 685 362 688 359 691 366 684 363 687 360 1772 364 1766 360 1771 355 1775 361 687 360 690 357 693 365 686 361 29447 5037 2136 357 1774 362 686 361 689 358 692 365 1767 359 689 358 692 366 685 362 687 360 1773 363 685 362 1770 356 1775 362 686 361 1772 364 1766 360 1771 355 1775 361 1770 356 692 365 685 362 1770 356 692 366 685 362 688 359 691 356 694 364 686 361 689 358 692 366 685 362 687 360 1773 363 1767 359 689 358 692 366 1767 359 690 357 1775 361 1769 357 1774 363 686 361 688 359 691 367 684 363 1769 357 1774 363 686 361 1771 355 693 365 686 361 689 358 1774 363 1768 358 1773 363 1767 359 689 358 692 365 685 362 688 359 691 356 694 363 686 361 689 358 692 365 685 362 688 359 691 356 694 364 686 361 689 358 693 364 685 362 688 359 691 356 1776 360 1770 356 693 365 685 362 688 359 691 367 684 363 1769 357 692 366 684 363 687 360 690 357 693 364 686 361 689 358 692 366 1766 360 689 358 692 365 685 362 688 359 1772 365 1767 359 689 358 1774 362 1768 358 691 356 1776 361 688 359,5035 2166 327 1776 360 688 359 691 356 694 364 1769 357 691 367 684 363 687 360 690 357 1775 362 687 360 1772 364 1766 360 689 358 1774 362 1768 358 1773 363 1767 359 1772 364 684 363 687 360 1772 364 684 363 687 360 690 357 693 365 686 361 689 358 1774 363 1768 358 1772 364 1767 359 1771 355 694 364 1769 357 1773 363 685 362 688 359 691 366 684 363 687 360 690 357 693 364 685 362 688 359 691 366 684 363 687 360 1772 364 1766 360 1771 355 1775 361 687 360 690 357 693 365 686 361 29447 5037 2136 357 1774 362 686 361 689 358 692 365 1767 359 689 358 692 366 685 362 687 360 1773 363 685 362 1770 356 1775 362 686 361 1772 364 1766 360 1771 355 1775 361 1770 356 692 365 685 362 1770 356 692 366 685 362 688 359 691 356 694 364 686 361 689 358 692 366 685 362 687 360 1773 363 1767 359 689 358 692 366 1767 359 690 357 1775 361 1769 357 1774 363 686 361 688 359 691 367 684 363 1769 357 1774 363 686 361 1771 355 693 365 686 361 689 358 1774 363 1768 358 1773 363 1767 359 689 358 692 365 685 362 688 359 691 356 694 363 686 361 689 358 692 365 685 362 688 359 691 356 694 364 686 361 689 358 693 364 685 362 688 359 691 356 1776 360 1770 356 693 365 685 362 688 359 691 367 684 363 1769 357 692 366 684 363 687 360 690 357 693 364 686 361 689 358 692 366 1766 360 689 358 692 365 685 362 688 359 1772 365 1767 359 689 358 1774 362 1768 358 691 356 1776 361 688 359,5089 2123 302 1804 372 649 335 717 314 739 335 1829 253 767 335 718 312 723 424 625 393 1764 369 656 359 1800 370 1761 372 649 364 1799 371 1760 372 1760 371 1760 372 1759 372 649 363 690 310 1853 366 655 285 750 420 630 426 625 358 693 359 690 362 1801 371 1760 371 1761 371 1760 371 1760 357 664 363 1800 357 1774 372 649 334 718 339 715 309 726 359 691 421 629 360 690 361 689 363 689 363 690 363 689 337 716 311 1852 358 1773 254 1878 308 1797 280 749 426 624 388 662 360 691 361 29448 5017 2175 331 1796 307 725 399 651 392 658 360 1799 398 623 363 689 363 690 363 690 334 1829 399 621 311 1852 255 1876 331 691 341 1821 327 1778 336 1795 400 1731 366 1765 402 626 359 691 359 1800 401 620 363 690 362 690 360 693 310 742 360 692 285 769 380 654 329 723 399 649 361 1798 401 1730 402 619 364 689 363 1800 402 619 334 1828 402 1729 357 1774 403 619 333 720 339 714 333 703 355 1796 404 1728 334 695 422 1733 402 623 361 689 362 689 363 1800 402 1728 403 1729 402 1729 403 619 310 742 364 689 309 744 373 664 422 626 395 654 361 689 365 686 365 688 364 688 335 719 313 738 335 718 338 699 423 628 360 688 390 660 392 659 366 1795 403 1728 403 620 392 661 392 660 307 746 394 659 306 1853 256 768 309 725 392 658 399 651 395 657 394 656 397 657 360 691 395 1765 370 656 282 770 358 693 338 716 380 1751 337 1794 381 652 398 1755 379 1731 398 651 395 1735 399 681 371,5076 1791 350 1791 350 702 350 702 350 702 350 1791 350 702 350 702 350 702 350 702 350 1791 350 702 350 1791 350 1791 350 702 350 1791 350 1791 350 1791 350 1791 350 1791 350 702 350 702 350 1791 350 702 350 702 350 702 350 702 350 702 350 702 350 1791 350 1791 350 1791 350 1791 350 1791 350 702 350 1791 350 1791 350 702 350 702 350 702 350 702 350 702 350 702 350 702 350 702 350 702 350 702 350 702 350 702 350 1791 350 1791 350 1791 350 1791 350 702 350 702 350 702 350 702 350 29461 5076 1791 350 1791 350 702 350 702 350 702 350 1791 350 702 350 702 350 702 350 702 350 1791 350 702 350 1791 350 1791 350 702 350 1791 350 1791 350 1791 350 1791 350 1791 350 702 350 702 350 1791 350 702 350 702 350 702 350 702 350 702 350 702 350 702 350 702 350 702 350 702 350 1791 350 1791 350 702 350 702 350 1791 350 702 350 1791 350 1791 350 1791 350 702 350 702 350 702 350 702 350 1791 350 1791 350 702 350 1791 350 702 350 702 350 702 350 1791 350 1791 350 1791 350 1791 350 702 350 702 350 702 350 702 350 702 350 702 350 702 350 702 350 702 350 702 350 702 350 702 350 702 350 702 350 702 350 702 350 702 350 702 350 702 350 1791 350 1791 350 702 350 702 350 702 350 702 350 702 350 1791 350 702 350 702 350 702 350 702 350 702 350 702 350 702 350 702 350 1791 350 702 350 702 350 702 350 702 350 1791 350 1791 350 702 350 1791 350 1791 350 702 350 1791 350 702 350
Daikin_FTE35KV1.ir,SWING,DAIKIN160 0 bits 11da27f00d000f11da2700d361f100001804085b,2,True,learned fidelity_check (327 timings),DAIKIN160 0 bits 11da27f00d000f11da2700d361f100001804085b,True,-6.7,8.9,60,5035 2166 327 1776 360 688 359 691 356 694 364 1769 357 691 367 684 363 687 360 690 357 1775 362 687 360 1772 364 1766 360 689 358 1774 362 1768 358 1773 363 1767 359 1772 364 684 363 687 360 1772 364 684 363 687 360 690 357 693 365 686 361 689 358 1774 363 1768 358 1772 364 1767 359 1771 355 694 364 1769 357 1773 363 685 362 688 359 691 366 684 363 687 360 690 357 693 364 685 362 688 359 691 366 684 363 687 360 1772 364 1766 360 1771 355 1775 361 687 360 690 357 693 365 686 361 29447 5037 2136 357 1774 362 686 361 689 358 692 365 1767 359 689 358 692 366 685 362 687 360 1773 363 685 362 1770 356 1775 362 686 361 1772 364 1766 360 1771 355 1775 361 1770 356 692 365 685 362 1770 356 692 366 685 362 688 359 691 356 694 364 686 361 689 358 692 366 685 362 687 360 1773 363 1767 359 689 358 692 366 1767 359 690 357 1775 361 1769 357 1774 363 686 361 688 359 691 367 684 363 1769 357 1774 363 686 361 1771 355 693 365 686 361 689 358 1774 363 1768 358 1773 363 1767 359 689 358 692 365 685 362 688 359 691 356 694 363 686 361 689 358 692 365 685 362 688 359 691 356 694 364 686 361 689 358 693 364 685 362 688 359 691 356 1776 360 1770 356 693 365 685 362 688 359 691 367 684 363 1769 357 692 366 684 363 687 360 690 357 693 364 686 361 689 358 692 366 1766 360 689 358 692 365 685 362 688 359 1772 365 1767 359 689 358 1774 362 1768 358 691 356 1776 361 688 359,5076 1791 350 1791 350 702 350 702 350 702 350 1791 350 702 350 702 350 702 350 702 350 1791 350 702 350 1791 350 1791 350 702 350 1791 350 1791 350 1791 350 1791 350 1791 350 702 350 702 350 1791 350 702 350 702 350 702 350 702 350 702 350 702 350 1791 350 1791 350 1791 350 1791 350 1791 350 702 350 1791 350 1791 350 702 350 702 350 702 350 702 350 702 350 702 350 702 350 702 350 702 350 702 350 702 350 702 350 1791 350 1791 350 1791 350 1791 350 702 350 702 350 702 350 702 350 29461 5076 1791 350 1791 350 702 350 702 350 702 350 1791 350 702 350 702 350 702 350 702 350 1791 350 702 350 1791 350 1791 350 702 350 1791 350 1791 350 1791 350 1791 350 1791 350 702 350 702 350 1791 350 702 350 702 350 702 350 702 350 702 350 702 350 702 350 702 350 702 350 702 350 1791 350 1791 350 702 350 702 350 1791 350 702 350 1791 350 1791 350 1791 350 702 350 702 350 702 350 702 350 1791 350 1791 350 702 350 1791 350 702 350 702 350 702 350 1791 350 1791 350 1791 350 1791 350 702 350 702 350 702 350 702 350 702 350 702 350 702 350 702 350 702 350 702 350 702 350 702 350 702 350 702 350 702 350 702 350 702 350 702 350 702 350 1791 350 1791 350 702 350 702 350 702 350 702 350 702 350 1791 350 702 350 702 350 702 350 702 350 702 350 702 350 702 350 702 350 1791 350 702 350 702 350 702 350 702 350 1791 350 1791 350 702 350 1791 350 1791 350 702 350 1791 350 702 350,5103 1793 253 1879 371 655 393 660 389 663 387 1796 334 688 407 645 408 644 408 645 407 1756 254 767 368 1795 371 1786 333 688 407 1756 273 1859 373 1784 333 1798 324 1808 371 660 424 627 425 1755 308 713 407 645 408 645 408 645 407 645 408 644 408 1755 299 1833 373 1784 308 1824 330 1801 373 675 407 1755 279 1852 371 654 356 696 333 720 332 719 332 721 308 743 309 743 310 742 310 742 310 743 310 743 290 762 311 1852 399 1758 308 1824 326 1805 399 633 423 629 423 629 424 627 425 29388 5016 1874 401 1756 306 716 407 644 408 645 408 1755 299 722 312 740 313 740 314 740 338 1823 404 624 391 1791 306 1826 299 722 310 1852 402 1757 305 1825 330 1801 403 1755 278 744 378 674 379 1783 366 659 331 721 331 721 308 744 308 743 309 744 309 743 309 743 290 763 285 767 312 1850 404 1754 306 716 406 647 372 1789 324 699 284 1877 403 1755 305 1825 360 664 308 744 309 744 308 743 310 1852 403 1755 304 718 374 1787 361 664 330 720 310 743 308 1852 405 1754 279 1852 370 1788 306 716 407 645 407 646 406 646 407 631 422 646 407 646 406 628 425 629 423 628 425 628 424 628 425 627 425 626 405 647 400 653 398 654 392 659 388 665 385 1797 307 1825 255 769 283 770 309 744 333 719 335 719 333 1825 373 654 360 693 358 694 355 698 353 697 331 722 329 724 328 723 329 1828 380 672 381 673 380 672 379 674 379 1751 336 1797 353 702 326 1827 379 1753 332 750 306 1799 355 697 354,5090 1810 343 1810 343 706 343 706 343 706 343 1810 343 706 343 706 343 706 343 706 343 1810 343 706 343 1810 343 1810 343 706 343 1810 343 1810 343 1810 343 1810 343 1810 343 706 343 706 343 1810 343 706 343 706 343 706 343 706 343 706 343 706 343 1810 343 1810 343 1810 343 1810 343 1810 343 706 343 1810 343 1810 343 706 343 706 343 706 343 706 343 706 343 706 343 706 343 706 343 706 343 706 343 706 343 706 343 1810 343 1810 343 1810 343 1810 343 706 343 706 343 706 343 706 343 29401 5090 1810 343 1810 343 706 343 706 343 706 343 1810 343 706 343 706 343 706 343 706 343 1810 343 706 343 1810 343 1810 343 706 343 1810 343 1810 343 1810 343 1810 343 1810 343 706 343 706 343 1810 343 706 343 706 343 706 343 706 343 706 343 706 343 706 343 706 343 706 343 706 343 1810 343 1810 343 706 343 706 343 1810 343 706 343 1810 343 1810 343 1810 343 706 343 706 343 706 343 706 343 1810 343 1810 343 706 343 1810 343 706 343 706 343 706 343 1810 343 1810 343 1810 343 1810 343 706 343 706 343 706 343 706 343 706 343 706 343 706 343 706 343 706 343 706 343 706 343 706 343 706 343 706 343 706 343 706 343 706 343 706 343 706 343 1810 343 1810 343 706 343 706 343 706 343 706 343 706 343 1810 343 706 343 706 343 706 343 706 343 706 343 706 343 706 343 706 343 1810 343 706 343 706 343 706 343 706 343 1810 343 1810 343 706 343 1810 343 1810 343 706 343 1810 343 706 343
Daikin_FTE35KV1.ir,TEMP-,DAIKIN160 0 bits 11da27f00d000f11da2700d331f1000016040829,1,True,learned fidelity_check (327 timings),DAIKIN160 0 bits 11da27f00d000f11da2700d331f1000016040829,True,-10.2,17.7,325,5044 2130 363 1768 358 690 357 693 364 686 361 1771 355 694 363 686 361 689 358 692 366 1767 359 689 358 1774 363 1768 358 691 356 1776 361 1770 356 1775 362 1769 357 1773 363 685 362 719 328 1774 362 686 361 689 358 692 365 684 363 687 360 690 357 1775 362 1769 357 1774 362 1768 358 1773 363 685 362 1770 356 1775 361 687 360 690 357 693 365 685 362 688 359 691 367 684 363 687 360 690 357 693 365 685 362 688 359 1773 363 1767 359 1772 364 1766 360 688 359 691 366 684 363 687 360 29448 5036 2135 358 1775 362 686 361 689 358 692 366 1767 359 689 358 692 366 685 362 688 359 1773 364 685 362 1770 356 1774 363 686 361 1772 354 1776 361 1770 356 1775 362 1769 357 692 366 684 363 1769 357 692 365 684 363 687 360 690 357 693 365 686 361 689 358 692 366 684 363 687 360 1772 365 1766 360 689 358 692 365 1766 360 689 358 1774 363 1768 358 1773 363 685 362 688 359 691 356 1776 361 1770 356 692 366 685 362 1770 356 692 365 685 362 688 359 1773 364 1767 359 1771 355 1776 361 688 359 691 356 694 364 686 361 689 358 692 366 685 362 688 359 691 356 694 364 686 361 689 358 692 366 684 363 687 360 690 357 693 365 1768 358 1772 365 684 363 1769 357 692 366 684 363 687 360 690 357 693 365 1768 358 690 357 693 365 686 361 689 358 691 367 684 363 687 360 690 357 1775 362 687 360 689 358 692 366 685 362 1770 356 692 366 685 362 1770 356 692 366 1767 359 690 357 693 365,5044 2130 363 1768 358 690 357 693 364 686 361 1771 355 694 363 686 361 689 358 692 366 1767 359 689 358 1774 363 1768 358 691 356 1776 361 1770 356 1775 362 1769 357 1773 363 685 362 719 328 1774 362 686 361 689 358 692 365 684 363 687 360 690 357 1775 362 1769 357 1774 362 1768 358 1773 363 685 362 1770 356 1775 361 687 360 690 357 693 365 685 362 688 359 691 367 684 363 687 360 690 357 693 365 685 362 688 359 1773 363 1767 359 1772 364 1766 360 688 359 691 366 684 363 687 360 29448 5036 2135 358 1775 362 686 361 689 358 692 366 1767 359 689 358 692 366 685 362 688 359 1773 364 685 362 1770 356 1774 363 686 361 1772 354 1776 361 1770 356 1775 362 1769 357 692 366 684 363 1769 357 692 365 684 363 687 360 690 357 693 365 686 361 689 358 692 366 684 363 687 360 1772 365 1766 360 689 358 692 365 1766 360 689 358 1774 363 1768 358 1773 363 685 362 688 359 691 356 1776 361 1770 356 692 366 685 362 1770 356 692 365 685 362 688 359 1773 364 1767 359 1771 355 1776 361 688 359 691 356 694 364 686 361 689 358 692 366 685 362 688 359 691 356 694 364 686 361 689 358 692 366 684 363 687 360 690 357 693 365 1768 358 1772 365 684 363 1769 357 692 366 684 363 687 360 690 357 693 365 1768 358 690 357 693 365 686 361 689 358 691 367 684 363 687 360 690 357 1775 362 687 360 689 358 692 366 685 362 1770 356 692 366 685 362 1770 356 692 366 1767 359 690 357 693 365,5078 2134 364 1769 253 768 407 627 358 692 395 1762 371 654 360 689 362 690 363 690 362 1801 371 649 310 1854 371 1760 300 720 372 1792 300 1831 278 1853 325 1806 254 1878 300 704 389 707 309 1801 361 664 360 690 361 689 363 690 363 689 336 717 314 1849 357 1775 253 1878 330 1801 253 1879 327 694 339 1797 370 1762 331 695 397 654 360 689 362 689 363 690 362 690 363 689 364 690 309 743 374 679 309 726 392 657 396 1761 365 1766 372 1760 367 1764 371 650 362 690 363 690 362 690 334 29481 5053 2132 404 1729 372 648 363 690 362 691 361 1801 372 649 311 742 362 690 310 743 378 1758 302 727 396 1759 373 1759 362 663 361 1797 373 1758 398 1733 374 1758 380 1751 398 623 363 690 363 1800 373 648 362 690 361 691 311 742 380 657 310 741 397 653 393 657 357 692 362 689 363 1800 399 1732 399 623 336 716 363 1800 359 662 314 1849 361 1770 274 1857 357 665 338 696 425 625 393 1764 400 1731 401 623 360 691 362 1799 401 620 364 689 363 690 310 1852 400 1732 327 1804 254 1877 329 692 343 711 406 627 361 689 392 658 361 689 362 690 364 688 363 690 310 742 363 689 311 742 373 681 309 725 391 658 391 660 362 688 362 1799 403 1728 403 619 363 1799 403 619 364 689 363 690 306 746 342 710 309 1825 372 659 426 625 387 664 392 657 392 660 393 659 395 657 365 688 285 1876 378 646 284 767 352 702 309 725 395 1756 404 626 368 681 394 1765 401 622 396 1764 380 644 363 689 398,5065 1810 350 1810 350 702 350 702 350 702 350 1810 350 702 350 702 350 702 350 702 350 1810 350 702 350 1810 350 1810 350 702 350 1810 350 1810 350 1810 350 1810 350 1810 350 702 350 702 350 1810 350 702 350 702 350 702 350 702 350 702 350 702 350 1810 350 1810 350 1810 350 1810 350 1810 350 702 350 1810 350 1810 350 702 350 702 350 702 350 702 350 702 350 702 350 702 350 702 350 702 350 702 350 702 350 702 350 1810 350 1810 350 1810 350 1810 350 702 350 702 350 702 350 702 350 29494 5065 1810 350 1810 350 702 350 702 350 702 350 1810 350 702 350 702 350 702 350 702 350 1810 350 702 350 1810 350 1810 350 702 350 1810 350 1810 350 1810 350 1810 350 1810 350 702 350 702 350 1810 350 702 350 702 350 702 350 702 350 702 350 702 350 702 350 702 350 702 350 702 350 1810 350 1810 350 702 350 702 350 1810 350 702 350 1810 350 1810 350 1810 350 702 350 702 350 702 350 1810 350 1810 350 702 350 702 350 1810 350 702 350 702 350 702 350 1810 350 1810 350 1810 350 1810 350 702 350 702 350 702 350 702 350 702 350 702 350 702 350 702 350 702 350 702 350 702 350 702 350 702 350 702 350 702 350 702 350 702 350 1810 350 1810 350 702 350 1810 350 702 350 702 350 702 350 702 350 702 350 1810 350 702 350 702 350 702 350 702 350 702 350 702 350 702 350 702 350 1810 350 702 350 702 350 702 350 702 350 1810 350 702 350 702 350 1810 350 702 350 1810 350 702 350 702 350
Daikin_FTE35KV1.ir,TEMP-,DAIKIN160 0 bits 11da27f00d000f11da2700d331f1000016040829,2,True,learned fidelity_check (327 timings),DAIKIN160 0 bits 11da27f00d000f11da2700d331f1000016040829,True,-25.4,23.7,27,5044 2130 363 1768 358 690 357 693 364 686 361 1771 355 694 363 686 361 689 358 692 366 1767 359 689 358 1774 363 1768 358 691 356 1776 361 1770 356 1775 362 1769 357 1773 363 685 362 719 328 1774 362 686 361 689 358 692 365 684 363 687 360 690 357 1775 362 1769 357 1774 362 1768 358 1773 363 685 362 1770 356 1775 361 687 360 690 357 693 365 685 362 688 359 691 367 684 363 687 360 690 357 693 365 685 362 688 359 1773 363 1767 359 1772 364 1766 360 688 359 691 366 684 363 687 360 29448 5036 2135 358 1775 362 686 361 689 358 692 366 1767 359 689 358 692 366 685 362 688 359 1773 364 685 362 1770 356 1774 363 686 361 1772 354 1776 361 1770 356 1775 362 1769 357 692 366 684 363 1769 357 692 365 684 363 687 360 690 357 693 365 686 361 689 358 692 366 684 363 687 360 1772 365 1766 360 689 358 692 365 1766 360 689 358 1774 363 1768 358 1773 363 685 362 688 359 691 356 1776 361 1770 356 692 366 685 362 1770 356 692 365 685 362 688 359 1773 364 1767 359 1771 355 1776 361 688 359 691 356 694 364 686 361 689 358 692 366 685 362 688 359 691 356 694 364 686 361 689 358 692 366 684 363 687 360 690 357 693 365 1768 358 1772 365 684 363 1769 357 692 366 684 363 687 360 690 357 693 365 1768 358 690 357 693 365 686 361 689 358 691 367 684 363 687 360 690 357 1775 362 687 360 689 358 692 366 685 362 1770 356 692 366 685 362 1770 356 692 366 1767 359 690 357 693 365,5065 1810 350 1810 350 702 350 702 350 702 350 1810 350 702 350 702 350 702 350 702 350 1810 350 702 350 1810 350 1810 350 702 350 1810 350 1810 350 1810 350 1810 350 1810 350 702 350 702 350 1810 350 702 350 702 350 702 350 702 350 702 350 702 350 1810 350 1810 350 1810 350 1810 350 1810 350 702 350 1810 350 1810 350 702 350 702 350 702 350 702 350 702 350 702 350 702 350 702 350 702 350 702 350 702 350 702 350 1810 350 1810 350 1810 350 1810 350 702 350 702 350 702 350 702 350 29494 5065 1810 350 1810 350 702 350 702 350 702 350 1810 350 702 350 702 350 702 350 702 350 1810 350 702 350 1810 350 1810 350 702 350 1810 350 1810 350 1810 350 1810 350 1810 350 702 350 702 350 1810 350 702 350 702 350 702 350 702 350 702 350 702 350 702 350 702 350 702 350 702 350 1810 350 1810 350 702 350 702 350 1810 350 702 350 1810 350 1810 350 1810 350 702 350 702 350 702 350 1810 350 1810 350 702 350 702 350 1810 350 702 350 702 350 702 350 1810 350 1810 350 1810 350 1810 350 702 350 702 350 702 350 702 350 702 350 702 350 702 350 702 350 702 350 702 350 702 350 702 350 702 350 702 350 702 350 702 350 702 350 1810 350 1810 350 702 350 1810 350 702 350 702 350 702 350 702 350 702 350 1810 350 702 350 702 350 702 350 702 350 702 350 702 350 702 350 702 350 1810 350 702 350 702 350 702 350 702 350 1810 350 702 350 702 350 1810 350 702 350 1810 350 702 350 702 350,5091 1826 334 1824 333 687 408 645 407 646 407 1782 334 686 407 646 408 644 409 644 407 1783 333 687 408 1781 308 1850 279 742 375 1814 254 1903 300 1858 327 1831 364 1794 371 656 391 660 389 1795 371 657 426 626 399 654 394 657 391 661 389 664 361 1823 372 1786 372 1785 379 1805 332 1825 308 713 408 1781 306 1852 279 742 378 674 380 673 381 672 405 647 407 645 408 645 407 645 408 645 407 646 407 645 408 645 407 1781 306 1851 282 1876 255 1903 274 748 313 739 317 736 339 713 341 29502 5103 1791 403 1754 404 646 406 646 407 646 406 1754 403 646 408 644 408 629 423 630 422 1755 403 646 407 1781 305 1853 305 717 374 1813 306 1853 254 1902 257 1901 325 1833 359 664 308 744 309 1878 370 657 355 695 355 697 333 720 307 744 309 743 308 744 308 745 285 768 285 766 286 1903 328 1829 368 657 332 721 331 1854 401 626 379 1803 405 1753 404 1753 404 646 407 647 407 645 407 1752 404 1781 306 718 370 682 373 1814 306 717 371 682 370 682 371 1816 307 1851 305 1853 255 1902 272 752 284 767 310 743 309 745 310 742 335 718 336 715 340 712 344 711 337 716 337 714 364 690 364 688 367 686 364 688 366 688 362 691 337 1846 307 1851 304 722 335 1849 255 771 331 722 333 718 336 745 306 747 306 1823 282 770 335 719 333 747 305 718 337 745 306 718 336 745 305 719 339 1818 331 750 305 718 337 745 304 720 341 1815 333 749 302 751 305 1824 283 798 254 1874 331 752 254 768 284,5090 1837 324 1837 324 724 324 724 324 724 324 1837 324 724 324 724 324 724 324 724 324 1837 324 724 324 1837 324 1837 324 724 324 1837 324 1837 324 1837 324 1837 324 1837 324 724 324 724 324 1837 324 724 324 724 324 724 324 724 324 724 324 724 324 1837 324 1837 324 1837 324 1837 324 1837 324 724 324 1837 324 1837 324 724 324 724 324 724 324 724 324 724 324 724 324 724 324 724 324 724 324 724 324 724 324 724 324 1837 324 1837 324 1837 324 1837 324 724 324 724 324 724 324 724 324 29515 5090 1837 324 1837 324 724 324 724 324 724 324 1837 324 724 324 724 324 724 324 724 324 1837 324 724 324 1837 324 1837 324 724 324 1837 324 1837 324 1837 324 1837 324 1837 324 724 324 724 324 1837 324 724 324 724 324 724 324 724 324 724 324 724 324 724 324 724 324 724 324 724 324 1837 324 1837 324 724 324 724 324 1837 324 724 324 1837 324 1837 324 1837 324 724 324 724 324 724 324 1837 324 1837 324 724 324 724 324 1837 324 724 324 724 324 724 324 1837 324 1837 324 1837 324 1837 324 724 324 724 324 724 324 724 324 724 324 724 324 724 324 724 324 724 324 724 324 724 324 724 324 724 324 724 324 724 324 724 324 724 324 1837 324 1837 324 724 324 1837 324 724 324 724 324 724 324 724 324 724 324 1837 324 724 324 724 324 724 324 724 324 724 324 724 324 724 324 724 324 1837 324 724 324 724 324 724 324 724 324 1837 324 724 324 724 324 1837 324 724 324 1837 324 724 324 724 324
Daikin_FTX50GV1B.ir,Temp_up,DAIKIN 118 bits 11da2700c50000d711da2700423c1bab11da27000038360060000006600000c1800087,1,True,learned fidelity_check (583 timings),DAIKIN 118 bits 11da2700c50000d711da2700423c1bab11da27000038360060000006600000c1800087,True,-4.0,14.8,46,473 397 473 397 473 397 472 371 472 397 473 25350 3523 1697 449 1292 449 422 474 397 473 397 473 1267 473 372 470 401 468 402 468 402 441 1300 441 402 468 1272 469 1272 469 402 468 1273 468 1273 468 1272 469 1273 468 1273 468 403 440 402 468 1273 468 402 468 402 468 375 468 402 468 402 468 402 441 402 468 402 468 402 468 376 467 1273 468 402 468 1273 468 402 468 402 441 402 468 1273 468 1273 468 402 468 403 467 376 467 403 467 403 467 376 467 403 467 403 467 403 440 403 467 403 467 403 467 376 467 403 467 403 467 403 440 1302 439 1302 439 1302 439 404 466 1274 467 403 467 1274 467 1275 466 34905 3520 1705 469 1273 468 402 441 402 468 402 468 1273 468 402 468 376 467 402 468 402 468 1273 468 402 441 1300 441 1300 441 403 467 1273 468 1273 468 1273 468 1273 468 1273 468 403 467 402 468 1273 468 376 467 402 468 402 468 402 441 403 467 403 468 402 441 403 467 403 467 403 467 376 467 1274 467 403 467 403 467 403 440 403 467 1274 467 403 467 403 467 376 467 1274 467 1274 467 1274 467 1274 467 403 467 404 466 1274 467 1274 467 404 439 1302 439 1302 439 404 466 404 466 404 439 1302 439 1302 439 404 466 1275 466 404 466 1275 466 404 466 1275 466 34906 3519 1705 468 1273 468 376 467 402 468 402 468 1273 468 402 441 402 468 402 468 402 468 1273 468 376 467 1273 468 1273 468 402 468 1273 468 1273 468 1273 468 1273 468 1273 468 402 468 376 467 1273 468 402 468 402 468 403 440 403 467 403 467 403 467 376 467 403 467 403 467 403 440 403 467 403 468 402 468 376 467 403 467 403 467 403 440 403 467 403 467 403 440 403 467 1274 467 1274 467 1274 467 403 467 404 466 376 467 1274 467 1275 466 404 466 1275 466 1275 466 404 466 404 439 404 466 404 467 404 466 377 466 404 466 404 466 404 439 404 466 404 466 405 438 405 465 404 466 405 465 1276 465 1299 442 378 465 406 464 405 465 406 437 405 465 428 442 428 442 401 442 428 442 428 442 428 415 429 441 428 442 429 414 429 441 429 441 428 442 401 442 1300 441 1299 442 429 441 429 441 429 414 429 441 429 441 429 441 402 441 429 441 429 441 429 414 1327 414 1327 414 429 441 429 441 429 441 402 441 429 441 429 441 402 441 429 441 429 441 429 414 429 441 429 441 429 441 402 441 429 441 429 441 429 414 1328 413 430 441 429 441 429 441 402 441 429 441 1300 441 1301 440 429 441 402 441 430 440 430 440 430 413 430 441 429 441 1301 440 430 440 403 440 430 440 430 440 430 413 430 440 430 440 430 440 1301 440 1301 440 1301 440 403 440 430 440 430 440 403 440 1301 440,473 397 473 397 473 397 472 371 472 397 473 25350 3523 1697 449 1292 449 422 474 397 473 397 473 1267 473 372 470 401 468 402 468 402 441 1300 441 402 468 1272 469 1272 469 402 468 1273 468 1273 468 1272 469 1273 468 1273 468 403 440 402 468 1273 468 402 468 402 468 375 468 402 468 402 468 402 441 402 468 402 468 402 468 376 467 1273 468 402 468 1273 468 402 468 402 441 402 468 1273 468 1273 468 402 468 403 467 376 467 403 467 403 467 376 467 403 467 403 467 403 440 403 467 403 467 403 467 376 467 403 467 403 467 403 440 1302 439 1302 439 1302 439 404 466 1274 467 403 467 1274 467 1275 466 34905 3520 1705 469 1273 468 402 441 402 468 402 468 1273 468 402 468 376 467 402 468 402 468 1273 468 402 441 1300 441 1300 441 403 467 1273 468 1273 468 1273 468 1273 468 1273 468 403 467 402 468 1273 468 376 467 402 468 402 468 402 441 403 467 403 468 402 441 403 467 403 467 403 467 376 467 1274 467 403 467 403 467 403 440 403 467 1274 467 403 467 403 467 376 467 1274 467 1274 467 1274 467 1274 467 403 467 404 466 1274 467 1274 467 404 439 1302 439 1302 439 404 466 404 466 404 439 1302 439 1302 439 404 466 1275 466 404 466 1275 466 404 466 1275 466 34906 3519 1705 468 1273 468 376 467 402 468 402 468 1273 468 402 441 402 468 402 468 402 468 1273 468 376 467 1273 468 1273 468 402 468 1273 468 1273 468 1273 468 1273 468 1273 468 402 468 376 467 1273 468 402 468 402 468 403 440 403 467 403 467 403 467 376 467 403 467 403 467 403 440 403 467 403 468 402 468 376 467 403 467 403 467 403 440 403 467 403 467 403 440 403 467 1274 467 1274 467 1274 467 403 467 404 466 376 467 1274 467 1275 466 404 466 1275 466 1275 466 404 466 404 439 404 466 404 467 404 466 377 466 404 466 404 466 404 439 404 466 404 466 405 438 405 465 404 466 405 465 1276 465 1299 442 378 465 406 464 405 465 406 437 405 465 428 442 428 442 401 442 428 442 428 442 428 415 429 441 428 442 429 414 429 441 429 441 428 442 401 442 1300 441 1299 442 429 441 429 441 429 414 429 441 429 441 429 441 402 441 429 441 429 441 429 414 1327 414 1327 414 429 441 429 441 429 441 402 441 429 441 429 441 402 441 429 441 429 441 429 414 429 441 429 441 429 441 402 441 429 441 429 441 429 414 1328 413 430 441 429 441 429 441 402 441 429 441 1300 441 1301 440 429 441 402 441 430 440 430 440 430 413 430 441 429 441 1301 440 430 440 403 440 430 440 430 440 430 413 430 440 430 440 430 440 1301 440 1301 440 1301 440 403 440 430 440 430 440 403 440 1301 440,436 433 434 436 432 455 413 428 439 429 466 25349 3553 1686 407 1330 476 386 469 400 468 400 469 1300 477 332 469 401 468 402 466 404 493 1272 408 412 461 1323 430 1307 478 358 469 1300 476 1261 476 1260 470 1267 385 1378 435 401 478 364 468 1301 477 359 468 401 467 375 467 404 465 405 466 404 468 374 504 367 493 377 459 399 417 1351 435 401 465 1304 477 359 468 400 513 329 469 1299 479 1258 440 408 459 424 390 452 415 454 416 452 440 402 465 404 468 400 468 400 513 329 469 399 469 402 466 377 465 404 467 403 498 373 433 1353 360 1377 380 1356 414 397 468 1300 502 336 467 1300 479 1258 440 34921 3548 1691 473 1264 385 478 434 408 414 454 441 1327 503 334 468 374 469 400 467 401 468 1300 503 341 433 1328 359 1404 380 430 441 1327 504 1233 504 1233 496 1240 470 1267 386 477 416 452 438 1331 479 331 468 400 468 400 470 399 513 331 466 404 465 404 475 369 504 367 498 388 447 395 444 1323 434 403 441 427 468 401 512 330 468 1300 480 359 467 403 465 378 467 1297 469 1293 403 1334 466 1270 504 333 468 400 468 1301 480 1256 475 373 404 1379 333 1404 382 433 463 400 469 400 512 1256 413 1323 415 404 530 1230 440 424 418 1350 435 401 441 1328 481 34859 3582 1677 509 1228 482 329 468 401 468 402 466 1299 472 374 432 411 469 402 458 425 390 1378 467 343 466 1303 504 1232 483 355 467 1300 450 1286 413 1350 434 1303 483 1253 507 330 469 375 467 1300 478 365 469 400 474 398 380 478 444 424 390 478 415 427 415 453 440 428 467 402 488 354 468 400 468 400 469 374 468 402 465 406 465 404 470 374 498 371 473 398 380 478 444 1322 435 1302 484 1252 484 354 468 403 466 376 466 1299 478 1259 439 425 390 1376 469 1268 483 355 468 400 488 355 468 403 465 405 492 352 496 374 501 368 473 413 364 478 445 423 416 452 409 433 415 453 440 428 469 1297 484 1280 413 377 467 405 505 363 506 382 414 428 454 423 382 488 380 478 407 460 435 433 442 427 387 455 483 385 487 382 415 427 485 383 486 382 486 357 485 1260 433 1323 363 503 365 504 409 459 337 505 440 428 473 395 484 358 485 383 483 386 485 383 419 1324 447 1293 449 392 382 505 364 503 409 434 411 458 411 458 435 406 441 428 446 422 443 426 460 381 441 428 441 428 439 404 439 431 436 434 434 436 449 1305 368 476 388 481 411 457 411 431 438 430 476 1261 471 1269 468 401 470 372 467 404 464 423 390 478 387 455 386 485 407 1330 435 432 442 400 441 427 440 428 439 430 439 404 437 433 436 433 437 1321 411 1325 410 1351 387 433 432 437 436 433 437 426 416 1321 416,452 416 452 416 452 416 452 416 452 416 452 25362 3540 1699 452 1313 452 416 452 416 452 416 452 1313 452 416 452 416 452 416 452 416 452 1313 452 416 452 1313 452 1313 452 416 452 1313 452 1313 452 1313 452 1313 452 1313 452 416 452 416 452 1313 452 416 452 416 452 416 452 416 452 416 452 416 452 416 452 416 452 416 452 416 452 1313 452 416 452 1313 452 416 452 416 452 416 452 1313 452 1313 452 416 452 416 452 416 452 416 452 416 452 416 452 416 452 416 452 416 452 416 452 416 452 416 452 416 452 416 452 416 452 416 452 1313 452 1313 452 1313 452 416 452 1313 452 416 452 1313 452 1313 452 34934 3540 1699 452 1313 452 416 452 416 452 416 452 1313 452 416 452 416 452 416 452 416 452 1313 452 416 452 1313 452 1313 452 416 452 1313 452 1313 452 1313 452 1313 452 1313 452 416 452 416 452 1313 452 416 452 416 452 416 452 416 452 416 452 416 452 416 452 416 452 416 452 416 452 416 452 1313 452 416 452 416 452 416 452 416 452 1313 452 416 452 416 452 416 452 1313 452 1313 452 1313 452 1313 452 416 452 416 452 1313 452 1313 452 416 452 1313 452 1313 452 416 452 416 452 416 452 1313 452 1313 452 416 452 1313 452 416 452 1313 452 416 452 1313 452 34934 3540 1699 452 1313 452 416 452 416 452 416 452 1313 452 416 452 416 452 416 452 416 452 1313 452 416 452 1313 452 1313 452 416 452 1313 452 1313 452 1313 452 1313 452 1313 452 416 452 416 452 1313 452 416 452 416 452 416 452 416 452 416 452 416 452 416 452 416 452 416 452 416 452 416 452 416 452 416 452 416 452 416 452 416 452 416 452 416 452 416 452 416 452 416 452 1313 452 1313 452 1313 452 416 452 416 452 416 452 1313 452 1313 452 416 452 1313 452 1313 452 416 452 416 452 416 452 416 452 416 452 416 452 416 452 416 452 416 452 416 452 416 452 416 452 416 452 416 452 416 452 1313 452 1313 452 416 452 416 452 416 452 416 452 416 452 416 452 416 452 416 452 416 452 416 452 416 452 416 452 416 452 416 452 416 452 416 452 416 452 416 452 1313 452 1313 452 416 452 416 452 416 452 416 452 416 452 416 452 416 452 416 452 416 452 416 452 1313 452 1313 452 416 452 416 452 416 452 416 452 416 452 416 452 416 452 416 452 416 452 416 452 416 452 416 452 416 452 416 452 416 452 416 452 416 452 1313 452 416 452 416 452 416 452 416 452 416 452 1313 452 1313 452 416 452 416 452 416 452 416 452 416 452 416 452 416 452 1313 452 416 452 416 452 416 452 416 452 416 452 416 452 416 452 416 452 1313 452 1313 452 1313 452 416 452 416 452 416 452 416 452 1313 452
Daikin_FTX50GV1B.ir,Temp_up,DAIKIN 118 bits 11da2700c50000d711da2700423c1bab11da27000038360060000006600000c1800087,2,True,learned fidelity_check (583 timings),DAIKIN 118 bits 11da2700c50000d711da2700423c1bab11da27000038360060000006600000c1800087,True,20.0,-12.7,49,473 397 473 397 473 397 472 371 472 397 473 25350 3523 1697 449 1292 449 422 474 397 473 397 473 1267 473 372 470 401 468 402 468 402 441 1300 441 402 468 1272 469 1272 469 402 468 1273 468 1273 468 1272 469 1273 468 1273 468 403 440 402 468 1273 468 402 468 402 468 375 468 402 468 402 468 402 441 402 468 402 468 402 468 376 467 1273 468 402 468 1273 468 402 468 402 441 402 468 1273 468 1273 468 402 468 403 467 376 467 403 467 403 467 376 467 403 467 403 467 403 440 403 467 403 467 403 467 376 467 403 467 403 467 403 440 1302 439 1302 439 1302 439 404 466 1274 467 403 467 1274 467 1275 466 34905 3520 1705 469 1273 468 402 441 402 468 402 468 1273 468 402 468 376 467 402 468 402 468 1273 468 402 441 1300 441 1300 441 403 467 1273 468 1273 468 1273 468 1273 468 1273 468 403 467 402 468 1273 468 376 467 402 468 402 468 402 441 403 467 403 468 402 441 403 467 403 467 403 467 376 467 1274 467 403 467 403 467 403 440 403 467 1274 467 403 467 403 467 376 467 1274 467 1274 467 1274 467 1274 467 403 467 404 466 1274 467 1274 467 404 439 1302 439 1302 439 404 466 404 466 404 439 1302 439 1302 439 404 466 1275 466 404 466 1275 466 404 466 1275 466 34906 3519 1705 468 1273 468 376 467 402 468 402 468 1273 468 402 441 402 468 402 468 402 468 1273 468 376 467 1273 468 1273 468 402 468 1273 468 1273 468 1273 468 1273 468 1273 468 402 468 376 467 1273 468 402 468 402 468 403 440 403 467 403 467 403 467 376 467 403 467 403 467 403 440 403 467 403 468 402 468 376 467 403 467 403 467 403 440 403 467 403 467 403 440 403 467 1274 467 1274 467 1274 467 403 467 404 466 376 467 1274 467 1275 466 404 466 1275 466 1275 466 404 466 404 439 404 466 404 467 404 466 377 466 404 466 404 466 404 439 404 466 404 466 405 438 405 465 404 466 405 465 1276 465 1299 442 378 465 406 464 405 465 406 437 405 465 428 442 428 442 401 442 428 442 428 442 428 415 429 441 428 442 429 414 429 441 429 441 428 442 401 442 1300 441 1299 442 429 441 429 441 429 414 429 441 429 441 429 441 402 441 429 441 429 441 429 414 1327 414 1327 414 429 441 429 441 429 441 402 441 429 441 429 441 402 441 429 441 429 441 429 414 429 441 429 441 429 441 402 441 429 441 429 441 429 414 1328 413 430 441 429 441 429 441 402 441 429 441 1300 441 1301 440 429 441 402 441 430 440 430 440 430 413 430 441 429 441 1301 440 430 440 403 440 430 440 430 440 430 413 430 440 430 440 430 440 1301 440 1301 440 1301 440 403 440 430 440 430 440 403 440 1301 440,452 416 452 416 452 416 452 416 452 416 452 25362 3540 1699 452 1313 452 416 452 416 452 416 452 1313 452 416 452 416 452 416 452 416 452 1313 452 416 452 1313 452 1313 452 416 452 1313 452 1313 452 1313 452 1313 452 1313 452 416 452 416 452 1313 452 416 452 416 452 416 452 416 452 416 452 416 452 416 452 416 452 416 452 416 452 1313 452 416 452 1313 452 416 452 416 452 416 452 1313 452 1313 452 416 452 416 452 416 452 416 452 416 452 416 452 416 452 416 452 416 452 416 452 416 452 416 452 416 452 416 452 416 452 416 452 1313 452 1313 452 1313 452 416 452 1313 452 416 452 1313 452 1313 452 34934 3540 1699 452 1313 452 416 452 416 452 416 452 1313 452 416 452 416 452 416 452 416 452 1313 452 416 452 1313 452 1313 452 416 452 1313 452 1313 452 1313 452 1313 452 1313 452 416 452 416 452 1313 452 416 452 416 452 416 452 416 452 416 452 416 452 416 452 416 452 416 452 416 452 416 452 1313 452 416 452 416 452 416 452 416 452 1313 452 416 452 416 452 416 452 1313 452 1313 452 1313 452 1313 452 416 452 416 452 1313 452 1313 452 416 452 1313 452 1313 452 416 452 416 452 416 452 1313 452 1313 452 416 452 1313 452 416 452 1313 452 416 452 1313 452 34934 3540 1699 452 1313 452 416 452 416 452 416 452 1313 452 416 452 416 452 416 452 416 452 1313 452 416 452 1313 452 1313 452 416 452 1313 452 1313 452 1313 452 1313 452 1313 452 416 452 416 452 1313 452 416 452 416 452 416 452 416 452 416 452 416 452 416 452 416 452 416 452 416 452 416 452 416 452 416 452 416 452 416 452 416 452 416 452 416 452 416 452 416 452 416 452 1313 452 1313 452 1313 452 416 452 416 452 416 452 1313 452 1313 452 416 452 1313 452 1313 452 416 452 416 452 416 452 416 452 416 452 416 452 416 452 416 452 416 452 416 452 416 452 416 452 416 452 416 452 416 452 1313 452 1313 452 416 452 416 452 416 452 416 452 416 452 416 452 416 452 416 452 416 452 416 452 416 452 416 452 416 452 416 452 416 452 416 452 416 452 416 452 1313 452 1313 452 416 452 416 452 416 452 416 452 416 452 416 452 416 452 416 452 416 452 416 452 1313 452 1313 452 416 452 416 452 416 452 416 452 416 452 416 452 416 452 416 452 416 452 416 452 416 452 416 452 416 452 416 452 416 452 416 452 416 452 1313 452 416 452 416 452 416 452 416 452 416 452 1313 452 1313 452 416 452 416 452 416 452 416 452 416 452 416 452 416 452 1313 452 416 452 416 452 416 452 416 452 416 452 416 452 416 452 416 452 1313 452 1313 452 1313 452 416 452 416 452 416 452 416 452 1313 452,407 458 404 464 415 453 417 451 418 450 419 25398 3577 1687 431 1332 464 379 487 380 461 407 459 1330 474 370 527 341 502 366 499 370 490 1297 476 370 530 1256 475 1288 475 388 512 1282 440 1323 440 1323 440 1323 440 1323 413 423 512 356 512 1284 410 426 483 385 484 384 508 361 510 358 510 358 512 357 512 357 512 356 512 356 513 1282 412 424 510 1285 385 451 479 389 481 388 482 1313 359 1404 379 458 416 452 417 452 418 449 443 426 443 425 445 423 447 422 470 397 475 394 476 392 478 390 481 388 481 387 484 384 485 384 509 1286 383 1380 358 1405 403 435 388 1405 430 411 410 1380 438 1325 476 34889 3574 1687 465 1298 476 369 531 338 529 339 529 1258 477 369 528 340 529 339 530 338 530 1255 477 371 528 1256 476 1313 439 397 513 1282 439 1324 439 1325 439 1324 412 1350 385 451 479 390 482 1312 360 478 446 422 447 421 474 394 476 392 478 390 481 388 482 386 483 385 485 384 490 378 509 1286 384 452 479 389 481 388 482 386 484 1311 359 477 474 395 522 346 477 1318 359 1404 380 1383 430 1333 466 377 460 407 459 1331 473 1289 477 369 530 1255 477 1312 440 397 513 355 513 356 512 1283 438 1324 437 400 513 1281 440 397 513 1282 438 399 512 1282 413 34947 3468 1798 420 1343 412 425 486 382 511 358 512 1282 410 427 483 386 484 384 485 383 486 1309 383 454 477 1317 358 1405 380 458 389 1405 430 1332 438 1325 477 1286 478 1285 478 384 513 356 512 1283 437 399 512 356 513 356 513 355 513 356 512 356 513 356 512 356 512 356 512 357 512 340 527 341 529 338 530 338 530 338 529 339 530 338 531 337 529 339 528 340 526 343 500 1287 478 1285 478 1311 436 401 512 356 513 355 513 1282 413 1350 414 422 513 1282 437 1326 436 401 513 355 512 356 512 356 513 356 512 356 513 355 513 356 512 356 513 355 513 356 512 356 512 356 513 356 512 356 512 1283 414 1349 413 423 513 355 513 356 512 356 513 355 513 356 511 357 512 356 513 356 512 356 512 356 513 356 512 356 513 355 513 356 512 356 512 356 513 355 513 1282 414 1349 414 423 512 356 512 356 513 356 512 356 511 357 512 357 512 356 512 356 512 357 488 1306 412 1351 411 426 510 358 494 374 511 357 511 358 488 380 511 357 488 381 488 380 488 380 489 380 487 381 487 381 489 380 487 381 487 381 488 381 487 1305 412 427 487 381 488 380 488 381 487 381 486 1307 412 1351 412 426 487 382 485 383 486 382 486 382 487 382 485 383 486 1280 439 427 484 384 484 384 485 384 485 382 485 384 485 383 485 384 485 1280 443 1320 445 1318 420 446 477 392 479 389 478 391 478 1286 417,472 393 472 393 472 393 472 393 472 393 472 25411 3561 1700 472 1325 472 393 472 393 472 393 472 1325 472 393 472 393 472 393 472 393 472 1325 472 393 472 1325 472 1325 472 393 472 1325 472 1325 472 1325 472 1325 472 1325 472 393 472 393 472 1325 472 393 472 393 472 393 472 393 472 393 472 393 472 393 472 393 472 393 472 393 472 1325 472 393 472 1325 472 393 472 393 472 393 472 1325 472 1325 472 393 472 393 472 393 472 393 472 393 472 393 472 393 472 393 472 393 472 393 472 393 472 393 472 393 472 393 472 393 472 393 472 1325 472 1325 472 1325 472 393 472 1325 472 393 472 1325 472 1325 472 34960 3561 1700 472 1325 472 393 472 393 472 393 472 1325 472 393 472 393 472 393 472 393 472 1325 472 393 472 1325 472 1325 472 393 472 1325 472 1325 472 1325 472 1325 472 1325 472 393 472 393 472 1325 472 393 472 393 472 393 472 393 472 393 472 393 472 393 472 393 472 393 472 393 472 393 472 1325 472 393 472 393 472 393 472 393 472 1325 472 393 472 393 472 393 472 1325 472 1325 472 1325 472 1325 472 393 472 393 472 1325 472 1325 472 393 472 1325 472 1325 472 393 472 393 472 393 472 1325 472 1325 472 393 472 1325 472 393 472 1325 472 393 472 1325 472 34960 3561 1700 472 1325 472 393 472 393 472 393 472 1325 472 393 472 393 472 393 472 393 472 1325 472 393 472 1325 472 1325 472 393 472 1325 472 1325 472 1325 472 1325 472 1325 472 393 472 393 472 1325 472 393 472 393 472 393 472 393 472 393 472 393 472 393 472 393 472 393 472 393 472 393 472 393 472 393 472 393 472 393 472 393 472 393 472 393 472 393 472 393 472 393 472 1325 472 1325 472 1325 472 393 472 393 472 393 472 1325 472 1325 472 393 472 1325 472 1325 472 393 472 393 472 393 472 393 472 393 472 393 472 393 472 393 472 393 472 393 472 393 472 393 472 393 472 393 472 393 472 1325 472 1325 472 393 472 393 472 393 472 393 472 393 472 393 472 393 472 393 472 393 472 393 472 393 472 393 472 393 472 393 472 393 472 393 472 393 472 393 472 1325 472 1325 472 393 472 393 472 393 472 393 472 393 472 393 472 393 472 393 472 393 472 393 472 1325 472 1325 472 393 472 393 472 393 472 393 472 393 472 393 472 393 472 393 472 393 472 393 472 393 472 393 472 393 472 393 472 393 472 393 472 393 472 1325 472 393 472 393 472 393 472 393 472 393 472 1325 472 1325 472 393 472 393 472 393 472 393 472 393 472 393 472 393 472 1325 472 393 472 393 472 393 472 393 472 393 472 393 472 393 472 393 472 1325 472 1325 472 1325 472 393 472 393 472 393 472 393 472 1325 472
Daikin_FTX50GV1B.ir,Temp_down,DAIKIN 118 bits 11da2700c50000d711da2700423c1bab11da27000038340060000006600000c1800085,1,True,learned fidelity_check (583 timings),DAIKIN 118 bits 11da2700c50000d711da2700423c1bab11da27000038340060000006600000c1800085,True,-7.8,18.9,73,504 342 501 394 476 394 475 367 476 394 476 25347 3528 1694 451 1290 451 420 476 393 477 394 475 1264 476 369 472 398 471 399 471 399 444 1297 444 399 471 1269 472 1269 472 399 471 1269 472 1270 471 1270 471 1269 472 1270 471 399 471 372 471 1270 471 399 471 399 471 399 444 399 471 399 471 399 444 399 471 399 471 399 471 372 471 1270 471 399 471 1270 471 399 471 399 444 399 471 1270 471 1270 471 399 471 399 471 372 471 399 471 399 471 399 444 400 470 399 471 400 443 400 471 399 471 400 471 372 471 400 470 399 471 400 443 1298 443 1298 443 1298 443 400 470 1271 470 400 470 1271 470 1271 470 34902 3523 1702 471 1269 472 399 471 372 471 399 471 1270 471 399 471 372 471 399 471 399 471 1269 472 399 444 1297 444 1297 444 399 471 1270 471 1270 471 1270 471 1269 472 1270 471 399 471 399 471 1270 471 372 471 399 471 399 471 399 444 399 471 399 471 399 471 373 470 399 471 399 471 399 444 1297 444 399 471 400 470 400 443 400 470 1270 471 399 471 399 471 373 470 1270 471 1271 470 1270 471 1270 471 400 470 400 470 1271 470 1271 470 400 443 1298 443 1298 443 400 470 400 470 400 470 1271 470 1271 470 373 470 1271 470 400 470 1271 470 400 470 1271 470 34902 3523 1702 471 1270 471 373 470 399 471 399 471 1270 471 399 444 400 470 399 471 399 471 1270 471 373 470 1270 471 1270 471 399 471 1270 471 1270 471 1270 471 1270 471 1270 471 399 471 400 443 1298 443 400 470 400 470 400 470 373 470 400 470 399 471 373 470 400 470 400 470 400 443 400 470 400 470 400 470 373 470 400 470 400 470 400 443 400 470 400 470 400 470 373 470 1271 470 1271 470 1271 470 400 470 400 470 373 470 400 470 1271 470 401 469 1272 469 1271 470 401 442 401 469 401 469 401 469 374 469 401 469 401 469 401 442 401 469 401 469 401 469 374 469 401 469 401 469 401 442 1300 441 1300 441 401 469 401 469 402 441 402 468 402 468 402 468 375 468 402 468 402 468 402 441 402 468 402 468 402 468 375 468 403 467 403 467 403 440 403 467 1274 467 1273 468 404 466 427 416 403 467 404 466 427 443 400 443 427 443 427 443 427 416 427 444 1298 443 1298 443 427 443 427 443 400 443 427 443 427 443 427 416 427 443 427 443 427 416 427 443 427 443 427 443 400 443 427 443 427 443 427 416 428 442 1298 443 427 443 428 442 400 443 427 443 427 443 1298 443 1298 443 427 416 428 442 427 443 428 442 400 443 428 442 428 442 1299 442 400 443 428 442 428 442 428 415 428 442 428 442 428 442 401 442 1299 442 428 442 1299 442 428 442 428 415 428 442 428 442 1299 442,504 342 501 394 476 394 475 367 476 394 476 25347 3528 1694 451 1290 451 420 476 393 477 394 475 1264 476 369 472 398 471 399 471 399 444 1297 444 399 471 1269 472 1269 472 399 471 1269 472 1270 471 1270 471 1269 472 1270 471 399 471 372 471 1270 471 399 471 399 471 399 444 399 471 399 471 399 444 399 471 399 471 399 471 372 471 1270 471 399 471 1270 471 399 471 399 444 399 471 1270 471 1270 471 399 471 399 471 372 471 399 471 399 471 399 444 400 470 399 471 400 443 400 471 399 471 400 471 372 471 400 470 399 471 400 443 1298 443 1298 443 1298 443 400 470 1271 470 400 470 1271 470 1271 470 34902 3523 1702 471 1269 472 399 471 372 471 399 471 1270 471 399 471 372 471 399 471 399 471 1269 472 399 444 1297 444 1297 444 399 471 1270 471 1270 471 1270 471 1269 472 1270 471 399 471 399 471 1270 471 372 471 399 471 399 471 399 444 399 471 399 471 399 471 373 470 399 471 399 471 399 444 1297 444 399 471 400 470 400 443 400 470 1270 471 399 471 399 471 373 470 1270 471 1271 470 1270 471 1270 471 400 470 400 470 1271 470 1271 470 400 443 1298 443 1298 443 400 470 400 470 400 470 1271 470 1271 470 373 470 1271 470 400 470 1271 470 400 470 1271 470 34902 3523 1702 471 1270 471 373 470 399 471 399 471 1270 471 399 444 400 470 399 471 399 471 1270 471 373 470 1270 471 1270 471 399 471 1270 471 1270 471 1270 471 1270 471 1270 471 399 471 400 443 1298 443 400 470 400 470 400 470 373 470 400 470 399 471 373 470 400 470 400 470 400 443 400 470 400 470 400 470 373 470 400 470 400 470 400 443 400 470 400 470 400 470 373 470 1271 470 1271 470 1271 470 400 470 400 470 373 470 400 470 1271 470 401 469 1272 469 1271 470 401 442 401 469 401 469 401 469 374 469 401 469 401 469 401 442 401 469 401 469 401 469 374 469 401 469 401 469 401 442 1300 441 1300 441 401 469 401 469 402 441 402 468 402 468 402 468 375 468 402 468 402 468 402 441 402 468 402 468 402 468 375 468 403 467 403 467 403 440 403 467 1274 467 1273 468 404 466 427 416 403 467 404 466 427 443 400 443 427 443 427 443 427 416 427 444 1298 443 1298 443 427 443 427 443 400 443 427 443 427 443 427 416 427 443 427 443 427 416 427 443 427 443 427 443 400 443 427 443 427 443 427 416 428 442 1298 443 427 443 428 442 400 443 427 443 427 443 1298 443 1298 443 427 416 428 442 427 443 428 442 400 443 428 442 428 442 1299 442 400 443 428 442 428 442 428 415 428 442 428 442 428 442 401 442 1299 442 428 442 1299 442 428 442 428 415 428 442 428 442 1299 442,516 306 544 352 482 402 468 374 468 400 468 25346 3552 1689 474 1288 439 398 468 400 469 399 469 1300 477 333 468 401 468 403 464 406 477 1286 359 462 408 1376 466 1271 478 358 468 1301 477 1259 474 1263 412 1325 408 1355 477 359 468 374 468 1300 478 360 467 400 469 402 510 333 465 405 462 407 438 405 464 406 435 436 430 428 414 1354 478 358 469 1300 477 359 468 401 513 328 468 1301 471 1266 384 463 430 454 415 427 439 429 465 403 468 400 514 328 469 400 468 400 513 329 469 400 468 403 465 378 463 408 465 404 462 408 382 1404 380 1356 439 1298 439 371 468 1300 478 363 465 1299 414 1323 408 34952 3554 1687 384 1352 458 405 467 376 467 401 467 1300 480 357 469 374 467 400 469 402 466 1300 441 404 383 1377 430 1333 438 373 467 1301 502 1234 479 1258 472 1265 384 1378 461 376 465 403 469 1299 501 310 468 401 468 400 469 399 512 331 467 404 463 407 463 380 468 402 438 432 406 480 432 1335 409 401 468 400 469 400 512 330 468 1300 503 335 467 403 466 378 464 1299 411 1352 432 1305 482 1254 481 356 469 400 468 1300 496 1240 439 408 381 1404 380 1356 414 397 468 400 468 400 468 1300 480 1257 475 342 465 1297 385 478 415 1353 477 360 468 1300 483 34856 3545 1716 506 1231 480 330 468 401 468 401 467 1300 442 403 384 461 433 435 430 454 416 1352 503 307 468 1301 482 1254 480 359 466 1301 442 1294 394 1369 473 1263 480 1256 505 333 468 402 510 1256 410 408 467 402 462 409 421 437 415 453 415 453 440 402 465 404 468 399 469 400 512 330 467 401 469 400 468 374 468 402 466 404 464 406 473 370 465 405 466 403 436 408 406 1378 465 1271 480 1257 504 333 468 400 468 376 466 404 465 1300 439 408 434 1350 437 1299 506 331 512 330 468 401 468 400 468 374 468 402 466 404 465 405 479 364 466 404 495 375 462 380 435 451 389 478 416 453 443 1325 411 1325 411 400 468 400 468 404 484 359 465 404 493 377 476 367 495 376 462 423 416 451 409 434 414 454 439 429 465 377 468 400 469 400 468 400 487 355 468 1300 480 1257 449 415 450 426 411 422 417 451 415 480 440 402 470 398 482 387 487 381 415 427 487 1279 412 1326 412 431 440 430 384 460 382 488 399 485 410 458 363 479 445 423 480 389 416 425 486 383 485 383 487 355 486 382 484 386 483 387 417 427 471 1270 381 488 381 504 409 433 411 458 434 434 442 1296 470 1267 446 421 452 392 442 427 440 431 435 406 411 461 405 465 380 1374 388 454 411 457 413 456 438 430 455 387 440 429 440 428 441 400 470 1271 436 433 474 1283 391 477 388 480 363 481 410 458 411 1327 442,453 415 453 415 453 415 453 415 453 415 453 25359 3539 1702 453 1313 453 415 453 415 453 415 453 1313 453 415 453 415 453 415 453 415 453 1313 453 415 453 1313 453 1313 453 415 453 1313 453 1313 453 1313 453 1313 453 1313 453 415 453 415 453 1313 453 415 453 415 453 415 453 415 453 415 453 415 453 415 453 415 453 415 453 415 453 1313 453 415 453 1313 453 415 453 415 453 415 453 1313 453 1313 453 415 453 415 453 415 453 415 453 415 453 415 453 415 453 415 453 415 453 415 453 415 453 415 453 415 453 415 453 415 453 415 453 1313 453 1313 453 1313 453 415 453 1313 453 415 453 1313 453 1313 453 34965 3539 1702 453 1313 453 415 453 415 453 415 453 1313 453 415 453 415 453 415 453 415 453 1313 453 415 453 1313 453 1313 453 415 453 1313 453 1313 453 1313 453 1313 453 1313 453 415 453 415 453 1313 453 415 453 415 453 415 453 415 453 415 453 415 453 415 453 415 453 415 453 415 453 415 453 1313 453 415 453 415 453 415 453 415 453 1313 453 415 453 415 453 415 453 1313 453 1313 453 1313 453 1313 453 415 453 415 453 1313 453 1313 453 415 453 1313 453 1313 453 415 453 415 453 415 453 1313 453 1313 453 415 453 1313 453 415 453 1313 453 415 453 1313 453 34965 3539 1702 453 1313 453 415 453 415 453 415 453 1313 453 415 453 415 453 415 453 415 453 1313 453 415 453 1313 453 1313 453 415 453 1313 453 1313 453 1313 453 1313 453 1313 453 415 453 415 453 1313 453 415 453 415 453 415 453 415 453 415 453 415 453 415 453 415 453 415 453 415 453 415 453 415 453 415 453 415 453 415 453 415 453 415 453 415 453 415 453 415 453 415 453 1313 453 1313 453 1313 453 415 453 415 453 415 453 415 453 1313 453 415 453 1313 453 1313 453 415 453 415 453 415 453 415 453 415 453 415 453 415 453 415 453 415 453 415 453 415 453 415 453 415 453 415 453 415 453 1313 453 1313 453 415 453 415 453 415 453 415 453 415 453 415 453 415 453 415 453 415 453 415 453 415 453 415 453 415 453 415 453 415 453 415 453 415 453 415 453 1313 453 1313 453 415 453 415 453 415 453 415 453 415 453 415 453 415 453 415 453 415 453 415 453 1313 453 1313 453 415 453 415 453 415 453 415 453 415 453 415 453 415 453 415 453 415 453 415 453 415 453 415 453 415 453 415 453 415 453 415 453 415 453 1313 453 415 453 415 453 415 453 415 453 415 453 1313 453 1313 453 415 453 415 453 415 453 415 453 415 453 415 453 415 453 1313 453 415 453 415 453 415 453 415 453 415 453 415 453 415 453 415 453 1313 453 415 453 1313 453 415 453 415 453 415 453 415 453 1313 453
Daikin_FTX50GV1B.ir,Temp_down,DAIKIN 118 bits 11da2700c50000d711da2700423c1bab11da27000038340060000006600000c1800085,2,True,learned fidelity_check (583 timings),DAIKIN 118 bits 11da2700c50000d711da2700423c1bab11da27000038340060000006600000c1800085,True,12.7,-10.8,34,504 342 501 394 476 394 475 367 476 394 476 25347 3528 1694 451 1290 451 420 476 393 477 394 475 1264 476 369 472 398 471 399 471 399 444 1297 444 399 471 1269 472 1269 472 399 471 1269 472 1270 471 1270 471 1269 472 1270 471 399 471 372 471 1270 471 399 471 399 471 399 444 399 471 399 471 399 444 399 471 399 471 399 471 372 471 1270 471 399 471 1270 471 399 471 399 444 399 471 1270 471 1270 471 399 471 399 471 372 471 399 471 399 471 399 444 400 470 399 471 400 443 400 471 399 471 400 471 372 471 400 470 399 471 400 443 1298 443 1298 443 1298 443 400 470 1271 470 400 470 1271 470 1271 470 34902 3523 1702 471 1269 472 399 471 372 471 399 471 1270 471 399 471 372 471 399 471 399 471 1269 472 399 444 1297 444 1297 444 399 471 1270 471 1270 471 1270 471 1269 472 1270 471 399 471 399 471 1270 471 372 471 399 471 399 471 399 444 399 471 399 471 399 471 373 470 399 471 399 471 399 444 1297 444 399 471 400 470 400 443 400 470 1270 471 399 471 399 471 373 470 1270 471 1271 470 1270 471 1270 471 400 470 400 470 1271 470 1271 470 400 443 1298 443 1298 443 400 470 400 470 400 470 1271 470 1271 470 373 470 1271 470 400 470 1271 470 400 470 1271 470 34902 3523 1702 471 1270 471 373 470 399 471 399 471 1270 471 399 444 400 470 399 471 399 471 1270 471 373 470 1270 471 1270 471 399 471 1270 471 1270 471 1270 471 1270 471 1270 471 399 471 400 443 1298 443 400 470 400 470 400 470 373 470 400 470 399 471 373 470 400 470 400 470 400 443 400 470 400 470 400 470 373 470 400 470 400 470 400 443 400 470 400 470 400 470 373 470 1271 470 1271 470 1271 470 400 470 400 470 373 470 400 470 1271 470 401 469 1272 469 1271 470 401 442 401 469 401 469 401 469 374 469 401 469 401 469 401 442 401 469 401 469 401 469 374 469 401 469 401 469 401 442 1300 441 1300 441 401 469 401 469 402 441 402 468 402 468 402 468 375 468 402 468 402 468 402 441 402 468 402 468 402 468 375 468 403 467 403 467 403 440 403 467 1274 467 1273 468 404 466 427 416 403 467 404 466 427 443 400 443 427 443 427 443 427 416 427 444 1298 443 1298 443 427 443 427 443 400 443 427 443 427 443 427 416 427 443 427 443 427 416 427 443 427 443 427 443 400 443 427 443 427 443 427 416 428 442 1298 443 427 443 428 442 400 443 427 443 427 443 1298 443 1298 443 427 416 428 442 427 443 428 442 400 443 428 442 428 442 1299 442 400 443 428 442 428 442 428 415 428 442 428 442 428 442 401 442 1299 442 428 442 1299 442 428 442 428 415 428 442 428 442 1299 442,453 415 453 415 453 415 453 415 453 415 453 25359 3539 1702 453 1313 453 415 453 415 453 415 453 1313 453 415 453 415 453 415 453 415 453 1313 453 415 453 1313 453 1313 453 415 453 1313 453 1313 453 1313 453 1313 453 1313 453 415 453 415 453 1313 453 415 453 415 453 415 453 415 453 415 453 415 453 415 453 415 453 415 453 415 453 1313 453 415 453 1313 453 415 453 415 453 415 453 1313 453 1313 453 415 453 415 453 415 453 415 453 415 453 415 453 415 453 415 453 415 453 415 453 415 453 415 453 415 453 415 453 415 453 415 453 1313 453 1313 453 1313 453 415 453 1313 453 415 453 1313 453 1313 453 34965 3539 1702 453 1313 453 415 453 415 453 415 453 1313 453 415 453 415 453 415 453 415 453 1313 453 415 453 1313 453 1313 453 415 453 1313 453 1313 453 1313 453 1313 453 1313 453 415 453 415 453 1313 453 415 453 415 453 415 453 415 453 415 453 415 453 415 453 415 453 415 453 415 453 415 453 1313 453 415 453 415 453 415 453 415 453 1313 453 415 453 415 453 415 453 1313 453 1313 453 1313 453 1313 453 415 453 415 453 1313 453 1313 453 415 453 1313 453 1313 453 415 453 415 453 415 453 1313 453 1313 453 415 453 1313 453 415 453 1313 453 415 453 1313 453 34965 3539 1702 453 1313 453 415 453 415 453 415 453 1313 453 415 453 415 453 415 453 415 453 1313 453 415 453 1313 453 1313 453 415 453 1313 453 1313 453 1313 453 1313 453 1313 453 415 453 415 453 1313 453 415 453 415 453 415 453 415 453 415 453 415 453 415 453 415 453 415 453 415 453 415 453 415 453 415 453 415 453 415 453 415 453 415 453 415 453 415 453 415 453 415 453 1313 453 1313 453 1313 453 415 453 415 453 415 453 415 453 1313 453 415 453 1313 453 1313 453 415 453 415 453 415 453 415 453 415 453 415 453 415 453 415 453 415 453 415 453 415 453 415 453 415 453 415 453 415 453 1313 453 1313 453 415 453 415 453 415 453 415 453 415 453 415 453 415 453 415 453 415 453 415 453 415 453 415 453 415 453 415 453 415 453 415 453 415 453 415 453 1313 453 1313 453 415 453 415 453 415 453 415 453 415 453 415 453 415 453 415 453 415 453 415 453 1313 453 1313 453 415 453 415 453 415 453 415 453 415 453 415 453 415 453 415 453 415 453 415 453 415 453 415 453 415 453 415 453 415 453 415 453 415 453 1313 453 415 453 415 453 415 453 415 453 415 453 1313 453 1313 453 415 453 415 453 415 453 415 453 415 453 415 453 415 453 1313 453 415 453 415 453 415 453 415 453 415 453 415 453 415 453 415 453 1313 453 415 453 1313 453 415 453 415 453 415 453 415 453 1313 453,525 339 495 373 489 379 463 406 460 408 459 25355 3540 1721 475 1288 476 387 515 354 512 356 512 1282 440 396 513 355 513 356 513 355 513 1282 439 397 513 1282 440 1323 412 425 508 1287 358 1404 404 1359 436 1327 476 1287 475 389 511 341 528 1282 440 397 512 356 512 356 514 355 512 356 513 356 512 356 512 357 512 356 512 340 528 1282 439 398 512 1282 440 397 512 356 512 357 513 1281 439 1324 414 423 511 357 511 357 513 356 513 355 512 356 514 355 512 356 513 355 513 355 513 356 512 356 513 355 513 356 513 355 512 356 513 1282 438 1325 410 1353 359 478 444 1350 405 434 413 1379 436 1328 477 34919 3535 1748 413 1349 438 399 513 356 513 355 513 1282 439 397 513 355 514 355 513 355 513 1282 412 425 512 1282 383 1380 379 458 417 1378 428 1334 470 1293 479 1283 478 1313 423 413 513 355 512 1283 413 423 532 336 513 355 513 356 512 356 513 356 512 356 513 355 513 355 513 356 513 355 513 1282 437 400 512 356 512 356 513 355 513 1282 414 422 513 356 512 356 513 1282 411 1352 359 1404 384 1378 435 406 412 456 411 1380 474 1289 480 367 529 1256 478 1311 417 419 514 355 512 356 512 1283 413 1350 412 424 512 1283 383 453 480 1315 358 479 419 1375 406 34986 3572 1688 508 1257 478 385 512 356 512 357 512 1281 415 422 513 356 513 355 512 356 512 1282 414 423 513 1282 424 1338 412 425 485 1310 359 1404 403 1361 433 1329 479 1284 479 368 528 340 528 1256 477 386 513 356 511 357 512 357 512 356 511 358 511 357 511 341 527 341 528 340 528 339 529 340 529 339 529 339 530 337 531 338 530 337 531 338 530 337 502 366 496 373 490 1298 479 1284 478 1311 411 425 512 357 511 357 512 356 512 1283 412 425 511 1283 412 1350 384 454 479 389 457 411 480 389 458 410 481 388 458 410 486 382 510 358 489 379 512 357 510 358 488 380 512 357 488 380 489 1305 410 1353 360 478 449 419 451 417 476 392 454 415 454 414 479 389 457 412 457 411 457 411 458 410 459 410 485 383 488 380 489 380 488 380 488 380 488 381 487 1306 410 1353 360 478 447 421 449 419 451 418 452 416 453 416 453 415 454 414 455 413 456 415 454 1337 361 1403 405 433 390 479 388 480 389 481 414 452 416 452 442 426 443 425 444 425 444 424 445 423 445 423 448 421 447 421 449 420 451 417 448 420 449 1317 388 478 389 479 415 454 417 451 416 452 417 1348 435 1331 463 404 459 410 461 407 459 409 457 411 456 412 450 421 430 1333 492 376 463 405 460 408 457 411 434 434 434 434 434 434 435 433 435 1331 434 434 456 1327 469 382 485 383 488 380 488 380 461 1320 443,466 395 466 395 466 395 466 395 466 395 466 25368 3527 1734 466 1324 466 395 466 395 466 395 466 1324 466 395 466 395 466 395 466 395 466 1324 466 395 466 1324 466 1324 466 395 466 1324 466 1324 466 1324 466 1324 466 1324 466 395 466 395 466 1324 466 395 466 395 466 395 466 395 466 395 466 395 466 395 466 395 466 395 466 395 466 1324 466 395 466 1324 466 395 466 395 466 395 466 1324 466 1324 466 395 466 395 466 395 466 395 466 395 466 395 466 395 466 395 466 395 466 395 466 395 466 395 466 395 466 395 466 395 466 395 466 1324 466 1324 466 1324 466 395 466 1324 466 395 466 1324 466 1324 466 34999 3527 1734 466 1324 466 395 466 395 466 395 466 1324 466 395 466 395 466 395 466 395 466 1324 466 395 466 1324 466 1324 466 395 466 1324 466 1324 466 1324 466 1324 466 1324 466 395 466 395 466 1324 466 395 466 395 466 395 466 395 466 395 466 395 466 395 466 395 466 395 466 395 466 395 466 1324 466 395 466 395 466 395 466 395 466 1324 466 395 466 395 466 395 466 1324 466 1324 466 1324 466 1324 466 395 466 395 466 1324 466 1324 466 395 466 1324 466 1324 466 395 466 395 466 395 466 1324 466 1324 466 395 466 1324 466 395 466 1324 466 395 466 1324 466 34999 3527 1734 466 1324 466 395 466 395 466 395 466 1324 466 395 466 395 466 395 466 395 466 1324 466 395 466 1324 466 1324 466 395 466 1324 466 1324 466 1324 466 1324 466 1324 466 395 466 395 466 1324 466 395 466 395 466 395 466 395 466 395 466 395 466 395 466 395 466 395 466 395 466 395 466 395 466 395 466 395 466 395 466 395 466 395 466 395 466 395 466 395 466 395 466 1324 466 1324 466 1324 466 395 466 395 466 395 466 395 466 1324 466 395 466 1324 466 1324 466 395 466 395 466 395 466 395 466 395 466 395 466 395 466 395 466 395 466 395 466 395 466 395 466 395 466 395 466 395 466 1324 466 1324 466 395 466 395 466 395 466 395 466 395 466 395 466 395 466 395 466 395 466 395 466 395 466 395 466 395 466 395 466 395 466 395 466 395 466 395 466 1324 466 1324 466 395 466 395 466 395 466 395 466 395 466 395 466 395 466 395 466 395 466 395 466 1324 466 1324 466 395 466 395 466 395 466 395 466 395 466 395 466 395 466 395 466 395 466 395 466 395 466 395 466 395 466 395 466 395 466 395 466 395 466 1324 466 395 466 395 466 395 466 395 466 395 466 1324 466 1324 466 395 466 395 466 395 466 395 466 395 466 395 466 395 466 1324 466 395 466 395 466 395 466 395 466 395 466 395 466 395 466 395 466 1324 466 395 466 1324 466 395 466 395 466 395 466 395 466 1324 466
Daikin_FTX50GV1B.ir,Fan,DAIKIN 118 bits 11da2700c50000d711da2700423d1bac11da27000038320070000006600000c1800093,1,True,learned fidelity_check (583 timings),DAIKIN 118 bits 11da2700c50000d711da2700423d1bac11da27000038320070000006600000c1800093,True,-6.8,17.7,86,475 396 474 396 474 396 474 369 474 396 474 25349 3525 1696 450 1292 449 422 474 396 475 396 446 1293 447 399 470 400 469 401 469 374 469 1271 470 401 469 1272 469 1272 469 401 470 1271 470 1272 469 1272 469 1271 470 1272 469 401 442 401 469 1271 470 401 469 401 469 374 469 401 469 401 469 401 442 401 469 401 470 401 469 374 469 1272 469 401 469 1272 469 401 469 374 469 401 469 1272 469 1272 469 401 469 401 442 401 469 401 469 401 469 374 469 401 469 401 469 401 442 401 469 402 468 401 469 374 469 402 468 401 469 374 469 1272 469 1273 468 1272 469 402 468 1272 469 402 468 1273 468 1273 468 34904 3522 1703 470 1271 470 401 442 401 469 401 469 1271 470 401 469 374 469 400 470 400 470 1271 470 401 442 1298 443 1298 443 401 469 1271 470 1271 470 1271 470 1271 470 1271 470 400 470 401 442 1299 442 401 469 401 469 401 469 374 469 401 469 401 469 401 442 401 469 401 469 401 469 374 469 1272 469 401 469 401 469 401 442 401 469 1272 469 401 469 1272 469 401 442 1299 442 1299 442 1300 441 1299 442 402 469 401 469 1272 469 1273 468 401 469 1272 469 1273 468 374 469 402 468 402 468 402 441 402 468 1273 468 1273 468 402 468 1273 468 402 468 1273 468 34904 3522 1703 470 1271 470 374 469 400 470 401 469 1271 470 374 469 400 470 400 470 400 443 1298 443 401 469 1271 470 1271 470 400 470 1271 470 1271 470 1271 470 1271 470 1271 470 400 470 374 469 1271 470 401 469 400 470 400 443 401 469 401 469 400 470 374 469 400 470 401 469 401 442 401 469 400 470 401 442 401 469 401 469 401 469 374 469 401 469 401 469 401 442 401 469 1272 469 1272 469 1272 469 401 469 401 469 374 469 1272 469 401 469 401 469 1272 469 1272 469 401 442 401 469 401 469 401 442 401 469 401 469 401 469 374 469 401 469 402 469 401 442 402 468 402 468 401 469 1273 468 1273 468 1273 468 374 469 402 468 402 468 402 441 402 468 402 468 402 441 402 469 402 468 403 467 375 468 403 467 403 467 403 440 403 467 403 467 403 467 376 467 1275 466 1298 443 404 467 427 443 427 416 427 443 427 443 427 443 400 443 427 443 427 443 400 443 1298 443 1298 443 427 443 427 443 427 416 427 443 427 443 427 443 400 443 427 443 427 443 427 416 427 443 427 443 427 443 400 443 427 443 427 443 400 443 1298 443 427 443 428 442 427 416 428 442 428 442 1299 442 1299 442 428 442 400 443 428 442 428 442 428 415 428 442 428 442 1299 442 428 442 401 442 428 442 428 442 401 442 428 442 428 442 428 415 1326 415 1326 415 429 441 428 442 1299 442 428 442 401 442 1299 442,475 396 474 396 474 396 474 369 474 396 474 25349 3525 1696 450 1292 449 422 474 396 475 396 446 1293 447 399 470 400 469 401 469 374 469 1271 470 401 469 1272 469 1272 469 401 470 1271 470 1272 469 1272 469 1271 470 1272 469 401 442 401 469 1271 470 401 469 401 469 374 469 401 469 401 469 401 442 401 469 401 470 401 469 374 469 1272 469 401 469 1272 469 401 469 374 469 401 469 1272 469 1272 469 401 469 401 442 401 469 401 469 401 469 374 469 401 469 401 469 401 442 401 469 402 468 401 469 374 469 402 468 401 469 374 469 1272 469 1273 468 1272 469 402 468 1272 469 402 468 1273 468 1273 468 34904 3522 1703 470 1271 470 401 442 401 469 401 469 1271 470 401 469 374 469 400 470 400 470 1271 470 401 442 1298 443 1298 443 401 469 1271 470 1271 470 1271 470 1271 470 1271 470 400 470 401 442 1299 442 401 469 401 469 401 469 374 469 401 469 401 469 401 442 401 469 401 469 401 469 374 469 1272 469 401 469 401 469 401 442 401 469 1272 469 401 469 1272 469 401 442 1299 442 1299 442 1300 441 1299 442 402 469 401 469 1272 469 1273 468 401 469 1272 469 1273 468 374 469 402 468 402 468 402 441 402 468 1273 468 1273 468 402 468 1273 468 402 468 1273 468 34904 3522 1703 470 1271 470 374 469 400 470 401 469 1271 470 374 469 400 470 400 470 400 443 1298 443 401 469 1271 470 1271 470 400 470 1271 470 1271 470 1271 470 1271 470 1271 470 400 470 374 469 1271 470 401 469 400 470 400 443 401 469 401 469 400 470 374 469 400 470 401 469 401 442 401 469 400 470 401 442 401 469 401 469 401 469 374 469 401 469 401 469 401 442 401 469 1272 469 1272 469 1272 469 401 469 401 469 374 469 1272 469 401 469 401 469 1272 469 1272 469 401 442 401 469 401 469 401 442 401 469 401 469 401 469 374 469 401 469 402 469 401 442 402 468 402 468 401 469 1273 468 1273 468 1273 468 374 469 402 468 402 468 402 441 402 468 402 468 402 441 402 469 402 468 403 467 375 468 403 467 403 467 403 440 403 467 403 467 403 467 376 467 1275 466 1298 443 404 467 427 443 427 416 427 443 427 443 427 443 400 443 427 443 427 443 400 443 1298 443 1298 443 427 443 427 443 427 416 427 443 427 443 427 443 400 443 427 443 427 443 427 416 427 443 427 443 427 443 400 443 427 443 427 443 400 443 1298 443 427 443 428 442 427 416 428 442 428 442 1299 442 1299 442 428 442 400 443 428 442 428 442 428 415 428 442 428 442 1299 442 428 442 401 442 428 442 428 442 401 442 428 442 428 442 428 415 1326 415 1326 415 429 441 428 442 1299 442 428 442 401 442 1299 442,499 365 468 400 468 401 467 376 465 405 414 25422 3517 1724 412 1325 359 483 412 459 433 438 452 1306 473 363 468 400 469 400 468 374 468 1300 501 337 467 1300 477 1260 412 451 415 1353 469 1267 504 1233 479 1258 503 1233 444 402 383 461 434 1350 435 401 441 427 469 373 469 400 468 400 469 399 513 329 469 400 468 404 465 378 466 1297 439 408 435 1350 434 402 442 400 467 402 468 1300 485 1251 480 361 465 405 478 364 492 379 496 374 462 381 434 451 389 478 415 453 467 375 442 427 468 400 468 374 469 399 468 401 468 374 468 1300 480 1256 468 1269 386 477 416 1352 504 333 468 1300 504 1233 503 34857 3442 1798 507 1230 475 369 435 407 495 376 460 1298 433 431 440 401 465 404 468 400 469 1299 480 357 511 1258 413 1323 358 462 461 1298 433 1329 515 1222 503 1233 481 1256 476 367 464 407 382 1378 404 432 416 452 441 428 466 376 468 400 468 400 468 400 513 329 469 400 468 401 467 377 465 1300 448 397 468 402 436 449 408 435 414 1353 477 360 468 1300 482 355 488 1280 413 1324 410 1326 380 1383 382 429 468 400 468 1300 482 1254 481 361 465 1299 441 1321 429 382 415 453 440 429 465 403 491 352 467 1300 482 1255 480 362 467 1296 441 423 419 1347 437 34899 3563 1673 414 1351 483 329 467 401 467 401 468 1299 484 329 467 402 467 403 465 405 447 1316 359 478 390 1376 472 1266 483 354 469 1298 483 1255 482 1254 443 1294 410 1351 483 356 468 374 468 1298 485 354 468 400 468 403 485 359 465 405 465 403 465 379 466 404 435 450 396 472 435 407 416 459 435 427 485 357 468 400 468 400 469 373 468 401 468 400 468 402 485 359 466 1297 449 1285 391 1374 474 365 468 400 468 374 468 1298 483 356 468 402 466 1298 476 1259 416 451 409 433 416 452 440 429 476 366 468 400 469 400 467 375 468 400 467 401 468 402 484 360 466 405 469 399 466 1291 416 1325 491 1244 509 330 468 400 469 400 468 401 484 359 466 404 466 403 477 367 466 404 495 392 445 398 443 424 391 478 414 454 440 402 440 428 469 399 469 374 467 1273 499 1264 470 376 503 391 408 462 415 428 381 504 409 458 436 407 413 456 442 426 474 369 469 1269 441 1295 444 426 437 433 435 435 456 387 382 488 381 504 384 457 410 458 413 458 412 456 413 430 472 396 477 391 476 366 475 393 474 394 472 370 470 1272 463 406 432 440 404 480 362 480 387 482 410 1350 416 1321 420 426 439 403 438 430 439 431 438 432 412 431 439 431 432 1323 410 459 409 434 407 463 408 482 411 431 413 455 416 453 416 452 386 1351 387 1350 387 457 410 459 409 1327 408 485 383 459 384 1353 409,453 415 453 415 453 415 453 415 453 415 453 25435 3504 1737 453 1312 453 415 453 415 453 415 453 1312 453 415 453 415 453 415 453 415 453 1312 453 415 453 1312 453 1312 453 415 453 1312 453 1312 453 1312 453 1312 453 1312 453 415 453 415 453 1312 453 415 453 415 453 415 453 415 453 415 453 415 453 415 453 415 453 415 453 415 453 1312 453 415 453 1312 453 415 453 415 453 415 453 1312 453 1312 453 415 453 415 453 415 453 415 453 415 453 415 453 415 453 415 453 415 453 415 453 415 453 415 453 415 453 415 453 415 453 415 453 1312 453 1312 453 1312 453 415 453 1312 453 415 453 1312 453 1312 453 34912 3504 1737 453 1312 453 415 453 415 453 415 453 1312 453 415 453 415 453 415 453 415 453 1312 453 415 453 1312 453 1312 453 415 453 1312 453 1312 453 1312 453 1312 453 1312 453 415 453 415 453 1312 453 415 453 415 453 415 453 415 453 415 453 415 453 415 453 415 453 415 453 415 453 415 453 1312 453 415 453 415 453 415 453 415 453 1312 453 415 453 1312 453 415 453 1312 453 1312 453 1312 453 1312 453 415 453 415 453 1312 453 1312 453 415 453 1312 453 1312 453 415 453 415 453 415 453 415 453 415 453 1312 453 1312 453 415 453 1312 453 415 453 1312 453 34912 3504 1737 453 1312 453 415 453 415 453 415 453 1312 453 415 453 415 453 415 453 415 453 1312 453 415 453 1312 453 1312 453 415 453 1312 453 1312 453 1312 453 1312 453 1312 453 415 453 415 453 1312 453 415 453 415 453 415 453 415 453 415 453 415 453 415 453 415 453 415 453 415 453 415 453 415 453 415 453 415 453 415 453 415 453 415 453 415 453 415 453 415 453 415 453 1312 453 1312 453 1312 453 415 453 415 453 415 453 1312 453 415 453 415 453 1312 453 1312 453 415 453 415 453 415 453 415 453 415 453 415 453 415 453 415 453 415 453 415 453 415 453 415 453 415 453 415 453 1312 453 1312 453 1312 453 415 453 415 453 415 453 415 453 415 453 415 453 415 453 415 453 415 453 415 453 415 453 415 453 415 453 415 453 415 453 415 453 415 453 415 453 1312 453 1312 453 415 453 415 453 415 453 415 453 415 453 415 453 415 453 415 453 415 453 415 453 1312 453 1312 453 415 453 415 453 415 453 415 453 415 453 415 453 415 453 415 453 415 453 415 453 415 453 415 453 415 453 415 453 415 453 415 453 415 453 1312 453 415 453 415 453 415 453 415 453 415 453 1312 453 1312 453 415 453 415 453 415 453 415 453 415 453 415 453 415 453 1312 453 415 453 415 453 415 453 415 453 415 453 415 453 415 453 415 453 1312 453 1312 453 415 453 415 453 1312 453 415 453 415 453 1312 453
Daikin_FTX50GV1B.ir,Fan,DAIKIN 118 bits 11da2700c50000d711da2700423d1bac11da27000038320070000006600000c1800093,2,True,learned fidelity_check (583 timings),DAIKIN 118 bits 11da2700c50000d711da2700423d1bac11da27000038320070000006600000c1800093,True,20.9,-26.7,43,475 396 474 396 474 396 474 369 474 396 474 25349 3525 1696 450 1292 449 422 474 396 475 396 446 1293 447 399 470 400 469 401 469 374 469 1271 470 401 469 1272 469 1272 469 401 470 1271 470 1272 469 1272 469 1271 470 1272 469 401 442 401 469 1271 470 401 469 401 469 374 469 401 469 401 469 401 442 401 469 401 470 401 469 374 469 1272 469 401 469 1272 469 401 469 374 469 401 469 1272 469 1272 469 401 469 401 442 401 469 401 469 401 469 374 469 401 469 401 469 401 442 401 469 402 468 401 469 374 469 402 468 401 469 374 469 1272 469 1273 468 1272 469 402 468 1272 469 402 468 1273 468 1273 468 34904 3522 1703 470 1271 470 401 442 401 469 401 469 1271 470 401 469 374 469 400 470 400 470 1271 470 401 442 1298 443 1298 443 401 469 1271 470 1271 470 1271 470 1271 470 1271 470 400 470 401 442 1299 442 401 469 401 469 401 469 374 469 401 469 401 469 401 442 401 469 401 469 401 469 374 469 1272 469 401 469 401 469 401 442 401 469 1272 469 401 469 1272 469 401 442 1299 442 1299 442 1300 441 1299 442 402 469 401 469 1272 469 1273 468 401 469 1272 469 1273 468 374 469 402 468 402 468 402 441 402 468 1273 468 1273 468 402 468 1273 468 402 468 1273 468 34904 3522 1703 470 1271 470 374 469 400 470 401 469 1271 470 374 469 400 470 400 470 400 443 1298 443 401 469 1271 470 1271 470 400 470 1271 470 1271 470 1271 470 1271 470 1271 470 400 470 374 469 1271 470 401 469 400 470 400 443 401 469 401 469 400 470 374 469 400 470 401 469 401 442 401 469 400 470 401 442 401 469 401 469 401 469 374 469 401 469 401 469 401 442 401 469 1272 469 1272 469 1272 469 401 469 401 469 374 469 1272 469 401 469 401 469 1272 469 1272 469 401 442 401 469 401 469 401 442 401 469 401 469 401 469 374 469 401 469 402 469 401 442 402 468 402 468 401 469 1273 468 1273 468 1273 468 374 469 402 468 402 468 402 441 402 468 402 468 402 441 402 469 402 468 403 467 375 468 403 467 403 467 403 440 403 467 403 467 403 467 376 467 1275 466 1298 443 404 467 427 443 427 416 427 443 427 443 427 443 400 443 427 443 427 443 400 443 1298 443 1298 443 427 443 427 443 427 416 427 443 427 443 427 443 400 443 427 443 427 443 427 416 427 443 427 443 427 443 400 443 427 443 427 443 400 443 1298 443 427 443 428 442 427 416 428 442 428 442 1299 442 1299 442 428 442 400 443 428 442 428 442 428 415 428 442 428 442 1299 442 428 442 401 442 428 442 428 442 401 442 428 442 428 442 428 415 1326 415 1326 415 429 441 428 442 1299 442 428 442 401 442 1299 442,453 415 453 415 453 415 453 415 453 415 453 25435 3504 1737 453 1312 453 415 453 415 453 415 453 1312 453 415 453 415 453 415 453 415 453 1312 453 415 453 1312 453 1312 453 415 453 1312 453 1312 453 1312 453 1312 453 1312 453 415 453 415 453 1312 453 415 453 415 453 415 453 415 453 415 453 415 453 415 453 415 453 415 453 415 453 1312 453 415 453 1312 453 415 453 415 453 415 453 1312 453 1312 453 415 453 415 453 415 453 415 453 415 453 415 453 415 453 415 453 415 453 415 453 415 453 415 453 415 453 415 453 415 453 415 453 1312 453 1312 453 1312 453 415 453 1312 453 415 453 1312 453 1312 453 34912 3504 1737 453 1312 453 415 453 415 453 415 453 1312 453 415 453 415 453 415 453 415 453 1312 453 415 453 1312 453 1312 453 415 453 1312 453 1312 453 1312 453 1312 453 1312 453 415 453 415 453 1312 453 415 453 415 453 415 453 415 453 415 453 415 453 415 453 415 453 415 453 415 453 415 453 1312 453 415 453 415 453 415 453 415 453 1312 453 415 453 1312 453 415 453 1312 453 1312 453 1312 453 1312 453 415 453 415 453 1312 453 1312 453 415 453 1312 453 1312 453 415 453 415 453 415 453 415 453 415 453 1312 453 1312 453 415 453 1312 453 415 453 1312 453 34912 3504 1737 453 1312 453 415 453 415 453 415 453 1312 453 415 453 415 453 415 453 415 453 1312 453 415 453 1312 453 1312 453 415 453 1312 453 1312 453 1312 453 1312 453 1312 453 415 453 415 453 1312 453 415 453 415 453 415 453 415 453 415 453 415 453 415 453 415 453 415 453 415 453 415 453 415 453 415 453 415 453 415 453 415 453 415 453 415 453 415 453 415 453 415 453 1312 453 1312 453 1312 453 415 453 415 453 415 453 1312 453 415 453 415 453 1312 453 1312 453 415 453 415 453 415 453 415 453 415 453 415 453 415 453 415 453 415 453 415 453 415 453 415 453 415 453 415 453 1312 453 1312 453 1312 453 415 453 415 453 415 453 415 453 415 453 415 453 415 453 415 453 415 453 415 453 415 453 415 453 415 453 415 453 415 453 415 453 415 453 415 453 1312 453 1312 453 415 453 415 453 415 453 415 453 415 453 415 453 415 453 415 453 415 453 415 453 1312 453 1312 453 415 453 415 453 415 453 415 453 415 453 415 453 415 453 415 453 415 453 415 453 415 453 415 453 415 453 415 453 415 453 415 453 415 453 1312 453 415 453 415 453 415 453 415 453 415 453 1312 453 1312 453 415 453 415 453 415 453 415 453 415 453 415 453 415 453 1312 453 415 453 415 453 415 453 415 453 415 453 415 453 415 453 415 453 1312 453 1312 453 415 453 415 453 1312 453 415 453 415 453 1312 453,479 389 513 355 513 356 513 355 513 356 512 25380 3528 1739 440 1323 413 423 511 357 512 357 511 1284 410 426 484 384 509 360 509 359 512 1283 385 451 480 1315 359 1404 380 457 415 1380 405 1357 437 1326 473 1290 476 1287 476 388 512 340 528 1256 476 387 512 356 512 357 512 356 512 357 512 341 526 341 528 339 529 339 529 339 530 1256 476 387 512 1282 439 398 513 356 512 355 513 1282 439 1324 440 397 512 356 513 355 513 355 513 356 513 355 513 355 513 356 512 356 513 355 514 355 512 356 513 356 512 356 512 357 511 357 512 1282 438 1325 439 1324 439 397 513 1282 439 398 513 1282 414 1348 410 34925 3497 1769 405 1358 434 407 435 433 433 436 410 1380 464 378 460 409 459 409 456 411 435 1356 470 372 491 1297 477 1287 476 369 530 1255 477 1312 439 1325 440 1323 439 1323 438 399 513 356 511 1283 412 425 509 359 511 357 511 360 509 357 512 356 513 355 513 355 513 356 512 356 513 355 513 1282 439 397 513 356 512 356 513 355 513 1282 413 424 511 1283 410 427 483 1312 359 1404 379 1384 405 1358 434 406 435 434 434 1356 467 1296 477 367 532 1255 478 1285 478 385 513 356 512 356 512 357 512 340 528 1255 478 1312 438 398 513 1282 437 400 513 1282 437 34896 3529 1738 359 1404 360 476 444 425 445 423 446 1348 380 457 417 452 417 451 419 449 420 1375 404 433 392 1402 430 1333 463 378 459 1331 476 1287 478 1285 478 1311 437 1326 437 399 513 356 512 1282 438 399 513 356 512 356 512 356 512 356 513 355 513 356 512 356 513 356 513 355 513 355 513 356 512 356 513 355 513 356 512 356 513 356 512 356 512 357 511 341 528 340 528 1255 479 1311 437 1326 426 410 513 356 513 355 512 1283 414 423 512 356 512 1282 415 1349 412 424 511 357 513 355 513 356 512 359 509 356 513 356 512 356 513 355 513 356 512 356 512 356 513 356 512 356 512 1283 413 1349 412 1351 409 428 482 386 483 385 484 385 484 384 485 384 486 382 511 357 513 355 513 356 512 356 512 356 512 357 512 356 512 356 512 357 511 357 511 357 512 1283 412 1350 411 427 484 384 509 359 512 356 512 357 511 357 512 356 512 357 512 356 489 379 512 1282 411 1352 409 428 457 412 480 388 458 410 458 410 486 383 488 380 488 381 488 380 487 381 487 382 487 381 488 380 487 381 488 381 487 381 488 380 488 1305 412 427 487 381 487 381 487 382 486 382 486 1281 438 1325 435 429 482 386 483 386 484 384 486 382 486 383 485 383 486 1280 415 451 481 387 482 386 480 389 483 385 482 387 482 386 480 388 480 1285 442 1321 416 450 444 425 444 1320 389 478 414 455 389 1375 431,474 372 474 372 474 372 474 372 474 372 474 25393 3515 1752 474 1325 474 372 474 372 474 372 474 1325 474 372 474 372 474 372 474 372 474 1325 474 372 474 1325 474 1325 474 372 474 1325 474 1325 474 1325 474 1325 474 1325 474 372 474 372 474 1325 474 372 474 372 474 372 474 372 474 372 474 372 474 372 474 372 474 372 474 372 474 1325 474 372 474 1325 474 372 474 372 474 372 474 1325 474 1325 474 372 474 372 474 372 474 372 474 372 474 372 474 372 474 372 474 372 474 372 474 372 474 372 474 372 474 372 474 372 474 372 474 1325 474 1325 474 1325 474 372 474 1325 474 372 474 1325 474 1325 474 34938 3515 1752 474 1325 474 372 474 372 474 372 474 1325 474 372 474 372 474 372 474 372 474 1325 474 372 474 1325 474 1325 474 372 474 1325 474 1325 474 1325 474 1325 474 1325 474 372 474 372 474 1325 474 372 474 372 474 372 474 372 474 372 474 372 474 372 474 372 474 372 474 372 474 372 474 1325 474 372 474 372 474 372 474 372 474 1325 474 372 474 1325 474 372 474 1325 474 1325 474 1325 474 1325 474 372 474 372 474 1325 474 1325 474 372 474 1325 474 1325 474 372 474 372 474 372 474 372 474 372 474 1325 474 1325 474 372 474 1325 474 372 474 1325 474 34938 3515 1752 474 1325 474 372 474 372 474 372 474 1325 474 372 474 372 474 372 474 372 474 1325 474 372 474 1325 474 1325 474 372 474 1325 474 1325 474 1325 474 1325 474 1325 474 372 474 372 474 1325 474 372 474 372 474 372 474 372 474 372 474 372 474 372 474 372 474 372 474 372 474 372 474 372 474 372 474 372 474 372 474 372 474 372 474 372 474 372 474 372 474 372 474 1325 474 1325 474 1325 474 372 474 372 474 372 474 1325 474 372 474 372 474 1325 474 1325 474 372 474 372 474 372 474 372 474 372 474 372 474 372 474 372 474 372 474 372 474 372 474 372 474 372 474 372 474 1325 474 1325 474 1325 474 372 474 372 474 372 474 372 474 372 474 372 474 372 474 372 474 372 474 372 474 372 474 372 474 372 474 372 474 372 474 372 474 372 474 372 474 1325 474 1325 474 372 474 372 474 372 474 372 474 372 474 372 474 372 474 372 474 372 474 372 474 1325 474 1325 474 372 474 372 474 372 474 372 474 372 474 372 474 372 474 372 474 372 474 372 474 372 474 372 474 372 474 372 474 372 474 372 474 372 474 1325 474 372 474 372 474 372 474 372 474 372 474 1325 474 1325 474 372 474 372 474 372 474 372 474 372 474 372 474 372 474 1325 474 372 474 372 474 372 474 372 474 372 474 372 474 372 474 372 474 1325 474 1325 474 372 474 372 474 1325 474 372 474 372 474 1325 474
Daikin_FTXM95PVMA.ir,Power,DAIKIN 118 bits 11da2700c51000e711da27004200106411da270000092400a0000006600000c1800086,1,False,"Home Assistant rejected call_service: {'code': 'home_assistant_error', 'message': 'Timeout waiting for response from action call get_last_capture on ir-bridge', 'translation_key': 'action_call_timeout', 'translation_placeholders': {'call_name': 'get_last_capture', 'device_name': 'ir-bridge'}, 'translation_domain': 'esphome'}",,False,,,,454 414 452 413 453 413 453 413 453 412 454 25103 3488 1708 454 1278 454 413 453 413 453 413 453 1278 454 413 453 413 453 412 453 413 453 1278 479 388 478 1254 478 1255 477 389 476 1257 475 1283 449 1283 449 1284 448 1284 448 417 449 417 449 1284 448 417 449 417 449 417 449 417 449 418 448 417 449 418 448 417 449 418 448 418 448 1284 448 418 448 1284 448 418 448 418 448 418 448 1284 448 1284 448 418 448 418 448 418 448 418 448 1284 448 418 448 418 447 418 448 418 448 418 448 418 448 418 448 418 448 418 448 418 448 418 448 1284 448 1284 448 1285 447 418 448 418 448 1285 447 1285 447 1285 447 35478 3510 1713 449 1284 448 418 448 418 448 417 449 1284 448 418 448 418 448 418 448 418 448 1284 448 418 448 1284 448 1284 448 417 449 1284 448 1284 448 1284 448 1284 448 1284 448 418 448 418 448 1284 448 418 448 418 448 418 448 418 448 418 448 418 448 418 448 418 447 418 448 418 448 418 448 1284 448 418 448 418 448 418 448 418 448 1285 447 418 448 418 447 418 448 418 448 418 448 418 448 418 448 418 448 418 447 418 448 418 448 419 447 419 447 1285 447 418 448 418 448 418 448 418 448 418 448 1285 447 419 447 418 448 1285 447 1285 447 418 448 35479 3509 1713 449 1284 448 417 449 417 449 417 449 1284 448 418 448 418 448 418 448 418 448 1284 448 418 448 1284 448 1284 448 418 448 1284 448 1284 448 1284 448 1284 448 1284 448 418 448 418 448 1284 448 418 448 418 448 418 448 418 448 418 448 418 448 418 448 418 448 418 448 418 448 418 448 418 448 418 448 418 448 418 448 418 447 418 448 418 448 1285 447 418 448 418 448 1285 447 418 448 418 448 418 448 418 448 418 448 418 448 1285 447 418 448 418 448 1285 447 418 448 418 448 418 448 418 448 418 448 418 448 418 448 418 448 418 448 418 448 418 448 418 448 419 447 418 448 418 448 1285 447 419 447 1285 447 418 448 418 447 419 447 419 447 419 447 419 447 419 447 419 447 419 447 419 447 419 447 419 447 419 447 419 447 419 447 419 447 419 447 1285 447 1286 446 419 447 419 447 419 447 419 447 419 447 419 447 419 447 420 446 419 446 420 446 1286 446 1286 446 420 446 420 446 419 446 420 446 420 446 420 446 420 446 420 446 420 446 420 446 420 446 420 446 420 446 420 446 420 446 420 446 420 446 1287 445 420 446 420 446 420 446 420 446 421 445 1287 445 1287 445 421 445 421 445 421 445 421 445 421 445 421 445 421 445 1288 444 421 445 421 445 421 445 422 444 421 445 422 444 421 445 422 444 422 444 1288 444 1288 444 422 444 422 444 422 444 422 444 1289 443,454 414 452 413 453 413 453 413 453 412 454 25103 3488 1708 454 1278 454 413 453 413 453 413 453 1278 454 413 453 413 453 412 453 413 453 1278 479 388 478 1254 478 1255 477 389 476 1257 475 1283 449 1283 449 1284 448 1284 448 417 449 417 449 1284 448 417 449 417 449 417 449 417 449 418 448 417 449 418 448 417 449 418 448 418 448 1284 448 418 448 1284 448 418 448 418 448 418 448 1284 448 1284 448 418 448 418 448 418 448 418 448 1284 448 418 448 418 447 418 448 418 448 418 448 418 448 418 448 418 448 418 448 418 448 418 448 1284 448 1284 448 1285 447 418 448 418 448 1285 447 1285 447 1285 447 35478 3510 1713 449 1284 448 418 448 418 448 417 449 1284 448 418 448 418 448 418 448 418 448 1284 448 418 448 1284 448 1284 448 417 449 1284 448 1284 448 1284 448 1284 448 1284 448 418 448 418 448 1284 448 418 448 418 448 418 448 418 448 418 448 418 448 418 448 418 447 418 448 418 448 418 448 1284 448 418 448 418 448 418 448 418 448 1285 447 418 448 418 447 418 448 418 448 418 448 418 448 418 448 418 448 418 447 418 448 418 448 419 447 419 447 1285 447 418 448 418 448 418 448 418 448 418 448 1285 447 419 447 418 448 1285 447 1285 447 418 448 35479 3509 1713 449 1284 448 417 449 417 449 417 449 1284 448 418 448 418 448 418 448 418 448 1284 448 418 448 1284 448 1284 448 418 448 1284 448 1284 448 1284 448 1284 448 1284 448 418 448 418 448 1284 448 418 448 418 448 418 448 418 448 418 448 418 448 418 448 418 448 418 448 418 448 418 448 418 448 418 448 418 448 418 448 418 447 418 448 418 448 1285 447 418 448 418 448 1285 447 418 448 418 448 418 448 418 448 418 448 418 448 1285 447 418 448 418 448 1285 447 418 448 418 448 418 448 418 448 418 448 418 448 418 448 418 448 418 448 418 448 418 448 418 448 419 447 418 448 418 448 1285 447 419 447 1285 447 418 448 418 447 419 447 419 447 419 447 419 447 419 447 419 447 419 447 419 447 419 447 419 447 419 447 419 447 419 447 419 447 419 447 1285 447 1286 446 419 447 419 447 419 447 419 447 419 447 419 447 419 447 420 446 419 446 420 446 1286 446 1286 446 420 446 420 446 419 446 420 446 420 446 420 446 420 446 420 446 420 446 420 446 420 446 420 446 420 446 420 446 420 446 420 446 420 446 1287 445 420 446 420 446 420 446 420 446 421 445 1287 445 1287 445 421 445 421 445 421 445 421 445 421 445 421 445 421 445 1288 444 421 445 421 445 421 445 422 444 421 445 422 444 421 445 422 444 422 444 1288 444 1288 444 422 444 422 444 422 444 422 444 1289 443,,
Daikin_FTXM95PVMA.ir,Fan,DAIKIN 118 bits 11da2700c51000e711da27004200106411da270000092400b0000006600000c1800096,1,True,learned fidelity_check (583 timings),DAIKIN 118 bits 11da2700c51000e711da27004200106411da270000092400b0000006600000c1800096,True,7.2,-6.6,91,453 411 455 413 453 412 453 412 454 413 453 25101 3491 1707 482 1250 483 384 482 383 482 384 482 1248 483 384 480 385 454 411 454 412 454 1277 455 412 479 1253 479 1253 479 389 476 1280 451 1281 451 1282 450 1283 449 1283 449 417 449 417 449 1283 449 417 449 417 449 417 449 417 449 417 449 417 449 417 449 417 449 417 449 417 449 1284 448 418 448 1284 448 417 449 417 449 417 449 1284 448 1284 448 417 449 417 449 417 449 418 448 1284 448 417 449 417 449 417 449 417 449 417 448 418 448 418 448 418 448 418 448 417 448 418 448 1284 448 1284 448 1284 448 418 448 418 448 1284 448 1284 448 1284 448 35504 3485 1713 448 1284 448 417 449 417 449 417 449 1284 448 417 449 417 449 417 449 417 449 1284 448 417 449 1284 448 1284 448 417 449 1284 448 1284 448 1284 448 1284 448 1284 448 417 449 417 449 1283 449 418 448 417 449 417 449 418 448 418 448 417 449 418 448 417 449 417 448 418 448 418 448 1284 448 418 448 418 448 418 448 417 448 1284 448 418 448 418 448 418 448 418 448 418 448 418 448 418 448 418 448 418 448 418 448 418 448 418 448 418 448 1284 448 418 448 418 448 418 448 418 448 418 448 1284 448 418 448 418 448 1284 448 1284 448 418 448 35504 3484 1713 449 1284 448 417 449 418 448 418 448 1284 448 417 449 418 448 417 448 418 448 1284 448 417 449 1284 448 1284 448 417 449 1284 448 1284 448 1284 448 1284 448 1284 448 418 448 418 448 1284 448 418 448 417 449 418 448 418 448 418 448 418 448 418 448 418 448 418 448 418 448 418 448 418 448 418 448 418 448 418 447 418 448 418 448 418 448 1284 448 418 448 418 448 1284 448 418 448 418 448 418 448 418 448 418 448 418 448 1285 447 419 447 418 448 1285 447 419 447 419 447 418 448 419 447 418 448 419 447 419 447 419 447 419 447 419 447 419 447 418 448 419 447 419 447 1285 447 1285 447 419 447 1285 447 419 447 419 447 419 447 419 447 419 447 419 447 419 447 419 447 419 447 419 447 419 447 419 447 419 447 419 447 419 447 419 447 419 447 1285 447 1286 446 419 447 419 447 419 447 419 447 419 447 419 447 419 447 419 447 419 447 419 447 1286 446 1286 446 419 447 419 447 419 447 420 446 419 447 420 446 419 446 420 446 419 447 420 446 420 446 420 446 420 445 420 446 420 446 420 446 420 446 1286 446 420 445 420 446 420 446 420 446 420 446 1286 446 1287 445 420 446 420 446 420 446 420 446 420 446 420 446 421 445 1287 445 420 446 421 445 421 445 421 445 421 445 421 445 421 445 421 445 421 444 1288 444 1287 445 421 445 1287 445 421 445 421 444 1288 444,453 411 455 413 453 412 453 412 454 413 453 25101 3491 1707 482 1250 483 384 482 383 482 384 482 1248 483 384 480 385 454 411 454 412 454 1277 455 412 479 1253 479 1253 479 389 476 1280 451 1281 451 1282 450 1283 449 1283 449 417 449 417 449 1283 449 417 449 417 449 417 449 417 449 417 449 417 449 417 449 417 449 417 449 417 449 1284 448 418 448 1284 448 417 449 417 449 417 449 1284 448 1284 448 417 449 417 449 417 449 418 448 1284 448 417 449 417 449 417 449 417 449 417 448 418 448 418 448 418 448 418 448 417 448 418 448 1284 448 1284 448 1284 448 418 448 418 448 1284 448 1284 448 1284 448 35504 3485 1713 448 1284 448 417 449 417 449 417 449 1284 448 417 449 417 449 417 449 417 449 1284 448 417 449 1284 448 1284 448 417 449 1284 448 1284 448 1284 448 1284 448 1284 448 417 449 417 449 1283 449 418 448 417 449 417 449 418 448 418 448 417 449 418 448 417 449 417 448 418 448 418 448 1284 448 418 448 418 448 418 448 417 448 1284 448 418 448 418 448 418 448 418 448 418 448 418 448 418 448 418 448 418 448 418 448 418 448 418 448 418 448 1284 448 418 448 418 448 418 448 418 448 418 448 1284 448 418 448 418 448 1284 448 1284 448 418 448 35504 3484 1713 449 1284 448 417 449 418 448 418 448 1284 448 417 449 418 448 417 448 418 448 1284 448 417 449 1284 448 1284 448 417 449 1284 448 1284 448 1284 448 1284 448 1284 448 418 448 418 448 1284 448 418 448 417 449 418 448 418 448 418 448 418 448 418 448 418 448 418 448 418 448 418 448 418 448 418 448 418 448 418 447 418 448 418 448 418 448 1284 448 418 448 418 448 1284 448 418 448 418 448 418 448 418 448 418 448 418 448 1285 447 419 447 418 448 1285 447 419 447 419 447 418 448 419 447 418 448 419 447 419 447 419 447 419 447 419 447 419 447 418 448 419 447 419 447 1285 447 1285 447 419 447 1285 447 419 447 419 447 419 447 419 447 419 447 419 447 419 447 419 447 419 447 419 447 419 447 419 447 419 447 419 447 419 447 419 447 419 447 1285 447 1286 446 419 447 419 447 419 447 419 447 419 447 419 447 419 447 419 447 419 447 419 447 1286 446 1286 446 419 447 419 447 419 447 420 446 419 447 420 446 419 446 420 446 419 447 420 446 420 446 420 446 420 445 420 446 420 446 420 446 420 446 1286 446 420 445 420 446 420 446 420 446 420 446 1286 446 1287 445 420 446 420 446 420 446 420 446 420 446 420 446 421 445 1287 445 420 446 421 445 421 445 421 445 421 445 421 445 421 445 421 445 421 444 1288 444 1287 445 421 445 1287 445 421 445 421 444 1288 444,439 426 511 357 513 355 513 356 513 356 511 25040 3435 1778 463 1273 409 428 436 432 417 451 468 1275 492 355 483 381 531 335 436 429 414 1353 382 455 468 1300 478 1233 492 371 467 1301 405 1332 383 1353 440 1297 439 1298 439 397 513 339 493 1265 380 460 443 422 484 384 513 356 513 355 513 355 513 356 513 355 513 340 522 343 485 1276 359 479 477 1290 439 397 513 356 512 356 513 1229 475 1262 405 436 385 481 470 396 508 360 513 1256 438 398 512 356 513 356 512 339 497 370 453 413 385 481 470 395 508 360 513 355 513 356 513 1256 439 1271 435 1301 359 480 472 394 509 1260 439 1297 440 1271 473 35467 3435 1777 437 1300 379 461 444 421 485 383 513 1256 438 398 512 357 512 356 512 340 497 1260 381 460 441 1324 414 1323 438 398 513 1256 438 1272 434 1302 360 1378 411 1325 439 397 513 356 513 1229 478 370 491 373 456 410 385 482 441 425 481 385 513 356 513 355 513 355 513 356 512 356 513 1229 429 414 384 482 442 423 483 384 513 1256 415 422 513 355 513 355 513 340 490 376 454 412 385 480 444 423 482 385 512 356 512 357 512 355 513 356 512 1230 470 376 457 409 405 461 414 452 477 389 487 1281 414 423 512 356 512 1230 477 1260 405 437 385 35582 3500 1710 361 1378 412 424 512 356 512 357 512 1230 479 367 490 377 454 411 412 454 475 1290 412 426 511 1256 413 1298 478 368 490 1270 379 1356 411 1326 411 1325 412 1325 411 427 479 370 457 1303 360 478 478 390 486 382 512 356 494 374 512 357 511 357 489 380 484 366 485 382 429 437 385 481 448 418 457 410 489 380 488 380 488 380 489 380 488 1254 435 409 429 437 386 1376 410 428 488 380 488 380 488 380 488 381 488 381 487 1254 430 413 405 461 443 1320 411 427 488 380 488 381 487 381 488 380 488 381 479 373 456 409 429 437 391 476 473 392 485 383 488 381 487 381 487 1279 412 1299 465 382 452 1306 361 479 455 411 487 382 486 382 487 381 487 382 486 382 487 381 475 376 455 411 405 462 439 427 452 413 488 381 486 382 487 381 487 382 487 1250 481 1258 406 438 385 482 448 420 478 387 485 383 486 382 487 382 486 382 486 383 484 384 447 1273 400 1332 439 424 487 382 482 386 483 385 482 387 483 385 482 386 450 403 450 414 403 464 411 456 447 419 477 392 444 423 444 424 442 427 440 429 438 1297 433 417 382 483 385 481 436 431 440 428 440 1297 440 1297 438 428 414 455 410 440 408 458 437 429 468 398 472 397 469 1268 467 400 443 426 443 425 436 431 411 458 386 463 407 459 434 432 439 428 439 1320 417 1320 416 431 433 1301 411 439 428 438 431 1324 414,457 400 457 400 457 400 457 400 457 400 457 25053 3422 1790 457 1303 457 400 457 400 457 400 457 1303 457 400 457 400 457 400 457 400 457 1303 457 400 457 1303 457 1303 457 400 457 1303 457 1303 457 1303 457 1303 457 1303 457 400 457 400 457 1303 457 400 457 400 457 400 457 400 457 400 457 400 457 400 457 400 457 400 457 400 457 1303 457 400 457 1303 457 400 457 400 457 400 457 1303 457 1303 457 400 457 400 457 400 457 400 457 1303 457 400 457 400 457 400 457 400 457 400 457 400 457 400 457 400 457 400 457 400 457 400 457 1303 457 1303 457 1303 457 400 457 400 457 1303 457 1303 457 1303 457 35595 3422 1790 457 1303 457 400 457 400 457 400 457 1303 457 400 457 400 457 400 457 400 457 1303 457 400 457 1303 457 1303 457 400 457 1303 457 1303 457 1303 457 1303 457 1303 457 400 457 400 457 1303 457 400 457 400 457 400 457 400 457 400 457 400 457 400 457 400 457 400 457 400 457 400 457 1303 457 400 457 400 457 400 457 400 457 1303 457 400 457 400 457 400 457 400 457 400 457 400 457 400 457 400 457 400 457 400 457 400 457 400 457 400 457 1303 457 400 457 400 457 400 457 400 457 400 457 1303 457 400 457 400 457 1303 457 1303 457 400 457 35595 3422 1790 457 1303 457 400 457 400 457 400 457 1303 457 400 457 400 457 400 457 400 457 1303 457 400 457 1303 457 1303 457 400 457 1303 457 1303 457 1303 457 1303 457 1303 457 400 457 400 457 1303 457 400 457 400 457 400 457 400 457 400 457 400 457 400 457 400 457 400 457 400 457 400 457 400 457 400 457 400 457 400 457 400 457 400 457 400 457 1303 457 400 457 400 457 1303 457 400 457 400 457 400 457 400 457 400 457 400 457 1303 457 400 457 400 457 1303 457 400 457 400 457 400 457 400 457 400 457 400 457 400 457 400 457 400 457 400 457 400 457 400 457 400 457 400 457 1303 457 1303 457 400 457 1303 457 400 457 400 457 400 457 400 457 400 457 400 457 400 457 400 457 400 457 400 457 400 457 400 457 400 457 400 457 400 457 400 457 400 457 1303 457 1303 457 400 457 400 457 400 457 400 457 400 457 400 457 400 457 400 457 400 457 400 457 1303 457 1303 457 400 457 400 457 400 457 400 457 400 457 400 457 400 457 400 457 400 457 400 457 400 457 400 457 400 457 400 457 400 457 400 457 400 457 1303 457 400 457 400 457 400 457 400 457 400 457 1303 457 1303 457 400 457 400 457 400 457 400 457 400 457 400 457 400 457 1303 457 400 457 400 457 400 457 400 457 400 457 400 457 400 457 400 457 400 457 1303 457 1303 457 400 457 1303 457 400 457 400 457 1303 457
Daikin_FTXM95PVMA.ir,Fan,DAIKIN 118 bits 11da2700c51000e711da27004200106411da270000092400b0000006600000c1800096,2,True,learned fidelity_check (583 timings),DAIKIN 118 bits 11da2700c51000e711da27004200106411da270000092400b0000006600000c1800096,True,6.1,-4.6,37,453 411 455 413 453 412 453 412 454 413 453 25101 3491 1707 482 1250 483 384 482 383 482 384 482 1248 483 384 480 385 454 411 454 412 454 1277 455 412 479 1253 479 1253 479 389 476 1280 451 1281 451 1282 450 1283 449 1283 449 417 449 417 449 1283 449 417 449 417 449 417 449 417 449 417 449 417 449 417 449 417 449 417 449 417 449 1284 448 418 448 1284 448 417 449 417 449 417 449 1284 448 1284 448 417 449 417 449 417 449 418 448 1284 448 417 449 417 449 417 449 417 449 417 448 418 448 418 448 418 448 418 448 417 448 418 448 1284 448 1284 448 1284 448 418 448 418 448 1284 448 1284 448 1284 448 35504 3485 1713 448 1284 448 417 449 417 449 417 449 1284 448 417 449 417 449 417 449 417 449 1284 448 417 449 1284 448 1284 448 417 449 1284 448 1284 448 1284 448 1284 448 1284 448 417 449 417 449 1283 449 418 448 417 449 417 449 418 448 418 448 417 449 418 448 417 449 417 448 418 448 418 448 1284 448 418 448 418 448 418 448 417 448 1284 448 418 448 418 448 418 448 418 448 418 448 418 448 418 448 418 448 418 448 418 448 418 448 418 448 418 448 1284 448 418 448 418 448 418 448 418 448 418 448 1284 448 418 448 418 448 1284 448 1284 448 418 448 35504 3484 1713 449 1284 448 417 449 418 448 418 448 1284 448 417 449 418 448 417 448 418 448 1284 448 417 449 1284 448 1284 448 417 449 1284 448 1284 448 1284 448 1284 448 1284 448 418 448 418 448 1284 448 418 448 417 449 418 448 418 448 418 448 418 448 418 448 418 448 418 448 418 448 418 448 418 448 418 448 418 448 418 447 418 448 418 448 418 448 1284 448 418 448 418 448 1284 448 418 448 418 448 418 448 418 448 418 448 418 448 1285 447 419 447 418 448 1285 447 419 447 419 447 418 448 419 447 418 448 419 447 419 447 419 447 419 447 419 447 419 447 418 448 419 447 419 447 1285 447 1285 447 419 447 1285 447 419 447 419 447 419 447 419 447 419 447 419 447 419 447 419 447 419 447 419 447 419 447 419 447 419 447 419 447 419 447 419 447 419 447 1285 447 1286 446 419 447 419 447 419 447 419 447 419 447 419 447 419 447 419 447 419 447 419 447 1286 446 1286 446 419 447 419 447 419 447 420 446 419 447 420 446 419 446 420 446 419 447 420 446 420 446 420 446 420 445 420 446 420 446 420 446 420 446 1286 446 420 445 420 446 420 446 420 446 420 446 1286 446 1287 445 420 446 420 446 420 446 420 446 420 446 420 446 421 445 1287 445 420 446 421 445 421 445 421 445 421 445 421 445 421 445 421 445 421 444 1288 444 1287 445 421 445 1287 445 421 445 421 444 1288 444,457 400 457 400 457 400 457 400 457 400 457 25053 3422 1790 457 1303 457 400 457 400 457 400 457 1303 457 400 457 400 457 400 457 400 457 1303 457 400 457 1303 457 1303 457 400 457 1303 457 1303 457 1303 457 1303 457 1303 457 400 457 400 457 1303 457 400 457 400 457 400 457 400 457 400 457 400 457 400 457 400 457 400 457 400 457 1303 457 400 457 1303 457 400 457 400 457 400 457 1303 457 1303 457 400 457 400 457 400 457 400 457 1303 457 400 457 400 457 400 457 400 457 400 457 400 457 400 457 400 457 400 457 400 457 400 457 1303 457 1303 457 1303 457 400 457 400 457 1303 457 1303 457 1303 457 35595 3422 1790 457 1303 457 400 457 400 457 400 457 1303 457 400 457 400 457 400 457 400 457 1303 457 400 457 1303 457 1303 457 400 457 1303 457 1303 457 1303 457 1303 457 1303 457 400 457 400 457 1303 457 400 457 400 457 400 457 400 457 400 457 400 457 400 457 400 457 400 457 400 457 400 457 1303 457 400 457 400 457 400 457 400 457 1303 457 400 457 400 457 400 457 400 457 400 457 400 457 400 457 400 457 400 457 400 457 400 457 400 457 400 457 1303 457 400 457 400 457 400 457 400 457 400 457 1303 457 400 457 400 457 1303 457 1303 457 400 457 35595 3422 1790 457 1303 457 400 457 400 457 400 457 1303 457 400 457 400 457 400 457 400 457 1303 457 400 457 1303 457 1303 457 400 457 1303 457 1303 457 1303 457 1303 457 1303 457 400 457 400 457 1303 457 400 457 400 457 400 457 400 457 400 457 400 457 400 457 400 457 400 457 400 457 400 457 400 457 400 457 400 457 400 457 400 457 400 457 400 457 1303 457 400 457 400 457 1303 457 400 457 400 457 400 457 400 457 400 457 400 457 1303 457 400 457 400 457 1303 457 400 457 400 457 400 457 400 457 400 457 400 457 400 457 400 457 400 457 400 457 400 457 400 457 400 457 400 457 1303 457 1303 457 400 457 1303 457 400 457 400 457 400 457 400 457 400 457 400 457 400 457 400 457 400 457 400 457 400 457 400 457 400 457 400 457 400 457 400 457 400 457 1303 457 1303 457 400 457 400 457 400 457 400 457 400 457 400 457 400 457 400 457 400 457 400 457 1303 457 1303 457 400 457 400 457 400 457 400 457 400 457 400 457 400 457 400 457 400 457 400 457 400 457 400 457 400 457 400 457 400 457 400 457 400 457 1303 457 400 457 400 457 400 457 400 457 400 457 1303 457 1303 457 400 457 400 457 400 457 400 457 400 457 400 457 400 457 1303 457 400 457 400 457 400 457 400 457 400 457 400 457 400 457 400 457 400 457 1303 457 1303 457 400 457 1303 457 400 457 400 457 1303 457,511 329 415 454 513 330 439 428 512 336 495 25024 3449 1791 359 1404 412 405 500 362 443 408 529 1256 477 360 417 452 511 330 415 453 513 1256 476 361 437 1357 380 1383 359 461 529 1256 476 1287 477 1286 435 1327 404 1360 358 462 528 330 415 1380 358 463 529 328 415 454 512 333 464 401 509 339 503 359 443 410 528 329 415 454 513 1255 476 361 415 1380 379 457 512 330 439 430 512 1256 476 1287 477 359 415 453 513 332 439 427 512 1283 439 374 463 402 510 339 500 361 445 408 528 329 416 453 513 332 462 403 511 337 499 364 445 1349 412 1351 439 1298 476 361 439 429 512 1282 439 1298 476 1287 477 35566 3414 1828 438 1298 477 360 415 454 511 333 463 1329 431 405 514 332 465 399 485 365 531 1256 477 360 480 1315 437 1325 440 373 439 1354 406 1357 357 1406 384 1379 438 1324 441 373 462 403 510 1284 440 374 464 400 487 363 526 335 442 411 528 329 415 454 513 332 464 401 509 340 501 360 444 1351 411 407 531 329 419 451 511 330 415 1380 379 458 512 330 415 452 513 333 467 398 481 369 530 330 417 452 512 329 416 453 512 334 465 399 482 367 532 1256 477 359 478 373 530 329 416 454 511 330 439 1355 404 433 512 331 440 1354 405 1357 359 463 528 35536 3452 1796 406 1350 439 375 462 402 492 357 497 1291 476 361 486 363 502 360 442 410 528 1257 476 360 417 1378 383 1380 438 377 493 1297 468 1294 431 1333 378 1384 383 1380 413 403 494 369 448 1346 412 405 499 362 446 407 529 329 416 452 512 333 462 403 487 362 497 365 445 407 528 330 414 454 512 332 461 406 487 361 496 366 447 405 528 330 415 1380 359 462 528 330 414 1380 359 479 511 330 415 453 512 333 466 399 484 366 530 1257 479 358 479 370 531 1256 480 357 476 375 530 329 390 479 512 330 440 428 512 335 490 373 477 374 530 329 391 478 513 330 439 428 512 335 466 1324 463 1299 406 431 513 1256 478 358 415 453 515 331 464 401 485 364 502 359 444 409 528 329 416 453 515 329 464 402 485 364 500 361 445 408 529 329 415 453 512 333 462 1330 431 1331 380 458 512 329 416 453 512 334 465 399 480 369 532 329 417 452 511 330 416 453 512 1256 479 1284 479 358 394 474 512 331 439 428 512 335 493 371 456 394 529 331 392 476 512 331 440 428 487 360 490 373 451 399 506 354 390 479 510 332 439 1354 428 411 486 357 438 428 485 363 493 369 449 1344 411 1352 412 404 464 401 455 394 504 357 443 411 501 355 415 453 486 1279 485 355 416 452 487 360 465 399 454 395 506 355 418 451 485 356 416 453 486 1277 485 1280 484 356 390 1375 388 462 503 355 414 1352 388,463 382 463 382 463 382 463 382 463 382 463 25037 3436 1809 463 1340 463 382 463 382 463 382 463 1340 463 382 463 382 463 382 463 382 463 1340 463 382 463 1340 463 1340 463 382 463 1340 463 1340 463 1340 463 1340 463 1340 463 382 463 382 463 1340 463 382 463 382 463 382 463 382 463 382 463 382 463 382 463 382 463 382 463 382 463 1340 463 382 463 1340 463 382 463 382 463 382 463 1340 463 1340 463 382 463 382 463 382 463 382 463 1340 463 382 463 382 463 382 463 382 463 382 463 382 463 382 463 382 463 382 463 382 463 382 463 1340 463 1340 463 1340 463 382 463 382 463 1340 463 1340 463 1340 463 35579 3436 1809 463 1340 463 382 463 382 463 382 463 1340 463 382 463 382 463 382 463 382 463 1340 463 382 463 1340 463 1340 463 382 463 1340 463 1340 463 1340 463 1340 463 1340 463 382 463 382 463 1340 463 382 463 382 463 382 463 382 463 382 463 382 463 382 463 382 463 382 463 382 463 382 463 1340 463 382 463 382 463 382 463 382 463 1340 463 382 463 382 463 382 463 382 463 382 463 382 463 382 463 382 463 382 463 382 463 382 463 382 463 382 463 1340 463 382 463 382 463 382 463 382 463 382 463 1340 463 382 463 382 463 1340 463 1340 463 382 463 35579 3436 1809 463 1340 463 382 463 382 463 382 463 1340 463 382 463 382 463 382 463 382 463 1340 463 382 463 1340 463 1340 463 382 463 1340 463 1340 463 1340 463 1340 463 1340 463 382 463 382 463 1340 463 382 463 382 463 382 463 382 463 382 463 382 463 382 463 382 463 382 463 382 463 382 463 382 463 382 463 382 463 382 463 382 463 382 463 382 463 1340 463 382 463 382 463 1340 463 382 463 382 463 382 463 382 463 382 463 382 463 1340 463 382 463 382 463 1340 463 382 463 382 463 382 463 382 463 382 463 382 463 382 463 382 463 382 463 382 463 382 463 382 463 382 463 382 463 1340 463 1340 463 382 463 1340 463 382 463 382 463 382 463 382 463 382 463 382 463 382 463 382 463 382 463 382 463 382 463 382 463 382 463 382 463 382 463 382 463 382 463 1340 463 1340 463 382 463 382 463 382 463 382 463 382 463 382 463 382 463 382 463 382 463 382 463 1340 463 1340 463 382 463 382 463 382 463 382 463 382 463 382 463 382 463 382 463 382 463 382 463 382 463 382 463 382 463 382 463 382 463 382 463 382 463 1340 463 382 463 382 463 382 463 382 463 382 463 1340 463 1340 463 382 463 382 463 382 463 382 463 382 463 382 463 382 463 1340 463 382 463 382 463 382 463 382 463 382 463 382 463 382 463 382 463 382 463 1340 463 1340 463 382 463 1340 463 382 463 382 463 1340 463
Daikin_FTXM95PVMA.ir,Powerful,DAIKIN 118 bits 11da2700c51000e711da27004200106411da270000092400b0000006600100c1800097,1,True,learned fidelity_check (583 timings),DAIKIN 118 bits 11da2700c51000e711da27004200106411da270000092400b0000006600100c1800097,True,11.8,-9.5,58,487 413 453 412 454 412 454 412 454 412 454 25102 3489 1707 455 1278 482 384 482 383 482 384 482 1249 483 384 481 384 481 386 479 386 480 1251 481 387 478 1252 480 1253 478 414 451 1281 450 1282 449 1283 449 1283 449 1284 448 417 449 417 449 1284 448 417 449 417 449 418 448 418 448 417 449 418 448 418 448 418 448 418 448 418 447 1285 447 418 448 1284 448 418 448 418 448 418 448 1284 448 1284 448 418 448 418 448 418 448 418 448 1284 448 418 448 418 447 418 448 418 448 418 448 418 448 418 448 418 448 418 448 418 448 418 448 1285 447 1285 447 1285 448 418 448 418 447 1285 447 1285 447 1285 447 35504 3484 1713 449 1284 448 417 449 417 449 417 449 1284 448 418 448 417 449 418 448 417 449 1284 448 418 448 1284 448 1284 448 418 448 1284 448 1284 448 1284 448 1284 448 1284 448 418 448 418 448 1284 448 418 448 418 448 418 448 418 448 418 448 418 448 418 448 418 448 418 448 418 448 418 448 1285 447 418 448 418 448 418 448 418 448 1285 447 418 448 418 448 418 448 419 447 418 448 419 447 418 448 419 447 419 447 418 448 419 446 419 447 419 447 1285 447 419 447 419 447 419 446 419 447 419 447 1286 446 419 447 419 447 1285 447 1285 447 419 447 35505 3485 1712 449 1283 449 417 449 417 449 417 449 1284 448 417 449 417 449 417 449 417 449 1284 448 417 449 1283 449 1284 448 417 449 1284 448 1284 448 1284 448 1284 448 1284 448 418 448 417 449 1284 448 418 448 418 448 418 447 418 448 418 447 418 448 418 448 418 447 418 448 418 448 418 448 418 448 418 448 418 448 418 447 418 448 418 448 418 448 1284 448 418 448 418 448 1284 448 417 449 417 449 417 449 417 449 417 449 417 449 1284 448 417 449 417 449 1283 449 417 449 417 449 417 449 417 448 417 449 417 449 417 449 417 449 417 449 417 449 417 449 417 449 417 449 417 449 1284 448 1284 448 417 449 1284 448 417 449 417 449 417 449 417 449 417 449 417 449 417 449 417 449 417 449 417 449 417 449 417 449 417 449 418 448 417 449 418 448 418 448 1284 448 1284 448 418 448 418 448 417 449 418 448 418 448 418 448 418 448 418 448 418 448 418 448 1284 448 1284 448 418 448 1284 448 418 448 418 448 418 448 418 448 418 448 418 448 418 448 418 448 418 448 418 448 418 448 418 448 418 448 418 448 418 448 1285 447 418 448 418 448 418 448 418 448 418 448 1285 447 1285 447 419 447 419 447 418 448 419 447 419 447 419 447 419 446 1286 446 419 447 419 447 419 447 419 446 419 447 419 447 419 447 419 447 1285 447 1285 447 1285 447 419 447 1286 446 419 447 419 447 1286 446,487 413 453 412 454 412 454 412 454 412 454 25102 3489 1707 455 1278 482 384 482 383 482 384 482 1249 483 384 481 384 481 386 479 386 480 1251 481 387 478 1252 480 1253 478 414 451 1281 450 1282 449 1283 449 1283 449 1284 448 417 449 417 449 1284 448 417 449 417 449 418 448 418 448 417 449 418 448 418 448 418 448 418 448 418 447 1285 447 418 448 1284 448 418 448 418 448 418 448 1284 448 1284 448 418 448 418 448 418 448 418 448 1284 448 418 448 418 447 418 448 418 448 418 448 418 448 418 448 418 448 418 448 418 448 418 448 1285 447 1285 447 1285 448 418 448 418 447 1285 447 1285 447 1285 447 35504 3484 1713 449 1284 448 417 449 417 449 417 449 1284 448 418 448 417 449 418 448 417 449 1284 448 418 448 1284 448 1284 448 418 448 1284 448 1284 448 1284 448 1284 448 1284 448 418 448 418 448 1284 448 418 448 418 448 418 448 418 448 418 448 418 448 418 448 418 448 418 448 418 448 418 448 1285 447 418 448 418 448 418 448 418 448 1285 447 418 448 418 448 418 448 419 447 418 448 419 447 418 448 419 447 419 447 418 448 419 446 419 447 419 447 1285 447 419 447 419 447 419 446 419 447 419 447 1286 446 419 447 419 447 1285 447 1285 447 419 447 35505 3485 1712 449 1283 449 417 449 417 449 417 449 1284 448 417 449 417 449 417 449 417 449 1284 448 417 449 1283 449 1284 448 417 449 1284 448 1284 448 1284 448 1284 448 1284 448 418 448 417 449 1284 448 418 448 418 448 418 447 418 448 418 447 418 448 418 448 418 447 418 448 418 448 418 448 418 448 418 448 418 448 418 447 418 448 418 448 418 448 1284 448 418 448 418 448 1284 448 417 449 417 449 417 449 417 449 417 449 417 449 1284 448 417 449 417 449 1283 449 417 449 417 449 417 449 417 448 417 449 417 449 417 449 417 449 417 449 417 449 417 449 417 449 417 449 417 449 1284 448 1284 448 417 449 1284 448 417 449 417 449 417 449 417 449 417 449 417 449 417 449 417 449 417 449 417 449 417 449 417 449 417 449 418 448 417 449 418 448 418 448 1284 448 1284 448 418 448 418 448 417 449 418 448 418 448 418 448 418 448 418 448 418 448 418 448 1284 448 1284 448 418 448 1284 448 418 448 418 448 418 448 418 448 418 448 418 448 418 448 418 448 418 448 418 448 418 448 418 448 418 448 418 448 418 448 1285 447 418 448 418 448 418 448 418 448 418 448 1285 447 1285 447 419 447 419 447 418 448 419 447 419 447 419 447 419 446 1286 446 419 447 419 447 419 447 419 446 419 447 419 447 419 447 419 447 1285 447 1285 447 1285 447 419 447 1286 446 419 447 419 447 1286 446,414 478 478 391 510 358 512 356 513 355 513 25037 3464 1752 475 1261 458 378 488 381 417 451 417 1351 477 360 468 385 484 383 485 379 518 1245 407 430 417 1351 477 1259 478 385 513 1230 463 1273 359 1378 412 1324 440 1297 439 397 513 356 512 1230 430 412 385 481 443 424 481 385 513 398 470 356 513 355 513 356 512 356 513 356 475 1266 380 461 442 1322 439 398 512 356 512 356 513 1256 439 1271 432 412 428 438 412 454 476 389 512 1257 439 397 513 356 513 355 513 356 482 369 469 396 429 438 414 452 477 389 511 357 513 355 513 1256 438 1298 437 1274 430 412 407 460 447 1317 438 1298 438 1299 439 35474 3462 1752 478 1258 407 435 385 481 445 420 485 1284 438 399 512 356 515 354 513 355 513 1229 431 413 405 1356 384 1352 437 400 512 1256 439 1271 475 1262 405 1332 359 1378 414 422 513 356 511 1257 437 399 513 341 491 374 455 411 404 462 441 425 481 385 512 357 512 356 513 355 513 356 512 1230 469 376 484 383 429 436 412 455 475 1290 437 400 513 355 513 356 512 356 513 356 511 357 472 378 454 412 385 482 442 423 484 383 512 356 513 356 512 1256 437 400 511 358 470 380 426 439 385 481 475 1290 414 423 513 355 512 1256 414 1296 437 409 452 35510 3467 1746 380 1357 411 426 512 357 511 357 512 1256 413 424 512 340 497 369 460 406 406 1356 384 453 488 1280 438 1299 438 398 513 1230 437 1299 379 1358 411 1325 414 1323 414 423 512 356 512 1230 431 412 405 460 442 424 483 385 513 355 512 357 511 356 512 357 511 358 478 372 456 409 406 461 440 426 478 388 512 356 512 357 512 356 513 356 511 1230 467 378 456 410 406 1357 408 428 512 356 513 356 512 356 512 357 512 356 512 1230 434 409 406 460 414 1350 411 426 511 357 512 356 512 357 511 357 512 341 499 366 484 382 407 460 415 451 475 392 483 385 512 356 512 356 513 1255 413 1298 462 381 431 1331 359 478 481 387 512 356 511 357 512 357 511 357 512 357 511 340 495 371 459 408 385 481 442 424 478 389 511 357 511 358 511 357 512 356 511 1231 475 1262 405 437 385 481 449 416 457 411 488 381 488 380 488 380 489 380 488 380 488 364 491 1267 380 1356 409 429 487 1279 412 426 488 381 487 381 487 382 480 370 459 407 412 454 415 451 451 416 481 387 486 382 487 382 486 382 486 382 486 383 483 1256 431 414 385 481 445 421 481 386 485 384 485 1254 442 1294 444 422 475 377 454 410 406 462 411 455 451 415 481 387 478 1260 447 421 477 391 474 393 477 392 410 438 401 465 387 480 415 452 441 1296 440 1297 439 1295 472 397 433 1285 383 481 413 453 442 1295 441,462 398 462 398 462 398 462 398 462 398 462 25050 3451 1765 462 1297 462 398 462 398 462 398 462 1297 462 398 462 398 462 398 462 398 462 1297 462 398 462 1297 462 1297 462 398 462 1297 462 1297 462 1297 462 1297 462 1297 462 398 462 398 462 1297 462 398 462 398 462 398 462 398 462 398 462 398 462 398 462 398 462 398 462 398 462 1297 462 398 462 1297 462 398 462 398 462 398 462 1297 462 1297 462 398 462 398 462 398 462 398 462 1297 462 398 462 398 462 398 462 398 462 398 462 398 462 398 462 398 462 398 462 398 462 398 462 1297 462 1297 462 1297 462 398 462 398 462 1297 462 1297 462 1297 462 35523 3451 1765 462 1297 462 398 462 398 462 398 462 1297 462 398 462 398 462 398 462 398 462 1297 462 398 462 1297 462 1297 462 398 462 1297 462 1297 462 1297 462 1297 462 1297 462 398 462 398 462 1297 462 398 462 398 462 398 462 398 462 398 462 398 462 398 462 398 462 398 462 398 462 398 462 1297 462 398 462 398 462 398 462 398 462 1297 462 398 462 398 462 398 462 398 462 398 462 398 462 398 462 398 462 398 462 398 462 398 462 398 462 398 462 1297 462 398 462 398 462 398 462 398 462 398 462 1297 462 398 462 398 462 1297 462 1297 462 398 462 35523 3451 1765 462 1297 462 398 462 398 462 398 462 1297 462 398 462 398 462 398 462 398 462 1297 462 398 462 1297 462 1297 462 398 462 1297 462 1297 462 1297 462 1297 462 1297 462 398 462 398 462 1297 462 398 462 398 462 398 462 398 462 398 462 398 462 398 462 398 462 398 462 398 462 398 462 398 462 398 462 398 462 398 462 398 462 398 462 398 462 1297 462 398 462 398 462 1297 462 398 462 398 462 398 462 398 462 398 462 398 462 1297 462 398 462 398 462 1297 462 398 462 398 462 398 462 398 462 398 462 398 462 398 462 398 462 398 462 398 462 398 462 398 462 398 462 398 462 1297 462 1297 462 398 462 1297 462 398 462 398 462 398 462 398 462 398 462 398 462 398 462 398 462 398 462 398 462 398 462 398 462 398 462 398 462 398 462 398 462 398 462 1297 462 1297 462 398 462 398 462 398 462 398 462 398 462 398 462 398 462 398 462 398 462 398 462 1297 462 1297 462 398 462 1297 462 398 462 398 462 398 462 398 462 398 462 398 462 398 462 398 462 398 462 398 462 398 462 398 462 398 462 398 462 398 462 1297 462 398 462 398 462 398 462 398 462 398 462 1297 462 1297 462 398 462 398 462 398 462 398 462 398 462 398 462 398 462 1297 462 398 462 398 462 398 462 398 462 398 462 398 462 398 462 398 462 1297 462 1297 462 1297 462 398 462 1297 462 398 462 398 462 1297 462
Daikin_FTXM95PVMA.ir,Powerful,DAIKIN 118 bits 11da2700c51000e711da27004200106411da270000092400b0000006600100c1800097,2,True,learned fidelity_check (583 timings),DAIKIN 118 bits 11da2700c51000e711da27004200106411da270000092400b0000006600100c1800097,True,-6.8,14.4,72,487 413 453 412 454 412 454 412 454 412 454 25102 3489 1707 455 1278 482 384 482 383 482 384 482 1249 483 384 481 384 481 386 479 386 480 1251 481 387 478 1252 480 1253 478 414 451 1281 450 1282 449 1283 449 1283 449 1284 448 417 449 417 449 1284 448 417 449 417 449 418 448 418 448 417 449 418 448 418 448 418 448 418 448 418 447 1285 447 418 448 1284 448 418 448 418 448 418 448 1284 448 1284 448 418 448 418 448 418 448 418 448 1284 448 418 448 418 447 418 448 418 448 418 448 418 448 418 448 418 448 418 448 418 448 418 448 1285 447 1285 447 1285 448 418 448 418 447 1285 447 1285 447 1285 447 35504 3484 1713 449 1284 448 417 449 417 449 417 449 1284 448 418 448 417 449 418 448 417 449 1284 448 418 448 1284 448 1284 448 418 448 1284 448 1284 448 1284 448 1284 448 1284 448 418 448 418 448 1284 448 418 448 418 448 418 448 418 448 418 448 418 448 418 448 418 448 418 448 418 448 418 448 1285 447 418 448 418 448 418 448 418 448 1285 447 418 448 418 448 418 448 419 447 418 448 419 447 418 448 419 447 419 447 418 448 419 446 419 447 419 447 1285 447 419 447 419 447 419 446 419 447 419 447 1286 446 419 447 419 447 1285 447 1285 447 419 447 35505 3485 1712 449 1283 449 417 449 417 449 417 449 1284 448 417 449 417 449 417 449 417 449 1284 448 417 449 1283 449 1284 448 417 449 1284 448 1284 448 1284 448 1284 448 1284 448 418 448 417 449 1284 448 418 448 418 448 418 447 418 448 418 447 418 448 418 448 418 447 418 448 418 448 418 448 418 448 418 448 418 448 418 447 418 448 418 448 418 448 1284 448 418 448 418 448 1284 448 417 449 417 449 417 449 417 449 417 449 417 449 1284 448 417 449 417 449 1283 449 417 449 417 449 417 449 417 448 417 449 417 449 417 449 417 449 417 449 417 449 417 449 417 449 417 449 417 449 1284 448 1284 448 417 449 1284 448 417 449 417 449 417 449 417 449 417 449 417 449 417 449 417 449 417 449 417 449 417 449 417 449 417 449 418 448 417 449 418 448 418 448 1284 448 1284 448 418 448 418 448 417 449 418 448 418 448 418 448 418 448 418 448 418 448 418 448 1284 448 1284 448 418 448 1284 448 418 448 418 448 418 448 418 448 418 448 418 448 418 448 418 448 418 448 418 448 418 448 418 448 418 448 418 448 418 448 1285 447 418 448 418 448 418 448 418 448 418 448 1285 447 1285 447 419 447 419 447 418 448 419 447 419 447 419 447 419 446 1286 446 419 447 419 447 419 447 419 446 419 447 419 447 419 447 419 447 1285 447 1285 447 1285 447 419 447 1286 446 419 447 419 447 1286 446,462 398 462 398 462 398 462 398 462 398 462 25050 3451 1765 462 1297 462 398 462 398 462 398 462 1297 462 398 462 398 462 398 462 398 462 1297 462 398 462 1297 462 1297 462 398 462 1297 462 1297 462 1297 462 1297 462 1297 462 398 462 398 462 1297 462 398 462 398 462 398 462 398 462 398 462 398 462 398 462 398 462 398 462 398 462 1297 462 398 462 1297 462 398 462 398 462 398 462 1297 462 1297 462 398 462 398 462 398 462 398 462 1297 462 398 462 398 462 398 462 398 462 398 462 398 462 398 462 398 462 398 462 398 462 398 462 1297 462 1297 462 1297 462 398 462 398 462 1297 462 1297 462 1297 462 35523 3451 1765 462 1297 462 398 462 398 462 398 462 1297 462 398 462 398 462 398 462 398 462 1297 462 398 462 1297 462 1297 462 398 462 1297 462 1297 462 1297 462 1297 462 1297 462 398 462 398 462 1297 462 398 462 398 462 398 462 398 462 398 462 398 462 398 462 398 462 398 462 398 462 398 462 1297 462 398 462 398 462 398 462 398 462 1297 462 398 462 398 462 398 462 398 462 398 462 398 462 398 462 398 462 398 462 398 462 398 462 398 462 398 462 1297 462 398 462 398 462 398 462 398 462 398 462 1297 462 398 462 398 462 1297 462 1297 462 398 462 35523 3451 1765 462 1297 462 398 462 398 462 398 462 1297 462 398 462 398 462 398 462 398 462 1297 462 398 462 1297 462 1297 462 398 462 1297 462 1297 462 1297 462 1297 462 1297 462 398 462 398 462 1297 462 398 462 398 462 398 462 398 462 398 462 398 462 398 462 398 462 398 462 398 462 398 462 398 462 398 462 398 462 398 462 398 462 398 462 398 462 1297 462 398 462 398 462 1297 462 398 462 398 462 398 462 398 462 398 462 398 462 1297 462 398 462 398 462 1297 462 398 462 398 462 398 462 398 462 398 462 398 462 398 462 398 462 398 462 398 462 398 462 398 462 398 462 398 462 1297 462 1297 462 398 462 1297 462 398 462 398 462 398 462 398 462 398 462 398 462 398 462 398 462 398 462 398 462 398 462 398 462 398 462 398 462 398 462 398 462 398 462 1297 462 1297 462 398 462 398 462 398 462 398 462 398 462 398 462 398 462 398 462 398 462 398 462 1297 462 1297 462 398 462 1297 462 398 462 398 462 398 462 398 462 398 462 398 462 398 462 398 462 398 462 398 462 398 462 398 462 398 462 398 462 398 462 1297 462 398 462 398 462 398 462 398 462 398 462 1297 462 1297 462 398 462 398 462 398 462 398 462 398 462 398 462 398 462 1297 462 398 462 398 462 398 462 398 462 398 462 398 462 398 462 398 462 1297 462 1297 462 1297 462 398 462 1297 462 398 462 398 462 1297 462,390 461 530 329 467 401 413 456 511 332 466 25056 3475 1766 469 1293 406 432 512 333 465 399 416 1379 359 461 529 331 467 400 404 448 529 1256 476 360 467 1328 407 1356 359 460 530 1256 476 1287 477 1286 462 1301 380 1383 384 433 501 360 468 1327 430 407 511 335 466 398 439 429 483 365 494 368 441 428 475 374 502 359 469 399 444 1325 472 369 464 1327 476 359 402 450 529 331 467 1327 471 1292 405 432 510 335 465 399 415 454 485 1283 477 360 468 400 415 439 527 331 466 401 415 453 512 334 465 399 415 453 485 363 492 371 440 1355 404 1359 382 1354 477 363 465 400 415 1380 358 1379 468 1294 476 35488 3444 1798 478 1285 478 358 391 463 528 331 466 1327 476 360 445 405 531 329 468 401 417 1377 411 405 493 1296 477 1286 471 366 471 1298 476 1287 477 1285 477 1286 478 1285 435 401 483 365 495 1294 478 358 415 454 513 331 466 400 415 454 485 361 465 398 440 429 482 365 496 367 464 404 473 1296 477 363 465 400 415 453 486 361 466 1324 477 359 395 458 529 331 466 400 415 454 511 334 465 399 416 453 486 360 490 374 441 427 480 369 497 365 466 1328 406 432 511 334 465 399 416 453 484 363 492 1297 479 358 391 462 528 1255 483 1280 494 343 415 35582 3511 1729 360 1377 475 366 465 399 439 429 483 1286 479 359 466 401 415 454 512 332 466 1325 478 358 420 1350 469 1293 479 358 468 1327 467 1295 405 1358 359 1378 479 1284 479 358 468 401 418 1375 412 404 487 376 440 428 480 369 498 363 467 402 446 405 530 330 468 400 418 433 530 329 469 400 389 464 527 333 466 399 416 452 511 335 464 401 415 1379 378 441 530 330 468 1326 468 369 476 373 501 360 468 400 445 406 530 330 468 1326 438 399 481 367 494 1295 480 356 416 454 511 333 465 400 416 453 483 363 465 398 440 429 480 368 494 368 465 404 472 376 529 332 469 400 443 1325 473 1290 479 359 467 1326 467 370 477 372 498 364 466 402 446 404 530 330 468 401 418 433 529 330 467 401 390 463 527 332 467 400 415 453 496 350 464 400 416 453 481 1287 480 1283 479 358 441 427 452 396 501 361 468 401 444 406 506 354 468 400 417 434 505 356 467 1325 475 1288 429 409 487 1280 482 355 469 400 443 408 504 355 468 400 406 447 502 358 466 400 415 454 486 358 466 400 415 453 469 377 466 398 440 429 453 1311 484 359 466 400 415 454 486 359 466 399 415 1351 405 1357 415 430 495 368 441 427 449 400 501 360 466 403 444 406 506 1255 500 362 440 429 449 398 502 361 441 428 418 431 506 354 500 371 388 1372 491 1274 486 1255 509 354 497 1267 434 433 485 360 508 1254 505,455 412 455 412 455 412 455 412 455 412 455 25069 3462 1779 455 1311 455 412 455 412 455 412 455 1311 455 412 455 412 455 412 455 412 455 1311 455 412 455 1311 455 1311 455 412 455 1311 455 1311 455 1311 455 1311 455 1311 455 412 455 412 455 1311 455 412 455 412 455 412 455 412 455 412 455 412 455 412 455 412 455 412 455 412 455 1311 455 412 455 1311 455 412 455 412 455 412 455 1311 455 1311 455 412 455 412 455 412 455 412 455 1311 455 412 455 412 455 412 455 412 455 412 455 412 455 412 455 412 455 412 455 412 455 412 455 1311 455 1311 455 1311 455 412 455 412 455 1311 455 1311 455 1311 455 35595 3462 1779 455 1311 455 412 455 412 455 412 455 1311 455 412 455 412 455 412 455 412 455 1311 455 412 455 1311 455 1311 455 412 455 1311 455 1311 455 1311 455 1311 455 1311 455 412 455 412 455 1311 455 412 455 412 455 412 455 412 455 412 455 412 455 412 455 412 455 412 455 412 455 412 455 1311 455 412 455 412 455 412 455 412 455 1311 455 412 455 412 455 412 455 412 455 412 455 412 455 412 455 412 455 412 455 412 455 412 455 412 455 412 455 1311 455 412 455 412 455 412 455 412 455 412 455 1311 455 412 455 412 455 1311 455 1311 455 412 455 35595 3462 1779 455 1311 455 412 455 412 455 412 455 1311 455 412 455 412 455 412 455 412 455 1311 455 412 455 1311 455 1311 455 412 455 1311 455 1311 455 1311 455 1311 455 1311 455 412 455 412 455 1311 455 412 455 412 455 412 455 412 455 412 455 412 455 412 455 412 455 412 455 412 455 412 455 412 455 412 455 412 455 412 455 412 455 412 455 412 455 1311 455 412 455 412 455 1311 455 412 455 412 455 412 455 412 455 412 455 412 455 1311 455 412 455 412 455 1311 455 412 455 412 455 412 455 412 455 412 455 412 455 412 455 412 455 412 455 412 455 412 455 412 455 412 455 412 455 1311 455 1311 455 412 455 1311 455 412 455 412 455 412 455 412 455 412 455 412 455 412 455 412 455 412 455 412 455 412 455 412 455 412 455 412 455 412 455 412 455 412 455 1311 455 1311 455 412 455 412 455 412 455 412 455 412 455 412 455 412 455 412 455 412 455 412 455 1311 455 1311 455 412 455 1311 455 412 455 412 455 412 455 412 455 412 455 412 455 412 455 412 455 412 455 412 455 412 455 412 455 412 455 412 455 412 455 1311 455 412 455 412 455 412 455 412 455 412 455 1311 455 1311 455 412 455 412 455 412 455 412 455 412 455 412 455 412 455 1311 455 412 455 412 455 412 455 412 455 412 455 412 455 412 455 412 455 1311 455 1311 455 1311 455 412 455 1311 455 412 455 412 455 1311 455
Daikin_FTXM95PVMA.ir,Temp+,DAIKIN 118 bits 11da2700c51000e711da27004200106411da270000092600b0000006600100c1800099,1,True,learned fidelity_check (583 timings),DAIKIN 118 bits 11da2700c51000e711da27004200106411da270000092600b0000006600100c1800099,True,13.8,-9.6,53,453 414 452 413 453 412 454 414 452 413 453 25102 3490 1707 455 1278 483 384 482 383 482 383 482 1249 483 384 481 384 481 385 480 385 480 1251 481 387 478 1252 480 1253 478 414 451 1281 450 1282 449 1283 448 1283 449 1284 448 417 449 417 449 1284 448 417 449 417 449 417 449 417 449 418 448 417 449 417 449 417 449 417 449 417 449 1284 448 417 449 1284 448 417 449 417 449 417 449 1284 448 1284 448 417 449 417 449 417 449 418 448 1284 448 418 448 417 449 418 448 418 448 417 449 418 448 418 448 418 448 418 448 418 448 418 448 1284 448 1284 448 1284 448 418 448 418 448 1284 448 1284 448 1284 448 35479 3509 1713 449 1284 448 418 448 417 449 418 448 1284 448 417 449 418 448 417 449 418 448 1284 448 418 448 1284 448 1284 448 418 448 1284 448 1284 448 1284 448 1284 448 1284 448 418 448 418 448 1284 448 418 448 418 448 418 448 418 448 418 448 418 448 418 448 418 448 418 448 418 448 418 448 1284 448 418 448 418 448 418 447 418 448 1285 447 418 448 418 448 418 448 418 448 418 448 418 448 418 448 418 448 418 448 418 448 418 448 418 448 418 448 1284 448 418 448 418 448 418 448 418 447 418 448 1285 447 418 448 418 448 1285 447 1284 448 418 448 35478 3510 1713 449 1284 448 417 449 417 449 417 449 1284 448 417 449 417 449 417 449 417 449 1284 448 418 448 1284 448 1284 448 417 449 1284 448 1284 448 1284 448 1284 448 1284 448 418 448 417 449 1284 448 418 448 418 448 418 448 418 448 418 448 417 448 418 448 418 448 418 448 418 448 418 448 418 448 418 448 418 447 418 448 418 448 418 448 418 448 1284 448 418 448 418 448 1284 448 418 448 418 448 418 448 418 447 418 448 1284 448 1285 447 418 448 418 448 1284 448 418 448 418 448 418 448 418 448 418 448 418 448 418 448 419 447 418 447 419 447 418 448 418 448 418 448 418 448 1285 447 1285 447 419 447 1285 447 419 447 418 448 419 447 419 447 419 447 418 448 419 447 419 447 419 447 419 447 419 447 419 446 419 447 419 447 419 447 419 447 419 447 1285 447 1286 446 419 447 419 447 419 447 419 447 419 447 420 446 419 447 419 447 419 447 419 447 1286 446 1286 446 419 447 1286 446 419 447 420 446 419 446 420 446 420 446 420 446 420 446 420 446 420 446 420 446 420 446 420 446 420 446 420 446 420 445 1286 446 420 446 420 446 420 446 420 446 420 446 1287 445 1287 445 420 446 420 446 420 446 421 445 420 446 421 445 421 445 1287 445 421 445 420 446 421 445 421 445 421 445 421 445 421 445 421 445 1287 445 421 445 421 445 1287 445 1287 445 421 445 421 445 1287 445,453 414 452 413 453 412 454 414 452 413 453 25102 3490 1707 455 1278 483 384 482 383 482 383 482 1249 483 384 481 384 481 385 480 385 480 1251 481 387 478 1252 480 1253 478 414 451 1281 450 1282 449 1283 448 1283 449 1284 448 417 449 417 449 1284 448 417 449 417 449 417 449 417 449 418 448 417 449 417 449 417 449 417 449 417 449 1284 448 417 449 1284 448 417 449 417 449 417 449 1284 448 1284 448 417 449 417 449 417 449 418 448 1284 448 418 448 417 449 418 448 418 448 417 449 418 448 418 448 418 448 418 448 418 448 418 448 1284 448 1284 448 1284 448 418 448 418 448 1284 448 1284 448 1284 448 35479 3509 1713 449 1284 448 418 448 417 449 418 448 1284 448 417 449 418 448 417 449 418 448 1284 448 418 448 1284 448 1284 448 418 448 1284 448 1284 448 1284 448 1284 448 1284 448 418 448 418 448 1284 448 418 448 418 448 418 448 418 448 418 448 418 448 418 448 418 448 418 448 418 448 418 448 1284 448 418 448 418 448 418 447 418 448 1285 447 418 448 418 448 418 448 418 448 418 448 418 448 418 448 418 448 418 448 418 448 418 448 418 448 418 448 1284 448 418 448 418 448 418 448 418 447 418 448 1285 447 418 448 418 448 1285 447 1284 448 418 448 35478 3510 1713 449 1284 448 417 449 417 449 417 449 1284 448 417 449 417 449 417 449 417 449 1284 448 418 448 1284 448 1284 448 417 449 1284 448 1284 448 1284 448 1284 448 1284 448 418 448 417 449 1284 448 418 448 418 448 418 448 418 448 418 448 417 448 418 448 418 448 418 448 418 448 418 448 418 448 418 448 418 447 418 448 418 448 418 448 418 448 1284 448 418 448 418 448 1284 448 418 448 418 448 418 448 418 447 418 448 1284 448 1285 447 418 448 418 448 1284 448 418 448 418 448 418 448 418 448 418 448 418 448 418 448 419 447 418 447 419 447 418 448 418 448 418 448 418 448 1285 447 1285 447 419 447 1285 447 419 447 418 448 419 447 419 447 419 447 418 448 419 447 419 447 419 447 419 447 419 447 419 446 419 447 419 447 419 447 419 447 419 447 1285 447 1286 446 419 447 419 447 419 447 419 447 419 447 420 446 419 447 419 447 419 447 419 447 1286 446 1286 446 419 447 1286 446 419 447 420 446 419 446 420 446 420 446 420 446 420 446 420 446 420 446 420 446 420 446 420 446 420 446 420 446 420 445 1286 446 420 446 420 446 420 446 420 446 420 446 1287 445 1287 445 420 446 420 446 420 446 421 445 420 446 421 445 421 445 1287 445 421 445 420 446 421 445 421 445 421 445 421 445 421 445 421 445 1287 445 421 445 421 445 1287 445 1287 445 421 445 421 445 1287 445,453 409 387 478 420 448 479 389 512 357 512 25039 3527 1687 476 1261 491 351 517 349 529 335 489 1280 439 397 468 401 468 400 469 384 484 1274 462 379 483 1280 414 1323 477 386 512 1256 440 1270 435 1302 359 1378 413 1324 438 398 512 357 512 1230 472 372 488 379 430 436 412 453 475 392 510 359 512 356 512 356 513 355 513 355 514 1229 461 382 456 1306 359 477 484 385 512 356 512 1257 439 1297 439 382 498 367 485 382 406 461 413 1351 413 423 513 355 513 356 513 355 513 355 513 356 512 340 488 377 455 412 385 480 470 396 487 1281 437 1300 438 1298 411 427 478 372 456 1304 358 1378 437 1299 439 35454 3584 1676 414 1323 438 399 481 369 483 384 405 1356 385 452 512 356 513 356 512 356 513 1256 437 400 510 1231 405 1331 360 477 486 1283 437 1299 413 1298 476 1260 430 1307 358 480 482 385 513 1255 413 423 514 355 512 356 512 357 483 368 483 382 430 436 387 479 476 390 487 382 512 356 513 1255 437 400 512 357 512 340 481 384 429 1332 384 453 487 381 512 356 513 356 512 356 512 356 513 356 511 341 488 378 453 413 385 481 446 419 484 384 513 1255 414 423 512 356 513 355 513 357 470 378 454 1307 359 479 483 385 511 1256 438 1299 414 424 511 35407 3441 1797 470 1267 381 459 445 421 483 385 513 1255 414 423 512 356 512 357 512 340 498 1260 404 437 414 1350 412 1324 414 423 512 1256 414 1297 436 1300 359 1378 411 1325 414 423 511 357 513 1229 479 370 491 374 456 410 406 460 442 423 484 383 513 356 512 356 513 355 513 356 512 356 512 341 490 375 456 410 385 481 472 393 483 385 512 357 513 1255 413 424 512 357 511 1230 430 413 385 481 443 423 481 386 512 356 511 1257 413 1324 412 409 489 377 454 1306 359 478 480 388 512 356 512 357 511 357 512 356 512 356 512 357 481 369 453 413 384 482 445 420 457 411 511 357 503 1265 412 1324 412 426 479 1263 403 438 413 452 453 414 486 382 512 357 488 380 487 381 488 381 511 357 485 368 484 381 453 414 384 481 452 413 487 381 488 381 487 381 487 1280 411 1300 438 408 452 414 384 481 448 418 480 388 487 381 486 382 487 382 487 381 487 381 486 1253 433 1305 361 479 453 1312 412 426 487 382 487 381 486 382 486 382 470 383 451 415 402 464 436 429 478 389 485 383 484 384 484 384 484 384 484 385 484 1254 410 438 402 464 436 430 477 389 481 387 478 1260 471 1267 443 421 481 388 440 412 426 441 382 483 386 481 413 453 440 1297 440 428 441 428 440 428 437 429 413 456 409 442 381 485 412 454 445 1289 443 425 475 393 474 1264 472 1262 412 441 402 463 405 1328 441,463 398 463 398 463 398 463 398 463 398 463 25052 3514 1700 463 1302 463 398 463 398 463 398 463 1302 463 398 463 398 463 398 463 398 463 1302 463 398 463 1302 463 1302 463 398 463 1302 463 1302 463 1302 463 1302 463 1302 463 398 463 398 463 1302 463 398 463 398 463 398 463 398 463 398 463 398 463 398 463 398 463 398 463 398 463 1302 463 398 463 1302 463 398 463 398 463 398 463 1302 463 1302 463 398 463 398 463 398 463 398 463 1302 463 398 463 398 463 398 463 398 463 398 463 398 463 398 463 398 463 398 463 398 463 398 463 1302 463 1302 463 1302 463 398 463 398 463 1302 463 1302 463 1302 463 35467 3514 1700 463 1302 463 398 463 398 463 398 463 1302 463 398 463 398 463 398 463 398 463 1302 463 398 463 1302 463 1302 463 398 463 1302 463 1302 463 1302 463 1302 463 1302 463 398 463 398 463 1302 463 398 463 398 463 398 463 398 463 398 463 398 463 398 463 398 463 398 463 398 463 398 463 1302 463 398 463 398 463 398 463 398 463 1302 463 398 463 398 463 398 463 398 463 398 463 398 463 398 463 398 463 398 463 398 463 398 463 398 463 398 463 1302 463 398 463 398 463 398 463 398 463 398 463 1302 463 398 463 398 463 1302 463 1302 463 398 463 35467 3514 1700 463 1302 463 398 463 398 463 398 463 1302 463 398 463 398 463 398 463 398 463 1302 463 398 463 1302 463 1302 463 398 463 1302 463 1302 463 1302 463 1302 463 1302 463 398 463 398 463 1302 463 398 463 398 463 398 463 398 463 398 463 398 463 398 463 398 463 398 463 398 463 398 463 398 463 398 463 398 463 398 463 398 463 398 463 398 463 1302 463 398 463 398 463 1302 463 398 463 398 463 398 463 398 463 398 463 1302 463 1302 463 398 463 398 463 1302 463 398 463 398 463 398 463 398 463 398 463 398 463 398 463 398 463 398 463 398 463 398 463 398 463 398 463 398 463 1302 463 1302 463 398 463 1302 463 398 463 398 463 398 463 398 463 398 463 398 463 398 463 398 463 398 463 398 463 398 463 398 463 398 463 398 463 398 463 398 463 398 463 1302 463 1302 463 398 463 398 463 398 463 398 463 398 463 398 463 398 463 398 463 398 463 398 463 1302 463 1302 463 398 463 1302 463 398 463 398 463 398 463 398 463 398 463 398 463 398 463 398 463 398 463 398 463 398 463 398 463 398 463 398 463 398 463 1302 463 398 463 398 463 398 463 398 463 398 463 1302 463 1302 463 398 463 398 463 398 463 398 463 398 463 398 463 398 463 1302 463 398 463 398 463 398 463 398 463 398 463 398 463 398 463 398 463 1302 463 398 463 398 463 1302 463 1302 463 398 463 398 463 1302 463
Daikin_FTXM95PVMA.ir,Temp+,DAIKIN 118 bits 11da2700c51000e711da27004200106411da270000092600b0000006600100c1800099,2,True,learned fidelity_check (583 timings),DAIKIN 118 bits 11da2700c51000e711da27004200106411da270000092600b0000006600100c1800099,True,-8.5,20.5,38,453 414 452 413 453 412 454 414 452 413 453 25102 3490 1707 455 1278 483 384 482 383 482 383 482 1249 483 384 481 384 481 385 480 385 480 1251 481 387 478 1252 480 1253 478 414 451 1281 450 1282 449 1283 448 1283 449 1284 448 417 449 417 449 1284 448 417 449 417 449 417 449 417 449 418 448 417 449 417 449 417 449 417 449 417 449 1284 448 417 449 1284 448 417 449 417 449 417 449 1284 448 1284 448 417 449 417 449 417 449 418 448 1284 448 418 448 417 449 418 448 418 448 417 449 418 448 418 448 418 448 418 448 418 448 418 448 1284 448 1284 448 1284 448 418 448 418 448 1284 448 1284 448 1284 448 35479 3509 1713 449 1284 448 418 448 417 449 418 448 1284 448 417 449 418 448 417 449 418 448 1284 448 418 448 1284 448 1284 448 418 448 1284 448 1284 448 1284 448 1284 448 1284 448 418 448 418 448 1284 448 418 448 418 448 418 448 418 448 418 448 418 448 418 448 418 448 418 448 418 448 418 448 1284 448 418 448 418 448 418 447 418 448 1285 447 418 448 418 448 418 448 418 448 418 448 418 448 418 448 418 448 418 448 418 448 418 448 418 448 418 448 1284 448 418 448 418 448 418 448 418 447 418 448 1285 447 418 448 418 448 1285 447 1284 448 418 448 35478 3510 1713 449 1284 448 417 449 417 449 417 449 1284 448 417 449 417 449 417 449 417 449 1284 448 418 448 1284 448 1284 448 417 449 1284 448 1284 448 1284 448 1284 448 1284 448 418 448 417 449 1284 448 418 448 418 448 418 448 418 448 418 448 417 448 418 448 418 448 418 448 418 448 418 448 418 448 418 448 418 447 418 448 418 448 418 448 418 448 1284 448 418 448 418 448 1284 448 418 448 418 448 418 448 418 447 418 448 1284 448 1285 447 418 448 418 448 1284 448 418 448 418 448 418 448 418 448 418 448 418 448 418 448 419 447 418 447 419 447 418 448 418 448 418 448 418 448 1285 447 1285 447 419 447 1285 447 419 447 418 448 419 447 419 447 419 447 418 448 419 447 419 447 419 447 419 447 419 447 419 446 419 447 419 447 419 447 419 447 419 447 1285 447 1286 446 419 447 419 447 419 447 419 447 419 447 420 446 419 447 419 447 419 447 419 447 1286 446 1286 446 419 447 1286 446 419 447 420 446 419 446 420 446 420 446 420 446 420 446 420 446 420 446 420 446 420 446 420 446 420 446 420 446 420 445 1286 446 420 446 420 446 420 446 420 446 420 446 1287 445 1287 445 420 446 420 446 420 446 421 445 420 446 421 445 421 445 1287 445 421 445 420 446 421 445 421 445 421 445 421 445 421 445 421 445 1287 445 421 445 421 445 1287 445 1287 445 421 445 421 445 1287 445,463 398 463 398 463 398 463 398 463 398 463 25052 3514 1700 463 1302 463 398 463 398 463 398 463 1302 463 398 463 398 463 398 463 398 463 1302 463 398 463 1302 463 1302 463 398 463 1302 463 1302 463 1302 463 1302 463 1302 463 398 463 398 463 1302 463 398 463 398 463 398 463 398 463 398 463 398 463 398 463 398 463 398 463 398 463 1302 463 398 463 1302 463 398 463 398 463 398 463 1302 463 1302 463 398 463 398 463 398 463 398 463 1302 463 398 463 398 463 398 463 398 463 398 463 398 463 398 463 398 463 398 463 398 463 398 463 1302 463 1302 463 1302 463 398 463 398 463 1302 463 1302 463 1302 463 35467 3514 1700 463 1302 463 398 463 398 463 398 463 1302 463 398 463 398 463 398 463 398 463 1302 463 398 463 1302 463 1302 463 398 463 1302 463 1302 463 1302 463 1302 463 1302 463 398 463 398 463 1302 463 398 463 398 463 398 463 398 463 398 463 398 463 398 463 398 463 398 463 398 463 398 463 1302 463 398 463 398 463 398 463 398 463 1302 463 398 463 398 463 398 463 398 463 398 463 398 463 398 463 398 463 398 463 398 463 398 463 398 463 398 463 1302 463 398 463 398 463 398 463 398 463 398 463 1302 463 398 463 398 463 1302 463 1302 463 398 463 35467 3514 1700 463 1302 463 398 463 398 463 398 463 1302 463 398 463 398 463 398 463 398 463 1302 463 398 463 1302 463 1302 463 398 463 1302 463 1302 463 1302 463 1302 463 1302 463 398 463 398 463 1302 463 398 463 398 463 398 463 398 463 398 463 398 463 398 463 398 463 398 463 398 463 398 463 398 463 398 463 398 463 398 463 398 463 398 463 398 463 1302 463 398 463 398 463 1302 463 398 463 398 463 398 463 398 463 398 463 1302 463 1302 463 398 463 398 463 1302 463 398 463 398 463 398 463 398 463 398 463 398 463 398 463 398 463 398 463 398 463 398 463 398 463 398 463 398 463 1302 463 1302 463 398 463 1302 463 398 463 398 463 398 463 398 463 398 463 398 463 398 463 398 463 398 463 398 463 398 463 398 463 398 463 398 463 398 463 398 463 398 463 1302 463 1302 463 398 463 398 463 398 463 398 463 398 463 398 463 398 463 398 463 398 463 398 463 1302 463 1302 463 398 463 1302 463 398 463 398 463 398 463 398 463 398 463 398 463 398 463 398 463 398 463 398 463 398 463 398 463 398 463 398 463 398 463 1302 463 398 463 398 463 398 463 398 463 398 463 1302 463 1302 463 398 463 398 463 398 463 398 463 398 463 398 463 398 463 1302 463 398 463 398 463 398 463 398 463 398 463 398 463 398 463 398 463 1302 463 398 463 398 463 1302 463 1302 463 398 463 398 463 1302 463,508 331 467 400 439 429 478 371 498 364 467 25057 3441 1799 437 1327 473 363 419 431 531 330 468 1326 477 359 441 428 445 404 532 329 468 1327 477 359 440 1355 476 1286 478 359 415 1380 433 1330 469 1294 478 1285 477 1286 478 359 439 430 474 1320 359 460 529 331 467 400 416 453 480 368 495 367 468 400 390 463 528 333 465 400 441 1354 478 359 416 1378 405 432 486 360 465 399 466 1328 479 1284 479 358 415 454 482 364 494 369 469 1326 479 358 415 454 485 361 466 397 467 402 418 433 529 332 466 400 416 453 480 367 497 366 468 1327 478 1284 479 1284 479 358 468 400 418 1377 405 1358 434 1329 471 35442 3563 1677 359 1404 359 459 532 330 467 399 416 1380 468 368 446 406 529 330 468 399 417 1379 461 375 475 1319 360 1404 405 432 511 1256 442 1348 359 1404 379 1383 429 1334 461 376 475 374 502 1285 479 359 468 400 415 453 480 368 496 366 468 400 390 463 529 331 466 400 440 428 448 402 530 1257 502 337 466 400 440 428 478 371 499 1289 479 359 466 401 415 454 481 365 495 368 469 400 393 459 528 332 466 400 440 428 474 375 506 356 468 400 415 1380 436 400 478 371 496 366 467 401 390 463 528 1256 470 372 492 371 468 1326 481 1282 480 357 439 35488 3580 1651 478 1312 358 459 528 333 469 399 416 1379 434 403 478 371 496 365 469 399 391 1404 431 406 480 1314 360 1403 379 441 529 1256 474 1315 384 1379 359 1404 403 1360 432 405 482 366 491 1297 480 357 468 400 416 453 481 366 465 397 468 401 443 408 529 331 468 400 415 453 481 366 495 368 468 401 389 462 528 333 466 400 440 428 449 400 506 1282 479 359 467 400 439 1355 477 360 445 405 508 353 468 400 415 454 478 1315 360 1403 379 442 510 350 466 1327 480 357 466 402 443 408 505 356 466 401 415 453 455 393 494 368 468 401 389 462 505 357 465 400 440 428 450 399 505 1283 481 1282 450 390 466 1325 482 355 468 400 390 463 504 357 464 401 440 428 447 402 507 354 469 399 416 453 457 389 467 397 468 401 419 431 506 355 467 400 416 453 453 1338 363 1401 405 420 500 358 466 400 440 429 448 400 504 358 467 401 415 454 459 387 466 398 466 1300 509 1254 504 361 415 1350 498 368 446 403 507 354 469 400 414 454 485 362 494 369 469 400 391 460 504 357 468 399 439 429 443 405 506 356 472 397 389 1376 436 429 486 362 509 355 506 362 433 435 486 1276 489 1276 389 458 506 357 508 361 433 433 482 365 498 367 467 402 413 1350 409 457 444 402 466 400 452 416 415 434 473 388 497 372 434 434 442 1323 437 409 463 400 469 1317 446 1318 445 400 461 406 411 1375 387,454 413 454 413 454 413 454 413 454 413 454 25070 3550 1690 454 1340 454 413 454 413 454 413 454 1340 454 413 454 413 454 413 454 413 454 1340 454 413 454 1340 454 1340 454 413 454 1340 454 1340 454 1340 454 1340 454 1340 454 413 454 413 454 1340 454 413 454 413 454 413 454 413 454 413 454 413 454 413 454 413 454 413 454 413 454 1340 454 413 454 1340 454 413 454 413 454 413 454 1340 454 1340 454 413 454 413 454 413 454 413 454 1340 454 413 454 413 454 413 454 413 454 413 454 413 454 413 454 413 454 413 454 413 454 413 454 1340 454 1340 454 1340 454 413 454 413 454 1340 454 1340 454 1340 454 35501 3550 1690 454 1340 454 413 454 413 454 413 454 1340 454 413 454 413 454 413 454 413 454 1340 454 413 454 1340 454 1340 454 413 454 1340 454 1340 454 1340 454 1340 454 1340 454 413 454 413 454 1340 454 413 454 413 454 413 454 413 454 413 454 413 454 413 454 413 454 413 454 413 454 413 454 1340 454 413 454 413 454 413 454 413 454 1340 454 413 454 413 454 413 454 413 454 413 454 413 454 413 454 413 454 413 454 413 454 413 454 413 454 413 454 1340 454 413 454 413 454 413 454 413 454 413 454 1340 454 413 454 413 454 1340 454 1340 454 413 454 35501 3550 1690 454 1340 454 413 454 413 454 413 454 1340 454 413 454 413 454 413 454 413 454 1340 454 413 454 1340 454 1340 454 413 454 1340 454 1340 454 1340 454 1340 454 1340 454 413 454 413 454 1340 454 413 454 413 454 413 454 413 454 413 454 413 454 413 454 413 454 413 454 413 454 413 454 413 454 413 454 413 454 413 454 413 454 413 454 413 454 1340 454 413 454 413 454 1340 454 413 454 413 454 413 454 413 454 413 454 1340 454 1340 454 413 454 413 454 1340 454 413 454 413 454 413 454 413 454 413 454 413 454 413 454 413 454 413 454 413 454 413 454 413 454 413 454 413 454 1340 454 1340 454 413 454 1340 454 413 454 413 454 413 454 413 454 413 454 413 454 413 454 413 454 413 454 413 454 413 454 413 454 413 454 413 454 413 454 413 454 413 454 1340 454 1340 454 413 454 413 454 413 454 413 454 413 454 413 454 413 454 413 454 413 454 413 454 1340 454 1340 454 413 454 1340 454 413 454 413 454 413 454 413 454 413 454 413 454 413 454 413 454 413 454 413 454 413 454 413 454 413 454 413 454 413 454 1340 454 413 454 413 454 413 454 413 454 413 454 1340 454 1340 454 413 454 413 454 413 454 413 454 413 454 413 454 413 454 1340 454 413 454 413 454 413 454 413 454 413 454 413 454 413 454 413 454 1340 454 413 454 413 454 1340 454 1340 454 413 454 413 454 1340 454
Daikin_FTXS25KVMA.ir,Power,DAIKIN 118 bits 11da2700c50000d711da27004200106411da270000092400a0000006600000c1800086,1,True,learned fidelity_check (583 timings),DAIKIN 118 bits 11da2700c50000d711da27004200106411da270000092400a0000006600000c1800086,True,9.3,-6.4,55,484 388 457 415 458 389 484 387 458 389 484 25430 3545 1717 430 1314 431 415 457 415 457 415 486 1258 487 360 484 387 458 414 458 414 431 1313 432 414 484 1261 484 1261 484 389 483 1262 482 1264 481 1265 480 1292 453 1292 453 420 452 393 452 1293 452 420 452 420 452 420 425 420 452 420 452 420 425 421 451 421 451 421 451 394 451 1295 449 422 451 1296 449 423 450 423 422 424 449 1296 449 1297 448 424 448 424 449 395 450 423 449 423 450 423 422 423 450 423 449 422 423 422 451 422 450 422 451 395 450 422 450 422 450 422 423 1323 422 1323 423 1323 423 422 451 1296 449 423 450 1296 449 1296 449 34986 3536 1727 451 1294 451 421 451 394 451 421 452 1294 451 421 451 394 451 421 452 421 451 1294 451 421 424 1321 424 1322 423 421 452 1294 451 1294 451 1294 451 1294 451 1294 451 421 451 421 451 1294 451 394 451 421 451 421 451 421 424 421 451 421 451 421 451 394 451 421 451 421 451 394 451 1294 451 422 450 422 450 422 423 422 450 1295 450 422 450 422 450 395 450 422 450 422 450 422 423 422 450 422 451 422 450 395 450 422 450 422 450 422 423 1323 422 423 450 422 450 423 422 423 449 423 449 1296 449 422 450 396 449 1296 449 1296 449 424 448 35010 3511 1726 451 1294 451 421 451 421 425 420 452 1293 452 421 452 420 452 393 452 420 452 1293 452 421 452 1293 451 1294 451 394 452 1294 451 1294 451 1294 451 1294 451 1294 452 421 451 421 452 1294 451 421 425 421 452 421 451 420 452 393 452 420 452 420 453 420 425 421 452 420 452 421 452 393 452 421 451 421 451 393 452 421 452 420 452 421 424 1321 424 421 452 421 451 1294 451 421 451 394 452 421 451 421 452 421 424 421 451 1294 451 421 452 421 451 1294 451 393 452 421 452 420 452 393 452 421 452 420 452 421 424 421 451 421 451 421 452 393 452 421 451 421 451 421 424 421 452 1294 451 421 452 1294 451 421 452 393 452 421 452 421 451 421 424 421 452 421 451 421 424 421 452 421 451 421 451 394 451 421 452 421 452 421 424 421 451 422 451 1294 451 1295 451 421 452 394 451 422 451 421 451 421 424 421 452 421 451 421 424 421 451 422 451 1294 451 1294 451 421 452 394 451 421 451 421 451 421 424 421 452 421 451 421 451 394 451 421 451 421 451 421 424 421 451 421 451 421 424 421 451 421 451 1294 451 421 451 394 451 421 451 421 451 421 424 1322 423 1322 423 422 451 421 452 421 451 394 451 421 451 421 452 421 424 1322 423 422 451 421 451 421 451 394 451 421 451 421 451 394 451 421 451 421 451 1294 451 1294 451 421 424 421 451 421 452 421 451 1294 451,484 388 457 415 458 389 484 387 458 389 484 25430 3545 1717 430 1314 431 415 457 415 457 415 486 1258 487 360 484 387 458 414 458 414 431 1313 432 414 484 1261 484 1261 484 389 483 1262 482 1264 481 1265 480 1292 453 1292 453 420 452 393 452 1293 452 420 452 420 452 420 425 420 452 420 452 420 425 421 451 421 451 421 451 394 451 1295 449 422 451 1296 449 423 450 423 422 424 449 1296 449 1297 448 424 448 424 449 395 450 423 449 423 450 423 422 423 450 423 449 422 423 422 451 422 450 422 451 395 450 422 450 422 450 422 423 1323 422 1323 423 1323 423 422 451 1296 449 423 450 1296 449 1296 449 34986 3536 1727 451 1294 451 421 451 394 451 421 452 1294 451 421 451 394 451 421 452 421 451 1294 451 421 424 1321 424 1322 423 421 452 1294 451 1294 451 1294 451 1294 451 1294 451 421 451 421 451 1294 451 394 451 421 451 421 451 421 424 421 451 421 451 421 451 394 451 421 451 421 451 394 451 1294 451 422 450 422 450 422 423 422 450 1295 450 422 450 422 450 395 450 422 450 422 450 422 423 422 450 422 451 422 450 395 450 422 450 422 450 422 423 1323 422 423 450 422 450 423 422 423 449 423 449 1296 449 422 450 396 449 1296 449 1296 449 424 448 35010 3511 1726 451 1294 451 421 451 421 425 420 452 1293 452 421 452 420 452 393 452 420 452 1293 452 421 452 1293 451 1294 451 394 452 1294 451 1294 451 1294 451 1294 451 1294 452 421 451 421 452 1294 451 421 425 421 452 421 451 420 452 393 452 420 452 420 453 420 425 421 452 420 452 421 452 393 452 421 451 421 451 393 452 421 452 420 452 421 424 1321 424 421 452 421 451 1294 451 421 451 394 452 421 451 421 452 421 424 421 451 1294 451 421 452 421 451 1294 451 393 452 421 452 420 452 393 452 421 452 420 452 421 424 421 451 421 451 421 452 393 452 421 451 421 451 421 424 421 452 1294 451 421 452 1294 451 421 452 393 452 421 452 421 451 421 424 421 452 421 451 421 424 421 452 421 451 421 451 394 451 421 452 421 452 421 424 421 451 422 451 1294 451 1295 451 421 452 394 451 422 451 421 451 421 424 421 452 421 451 421 424 421 451 422 451 1294 451 1294 451 421 452 394 451 421 451 421 451 421 424 421 452 421 451 421 451 394 451 421 451 421 451 421 424 421 451 421 451 421 424 421 451 421 451 1294 451 421 451 394 451 421 451 421 451 421 424 1322 423 1322 423 422 451 421 452 421 451 394 451 421 451 421 452 421 424 1322 423 422 451 421 451 421 451 394 451 421 451 421 451 394 451 421 451 421 451 1294 451 1294 451 421 424 421 451 421 452 421 451 1294 451,467 397 445 424 415 431 559 311 503 360 468 25431 3538 1748 441 1322 423 387 484 384 418 451 559 1209 493 344 467 401 513 355 480 389 383 1385 439 379 487 1300 477 1259 408 432 530 1235 492 1271 473 1264 433 1330 477 1286 437 399 473 371 389 1377 478 386 512 356 512 356 416 426 479 391 412 461 430 415 530 355 512 357 512 330 512 1256 359 484 432 1357 439 397 513 355 415 430 470 1296 468 1295 439 397 513 356 480 365 415 458 458 429 512 356 415 427 513 355 513 355 389 456 388 485 489 399 512 329 514 354 513 356 512 356 389 1380 405 1358 424 1312 389 426 386 1404 440 397 512 1256 385 1352 463 34952 3544 1747 358 1379 476 386 513 329 513 355 514 1255 404 440 495 350 529 355 512 356 513 1256 358 483 405 1360 441 1321 423 387 479 1290 461 1301 439 1298 411 1325 433 1330 439 397 514 355 512 1256 405 414 489 398 512 355 514 355 415 427 512 356 483 388 415 430 432 439 528 358 513 329 513 1256 411 427 441 432 431 440 406 453 513 1256 439 397 489 381 443 403 407 465 496 389 513 356 415 426 513 356 511 359 446 399 386 486 490 396 513 355 416 1353 426 385 446 427 407 466 403 455 513 355 513 1256 413 424 448 398 386 1404 438 1299 437 400 484 34989 3520 1743 413 1324 411 428 417 455 430 415 530 1256 437 400 510 358 472 371 388 485 458 1330 438 399 513 1255 360 1377 477 360 513 1254 422 1315 405 1332 479 1284 438 1299 403 441 491 397 511 1256 438 399 389 455 413 460 457 414 530 329 512 356 512 356 513 356 389 454 389 483 458 415 529 329 513 356 513 355 513 329 484 386 389 484 457 416 432 1352 426 384 512 356 473 1296 471 392 512 330 512 356 512 356 483 387 364 482 409 1380 414 423 513 355 513 1256 403 413 457 416 528 356 512 329 513 356 511 357 450 423 404 441 461 411 528 356 512 330 512 356 512 356 479 392 381 465 459 1329 414 423 512 1256 359 484 457 387 530 356 513 356 512 356 415 427 476 396 387 485 406 439 529 355 513 356 512 330 512 356 475 397 410 463 405 456 511 356 513 1255 410 1327 462 402 511 330 512 356 512 356 485 384 364 481 411 463 499 387 416 426 512 356 512 1256 359 1378 479 384 511 331 511 358 487 381 455 416 362 482 457 416 505 380 488 356 486 380 511 357 457 414 363 482 408 464 500 386 415 427 487 381 488 1279 360 482 410 436 493 395 486 381 487 381 416 1352 391 1343 410 430 485 384 485 382 486 356 480 390 443 430 457 416 431 1324 457 382 485 384 449 423 387 458 458 414 502 382 486 356 486 382 483 386 451 1294 484 1272 446 421 446 396 480 388 418 457 430 1326 488,458 402 458 402 458 402 458 402 458 402 458 25444 3525 1760 458 1313 458 402 458 402 458 402 458 1313 458 402 458 402 458 402 458 402 458 1313 458 402 458 1313 458 1313 458 402 458 1313 458 1313 458 1313 458 1313 458 1313 458 402 458 402 458 1313 458 402 458 402 458 402 458 402 458 402 458 402 458 402 458 402 458 402 458 402 458 1313 458 402 458 1313 458 402 458 402 458 402 458 1313 458 1313 458 402 458 402 458 402 458 402 458 402 458 402 458 402 458 402 458 402 458 402 458 402 458 402 458 402 458 402 458 402 458 402 458 1313 458 1313 458 1313 458 402 458 1313 458 402 458 1313 458 1313 458 35002 3525 1760 458 1313 458 402 458 402 458 402 458 1313 458 402 458 402 458 402 458 402 458 1313 458 402 458 1313 458 1313 458 402 458 1313 458 1313 458 1313 458 1313 458 1313 458 402 458 402 458 1313 458 402 458 402 458 402 458 402 458 402 458 402 458 402 458 402 458 402 458 402 458 402 458 1313 458 402 458 402 458 402 458 402 458 1313 458 402 458 402 458 402 458 402 458 402 458 402 458 402 458 402 458 402 458 402 458 402 458 402 458 402 458 1313 458 402 458 402 458 402 458 402 458 402 458 1313 458 402 458 402 458 1313 458 1313 458 402 458 35002 3525 1760 458 1313 458 402 458 402 458 402 458 1313 458 402 458 402 458 402 458 402 458 1313 458 402 458 1313 458 1313 458 402 458 1313 458 1313 458 1313 458 1313 458 1313 458 402 458 402 458 1313 458 402 458 402 458 402 458 402 458 402 458 402 458 402 458 402 458 402 458 402 458 402 458 402 458 402 458 402 458 402 458 402 458 402 458 402 458 1313 458 402 458 402 458 1313 458 402 458 402 458 402 458 402 458 402 458 402 458 1313 458 402 458 402 458 1313 458 402 458 402 458 402 458 402 458 402 458 402 458 402 458 402 458 402 458 402 458 402 458 402 458 402 458 402 458 402 458 1313 458 402 458 1313 458 402 458 402 458 402 458 402 458 402 458 402 458 402 458 402 458 402 458 402 458 402 458 402 458 402 458 402 458 402 458 402 458 402 458 1313 458 1313 458 402 458 402 458 402 458 402 458 402 458 402 458 402 458 402 458 402 458 402 458 1313 458 1313 458 402 458 402 458 402 458 402 458 402 458 402 458 402 458 402 458 402 458 402 458 402 458 402 458 402 458 402 458 402 458 402 458 402 458 1313 458 402 458 402 458 402 458 402 458 402 458 1313 458 1313 458 402 458 402 458 402 458 402 458 402 458 402 458 402 458 1313 458 402 458 402 458 402 458 402 458 402 458 402 458 402 458 402 458 402 458 1313 458 1313 458 402 458 402 458 402 458 402 458 1313 458
Daikin_FTXS25KVMA.ir,Power,DAIKIN 118 bits 11da2700c50000d711da27004200106411da270000092400a0000006600000c1800086,2,True,learned fidelity_check (583 timings),DAIKIN 118 bits 11da2700c50000d711da27004200106411da270000092400a0000006600000c1800086,True,-6.4,13.3,69,484 388 457 415 458 389 484 387 458 389 484 25430 3545 1717 430 1314 431 415 457 415 457 415 486 1258 487 360 484 387 458 414 458 414 431 1313 432 414 484 1261 484 1261 484 389 483 1262 482 1264 481 1265 480 1292 453 1292 453 420 452 393 452 1293 452 420 452 420 452 420 425 420 452 420 452 420 425 421 451 421 451 421 451 394 451 1295 449 422 451 1296 449 423 450 423 422 424 449 1296 449 1297 448 424 448 424 449 395 450 423 449 423 450 423 422 423 450 423 449 422 423 422 451 422 450 422 451 395 450 422 450 422 450 422 423 1323 422 1323 423 1323 423 422 451 1296 449 423 450 1296 449 1296 449 34986 3536 1727 451 1294 451 421 451 394 451 421 452 1294 451 421 451 394 451 421 452 421 451 1294 451 421 424 1321 424 1322 423 421 452 1294 451 1294 451 1294 451 1294 451 1294 451 421 451 421 451 1294 451 394 451 421 451 421 451 421 424 421 451 421 451 421 451 394 451 421 451 421 451 394 451 1294 451 422 450 422 450 422 423 422 450 1295 450 422 450 422 450 395 450 422 450 422 450 422 423 422 450 422 451 422 450 395 450 422 450 422 450 422 423 1323 422 423 450 422 450 423 422 423 449 423 449 1296 449 422 450 396 449 1296 449 1296 449 424 448 35010 3511 1726 451 1294 451 421 451 421 425 420 452 1293 452 421 452 420 452 393 452 420 452 1293 452 421 452 1293 451 1294 451 394 452 1294 451 1294 451 1294 451 1294 451 1294 452 421 451 421 452 1294 451 421 425 421 452 421 451 420 452 393 452 420 452 420 453 420 425 421 452 420 452 421 452 393 452 421 451 421 451 393 452 421 452 420 452 421 424 1321 424 421 452 421 451 1294 451 421 451 394 452 421 451 421 452 421 424 421 451 1294 451 421 452 421 451 1294 451 393 452 421 452 420 452 393 452 421 452 420 452 421 424 421 451 421 451 421 452 393 452 421 451 421 451 421 424 421 452 1294 451 421 452 1294 451 421 452 393 452 421 452 421 451 421 424 421 452 421 451 421 424 421 452 421 451 421 451 394 451 421 452 421 452 421 424 421 451 422 451 1294 451 1295 451 421 452 394 451 422 451 421 451 421 424 421 452 421 451 421 424 421 451 422 451 1294 451 1294 451 421 452 394 451 421 451 421 451 421 424 421 452 421 451 421 451 394 451 421 451 421 451 421 424 421 451 421 451 421 424 421 451 421 451 1294 451 421 451 394 451 421 451 421 451 421 424 1322 423 1322 423 422 451 421 452 421 451 394 451 421 451 421 452 421 424 1322 423 422 451 421 451 421 451 394 451 421 451 421 451 394 451 421 451 421 451 1294 451 1294 451 421 424 421 451 421 452 421 451 1294 451,458 402 458 402 458 402 458 402 458 402 458 25444 3525 1760 458 1313 458 402 458 402 458 402 458 1313 458 402 458 402 458 402 458 402 458 1313 458 402 458 1313 458 1313 458 402 458 1313 458 1313 458 1313 458 1313 458 1313 458 402 458 402 458 1313 458 402 458 402 458 402 458 402 458 402 458 402 458 402 458 402 458 402 458 402 458 1313 458 402 458 1313 458 402 458 402 458 402 458 1313 458 1313 458 402 458 402 458 402 458 402 458 402 458 402 458 402 458 402 458 402 458 402 458 402 458 402 458 402 458 402 458 402 458 402 458 1313 458 1313 458 1313 458 402 458 1313 458 402 458 1313 458 1313 458 35002 3525 1760 458 1313 458 402 458 402 458 402 458 1313 458 402 458 402 458 402 458 402 458 1313 458 402 458 1313 458 1313 458 402 458 1313 458 1313 458 1313 458 1313 458 1313 458 402 458 402 458 1313 458 402 458 402 458 402 458 402 458 402 458 402 458 402 458 402 458 402 458 402 458 402 458 1313 458 402 458 402 458 402 458 402 458 1313 458 402 458 402 458 402 458 402 458 402 458 402 458 402 458 402 458 402 458 402 458 402 458 402 458 402 458 1313 458 402 458 402 458 402 458 402 458 402 458 1313 458 402 458 402 458 1313 458 1313 458 402 458 35002 3525 1760 458 1313 458 402 458 402 458 402 458 1313 458 402 458 402 458 402 458 402 458 1313 458 402 458 1313 458 1313 458 402 458 1313 458 1313 458 1313 458 1313 458 1313 458 402 458 402 458 1313 458 402 458 402 458 402 458 402 458 402 458 402 458 402 458 402 458 402 458 402 458 402 458 402 458 402 458 402 458 402 458 402 458 402 458 402 458 1313 458 402 458 402 458 1313 458 402 458 402 458 402 458 402 458 402 458 402 458 1313 458 402 458 402 458 1313 458 402 458 402 458 402 458 402 458 402 458 402 458 402 458 402 458 402 458 402 458 402 458 402 458 402 458 402 458 402 458 1313 458 402 458 1313 458 402 458 402 458 402 458 402 458 402 458 402 458 402 458 402 458 402 458 402 458 402 458 402 458 402 458 402 458 402 458 402 458 402 458 1313 458 1313 458 402 458 402 458 402 458 402 458 402 458 402 458 402 458 402 458 402 458 402 458 1313 458 1313 458 402 458 402 458 402 458 402 458 402 458 402 458 402 458 402 458 402 458 402 458 402 458 402 458 402 458 402 458 402 458 402 458 402 458 1313 458 402 458 402 458 402 458 402 458 402 458 1313 458 1313 458 402 458 402 458 402 458 402 458 402 458 402 458 402 458 1313 458 402 458 402 458 402 458 402 458 402 458 402 458 402 458 402 458 402 458 1313 458 1313 458 402 458 402 458 402 458 402 458 1313 458,509 330 439 429 484 368 529 331 440 427 475 25422 3519 1796 433 1330 477 360 415 453 487 363 531 1282 413 406 530 329 441 428 480 372 528 1283 409 411 529 1282 410 1353 433 403 484 1311 433 1330 476 1313 440 1323 405 1358 476 360 416 453 513 1282 403 433 513 336 498 364 415 453 512 338 531 329 428 440 485 366 530 330 440 428 477 1317 464 373 479 1316 460 377 480 372 528 332 464 1328 478 1312 410 410 529 330 441 427 474 395 512 332 465 400 444 425 513 333 465 399 417 451 513 335 493 370 414 454 512 337 502 359 415 453 486 1309 429 1334 479 1310 437 380 497 1318 413 403 494 1321 414 1349 379 35058 3493 1800 508 1283 410 408 531 331 438 429 480 1314 446 391 482 369 530 330 464 403 474 1321 469 369 473 1321 466 1297 480 357 440 1354 479 1310 411 1352 431 1332 482 1307 415 401 499 364 415 1380 480 357 414 453 512 338 531 330 416 452 482 369 529 331 440 428 478 374 528 331 466 402 446 1348 473 363 457 413 511 333 465 400 420 1375 479 358 443 425 512 334 465 400 415 452 513 336 492 370 415 454 510 340 501 358 415 453 483 368 529 330 440 1355 480 357 440 428 480 371 529 331 441 427 451 1343 467 370 453 400 527 1283 382 1381 465 372 478 34993 3465 1825 509 1282 411 405 490 373 390 479 512 1281 405 433 487 361 497 365 416 452 488 1306 431 407 488 1305 430 1334 480 357 391 1403 481 1307 412 1351 361 1403 481 1283 479 360 465 400 445 1350 479 357 446 423 488 358 465 400 416 451 489 359 491 372 392 476 488 361 501 360 416 453 457 393 506 354 440 428 456 396 504 355 441 426 453 401 502 1306 361 462 503 357 464 1326 484 356 465 402 447 421 487 359 465 400 418 450 487 1305 362 477 488 358 466 1322 485 358 466 399 415 453 487 361 493 369 415 454 487 361 503 359 415 453 482 368 506 354 440 429 477 375 504 355 464 404 448 1345 474 364 450 1343 473 365 475 378 502 358 465 401 445 423 487 359 465 399 418 450 486 362 468 395 391 477 486 362 498 364 416 453 482 368 505 355 439 429 479 1288 464 1305 504 354 417 452 482 369 505 354 441 428 452 400 503 356 463 404 444 425 488 357 468 1318 488 1277 414 452 488 357 498 368 390 477 489 358 507 358 389 479 447 401 509 353 437 433 439 409 507 354 463 406 416 434 501 359 468 400 415 453 483 1281 415 452 477 367 465 403 441 426 443 402 465 1321 444 1321 438 428 472 373 466 401 411 456 445 401 466 400 413 454 469 1297 433 432 442 406 464 400 432 436 439 409 461 402 433 435 441 408 461 401 435 1352 442 1345 415 429 438 408 432 457 415 429 439 1349 412,452 412 452 412 452 412 452 412 452 412 452 25435 3480 1813 452 1334 452 412 452 412 452 412 452 1334 452 412 452 412 452 412 452 412 452 1334 452 412 452 1334 452 1334 452 412 452 1334 452 1334 452 1334 452 1334 452 1334 452 412 452 412 452 1334 452 412 452 412 452 412 452 412 452 412 452 412 452 412 452 412 452 412 452 412 452 1334 452 412 452 1334 452 412 452 412 452 412 452 1334 452 1334 452 412 452 412 452 412 452 412 452 412 452 412 452 412 452 412 452 412 452 412 452 412 452 412 452 412 452 412 452 412 452 412 452 1334 452 1334 452 1334 452 412 452 1334 452 412 452 1334 452 1334 452 35071 3480 1813 452 1334 452 412 452 412 452 412 452 1334 452 412 452 412 452 412 452 412 452 1334 452 412 452 1334 452 1334 452 412 452 1334 452 1334 452 1334 452 1334 452 1334 452 412 452 412 452 1334 452 412 452 412 452 412 452 412 452 412 452 412 452 412 452 412 452 412 452 412 452 412 452 1334 452 412 452 412 452 412 452 412 452 1334 452 412 452 412 452 412 452 412 452 412 452 412 452 412 452 412 452 412 452 412 452 412 452 412 452 412 452 1334 452 412 452 412 452 412 452 412 452 412 452 1334 452 412 452 412 452 1334 452 1334 452 412 452 35071 3480 1813 452 1334 452 412 452 412 452 412 452 1334 452 412 452 412 452 412 452 412 452 1334 452 412 452 1334 452 1334 452 412 452 1334 452 1334 452 1334 452 1334 452 1334 452 412 452 412 452 1334 452 412 452 412 452 412 452 412 452 412 452 412 452 412 452 412 452 412 452 412 452 412 452 412 452 412 452 412 452 412 452 412 452 412 452 412 452 1334 452 412 452 412 452 1334 452 412 452 412 452 412 452 412 452 412 452 412 452 1334 452 412 452 412 452 1334 452 412 452 412 452 412 452 412 452 412 452 412 452 412 452 412 452 412 452 412 452 412 452 412 452 412 452 412 452 412 452 1334 452 412 452 1334 452 412 452 412 452 412 452 412 452 412 452 412 452 412 452 412 452 412 452 412 452 412 452 412 452 412 452 412 452 412 452 412 452 412 452 1334 452 1334 452 412 452 412 452 412 452 412 452 412 452 412 452 412 452 412 452 412 452 412 452 1334 452 1334 452 412 452 412 452 412 452 412 452 412 452 412 452 412 452 412 452 412 452 412 452 412 452 412 452 412 452 412 452 412 452 412 452 412 452 1334 452 412 452 412 452 412 452 412 452 412 452 1334 452 1334 452 412 452 412 452 412 452 412 452 412 452 412 452 412 452 1334 452 412 452 412 452 412 452 412 452 412 452 412 452 412 452 412 452 412 452 1334 452 1334 452 412 452 412 452 412 452 412 452 1334 452
Daikin_FTXS25KVMA.ir,Fan,DAIKIN 118 bits 11da2700c50000d711da27004200106411da27000009240030000006600000c1800016,1,True,learned fidelity_check (583 timings),DAIKIN 118 bits 11da2700c50000d711da27004200106411da27000009240030000006600000c1800016,True,-2.8,10.6,106,506 393 452 393 480 393 479 367 506 366 479 25407 3593 1643 537 1208 537 363 511 334 509 363 509 1209 536 363 482 362 510 362 510 363 508 1236 509 336 508 1237 480 1266 478 394 477 1269 476 1270 475 1271 474 1271 474 1271 474 398 474 398 447 1298 447 398 475 398 475 398 474 371 474 398 474 398 475 398 447 398 475 398 474 398 447 1299 446 398 474 1272 473 398 474 399 473 371 474 1272 473 1272 474 398 474 399 473 399 446 399 473 399 473 399 473 372 473 399 473 399 473 400 445 399 473 400 472 400 472 372 473 400 472 400 472 1273 472 1273 472 1273 472 397 448 1298 447 425 447 1298 447 1298 447 34988 3532 1705 475 1270 475 397 475 397 448 398 475 1271 474 398 474 398 474 370 475 398 474 1271 474 398 474 1271 474 1271 474 398 447 1299 446 1299 446 1299 446 1299 446 1299 446 399 474 398 475 1272 473 399 446 399 473 399 473 399 473 372 473 399 473 399 474 399 446 399 474 399 473 399 473 1273 473 372 473 400 472 400 472 400 445 1301 444 400 473 401 471 400 445 400 473 401 471 424 448 397 448 424 448 425 447 424 421 425 448 425 447 425 447 1298 447 398 447 425 447 425 448 425 420 425 447 1298 447 425 447 425 420 1326 419 1326 419 425 447 34988 3533 1706 474 1271 474 398 475 398 474 371 474 1271 474 398 474 398 474 398 447 398 474 1271 474 398 474 1271 474 1272 473 399 473 1272 473 1272 473 1272 473 1272 473 1272 473 372 473 399 473 1272 473 399 473 372 473 399 473 399 473 399 446 400 473 400 472 400 472 372 473 399 473 400 472 400 445 401 472 400 472 400 472 373 472 400 472 401 471 1274 471 401 444 402 471 1298 447 425 447 425 420 425 447 425 447 425 447 398 447 1299 446 426 447 425 447 1299 447 426 419 426 447 426 446 426 447 398 447 426 446 426 446 426 419 426 446 426 447 426 419 426 446 426 447 426 446 1299 446 1299 446 399 446 426 447 427 446 426 419 427 445 427 445 427 446 399 446 427 445 427 445 427 418 427 445 427 446 427 418 428 445 427 445 428 445 400 445 428 444 1301 445 1301 444 428 444 428 417 428 444 428 444 428 444 401 444 428 444 428 444 428 417 428 444 1302 444 1302 443 429 443 429 443 401 444 429 443 429 444 402 443 429 443 430 442 430 415 430 443 430 442 430 443 403 442 455 417 455 418 455 390 456 416 1328 417 456 416 456 416 428 417 456 416 456 416 1329 416 1329 417 429 416 456 416 456 416 456 389 456 416 456 416 456 416 1329 416 429 416 457 415 457 415 457 388 457 415 457 415 457 415 430 415 457 415 1331 414 1331 414 458 414 1332 413 431 414 458 414 484 388,506 393 452 393 480 393 479 367 506 366 479 25407 3593 1643 537 1208 537 363 511 334 509 363 509 1209 536 363 482 362 510 362 510 363 508 1236 509 336 508 1237 480 1266 478 394 477 1269 476 1270 475 1271 474 1271 474 1271 474 398 474 398 447 1298 447 398 475 398 475 398 474 371 474 398 474 398 475 398 447 398 475 398 474 398 447 1299 446 398 474 1272 473 398 474 399 473 371 474 1272 473 1272 474 398 474 399 473 399 446 399 473 399 473 399 473 372 473 399 473 399 473 400 445 399 473 400 472 400 472 372 473 400 472 400 472 1273 472 1273 472 1273 472 397 448 1298 447 425 447 1298 447 1298 447 34988 3532 1705 475 1270 475 397 475 397 448 398 475 1271 474 398 474 398 474 370 475 398 474 1271 474 398 474 1271 474 1271 474 398 447 1299 446 1299 446 1299 446 1299 446 1299 446 399 474 398 475 1272 473 399 446 399 473 399 473 399 473 372 473 399 473 399 474 399 446 399 474 399 473 399 473 1273 473 372 473 400 472 400 472 400 445 1301 444 400 473 401 471 400 445 400 473 401 471 424 448 397 448 424 448 425 447 424 421 425 448 425 447 425 447 1298 447 398 447 425 447 425 448 425 420 425 447 1298 447 425 447 425 420 1326 419 1326 419 425 447 34988 3533 1706 474 1271 474 398 475 398 474 371 474 1271 474 398 474 398 474 398 447 398 474 1271 474 398 474 1271 474 1272 473 399 473 1272 473 1272 473 1272 473 1272 473 1272 473 372 473 399 473 1272 473 399 473 372 473 399 473 399 473 399 446 400 473 400 472 400 472 372 473 399 473 400 472 400 445 401 472 400 472 400 472 373 472 400 472 401 471 1274 471 401 444 402 471 1298 447 425 447 425 420 425 447 425 447 425 447 398 447 1299 446 426 447 425 447 1299 447 426 419 426 447 426 446 426 447 398 447 426 446 426 446 426 419 426 446 426 447 426 419 426 446 426 447 426 446 1299 446 1299 446 399 446 426 447 427 446 426 419 427 445 427 445 427 446 399 446 427 445 427 445 427 418 427 445 427 446 427 418 428 445 427 445 428 445 400 445 428 444 1301 445 1301 444 428 444 428 417 428 444 428 444 428 444 401 444 428 444 428 444 428 417 428 444 1302 444 1302 443 429 443 429 443 401 444 429 443 429 444 402 443 429 443 430 442 430 415 430 443 430 442 430 443 403 442 455 417 455 418 455 390 456 416 1328 417 456 416 456 416 428 417 456 416 456 416 1329 416 1329 417 429 416 456 416 456 416 456 389 456 416 456 416 456 416 1329 416 429 416 457 415 457 415 457 388 457 415 457 415 457 415 430 415 457 415 1331 414 1331 414 458 414 1332 413 431 414 458 414 484 388,535 359 449 395 487 387 486 376 564 303 468 25425 3572 1669 545 1217 524 339 443 399 468 404 515 1223 545 345 468 374 563 305 497 371 445 1324 531 286 584 1204 477 1259 385 457 458 1331 478 1259 478 1259 385 1378 477 1259 477 360 466 406 441 1324 470 366 468 400 468 401 468 375 440 432 412 460 458 428 512 330 469 399 468 401 512 1256 381 440 455 1329 478 358 468 402 466 378 414 1351 460 1304 476 359 469 403 439 433 384 461 431 454 466 402 469 373 468 401 468 400 467 407 438 406 409 478 439 429 468 374 468 400 468 401 468 1300 385 1378 477 1260 477 359 513 1256 405 458 483 1285 439 1298 410 35003 3550 1716 478 1259 385 459 434 454 505 336 469 1299 477 362 415 458 410 433 434 453 467 1301 479 357 469 1300 386 1377 478 358 513 1256 413 1323 428 1336 438 1298 439 1297 406 432 466 402 468 1300 478 362 478 367 411 460 432 453 468 374 468 400 469 399 469 402 483 363 411 462 431 453 468 1300 479 331 469 405 437 434 428 459 465 1303 438 372 468 403 465 407 438 407 432 454 441 453 513 329 513 356 512 356 512 358 386 461 405 484 471 396 513 1256 437 373 512 360 472 399 430 459 386 455 513 1255 437 401 510 362 360 1430 413 1323 426 385 512 34932 3553 1714 505 1231 475 367 432 441 432 427 467 1301 479 358 468 402 439 433 385 460 433 1353 480 357 467 1301 467 1270 458 405 467 1301 503 1234 385 1377 502 1235 488 1248 439 380 408 479 440 1328 503 334 467 375 468 404 413 459 433 455 466 374 469 400 468 400 469 373 469 403 438 435 435 452 438 403 469 400 468 400 469 374 467 404 439 434 438 1348 495 342 513 330 468 1325 360 485 428 460 365 477 511 356 512 357 512 330 512 1255 380 484 474 394 512 1256 414 426 411 434 384 489 453 431 512 330 512 356 513 355 513 359 412 433 384 488 455 430 412 430 512 356 513 356 511 1257 379 1383 414 397 512 356 512 358 483 390 384 462 425 460 474 394 512 329 513 356 513 358 510 362 410 435 425 460 477 392 415 426 513 356 511 361 479 366 406 483 411 1356 412 1324 414 430 436 436 381 477 441 427 513 356 512 330 511 358 510 362 451 421 414 447 409 1358 411 1326 413 431 408 480 407 434 440 428 489 380 488 354 488 383 485 388 434 454 391 450 441 427 488 381 487 355 487 410 413 459 411 462 346 511 363 1403 431 408 416 457 413 430 414 476 365 502 363 1378 459 1283 445 396 413 474 340 528 388 480 431 411 418 451 416 456 418 1340 338 505 387 481 419 450 420 450 423 422 446 425 447 440 387 455 386 483 418 1321 449 1312 400 468 382 1356 455 385 457 414 458 440 381,452 416 452 416 452 416 452 416 452 416 452 25438 3540 1727 452 1314 452 416 452 416 452 416 452 1314 452 416 452 416 452 416 452 416 452 1314 452 416 452 1314 452 1314 452 416 452 1314 452 1314 452 1314 452 1314 452 1314 452 416 452 416 452 1314 452 416 452 416 452 416 452 416 452 416 452 416 452 416 452 416 452 416 452 416 452 1314 452 416 452 1314 452 416 452 416 452 416 452 1314 452 1314 452 416 452 416 452 416 452 416 452 416 452 416 452 416 452 416 452 416 452 416 452 416 452 416 452 416 452 416 452 416 452 416 452 1314 452 1314 452 1314 452 416 452 1314 452 416 452 1314 452 1314 452 35016 3540 1727 452 1314 452 416 452 416 452 416 452 1314 452 416 452 416 452 416 452 416 452 1314 452 416 452 1314 452 1314 452 416 452 1314 452 1314 452 1314 452 1314 452 1314 452 416 452 416 452 1314 452 416 452 416 452 416 452 416 452 416 452 416 452 416 452 416 452 416 452 416 452 416 452 1314 452 416 452 416 452 416 452 416 452 1314 452 416 452 416 452 416 452 416 452 416 452 416 452 416 452 416 452 416 452 416 452 416 452 416 452 416 452 1314 452 416 452 416 452 416 452 416 452 416 452 1314 452 416 452 416 452 1314 452 1314 452 416 452 35016 3540 1727 452 1314 452 416 452 416 452 416 452 1314 452 416 452 416 452 416 452 416 452 1314 452 416 452 1314 452 1314 452 416 452 1314 452 1314 452 1314 452 1314 452 1314 452 416 452 416 452 1314 452 416 452 416 452 416 452 416 452 416 452 416 452 416 452 416 452 416 452 416 452 416 452 416 452 416 452 416 452 416 452 416 452 416 452 416 452 1314 452 416 452 416 452 1314 452 416 452 416 452 416 452 416 452 416 452 416 452 1314 452 416 452 416 452 1314 452 416 452 416 452 416 452 416 452 416 452 416 452 416 452 416 452 416 452 416 452 416 452 416 452 416 452 416 452 1314 452 1314 452 416 452 416 452 416 452 416 452 416 452 416 452 416 452 416 452 416 452 416 452 416 452 416 452 416 452 416 452 416 452 416 452 416 452 416 452 416 452 1314 452 1314 452 416 452 416 452 416 452 416 452 416 452 416 452 416 452 416 452 416 452 416 452 1314 452 1314 452 416 452 416 452 416 452 416 452 416 452 416 452 416 452 416 452 416 452 416 452 416 452 416 452 416 452 416 452 416 452 416 452 416 452 1314 452 416 452 416 452 416 452 416 452 416 452 1314 452 1314 452 416 452 416 452 416 452 416 452 416 452 416 452 416 452 1314 452 416 452 416 452 416 452 416 452 416 452 416 452 416 452 416 452 416 452 1314 452 1314 452 416 452 1314 452 416 452 416 452 416 452
Daikin_FTXS25KVMA.ir,Fan,DAIKIN 118 bits 11da2700c50000d711da27004200106411da27000009240030000006600000c1800016,2,True,learned fidelity_check (583 timings),DAIKIN 118 bits 11da2700c50000d711da27004200106411da27000009240030000006600000c1800016,True,11.7,-12.6,34,506 393 452 393 480 393 479 367 506 366 479 25407 3593 1643 537 1208 537 363 511 334 509 363 509 1209 536 363 482 362 510 362 510 363 508 1236 509 336 508 1237 480 1266 478 394 477 1269 476 1270 475 1271 474 1271 474 1271 474 398 474 398 447 1298 447 398 475 398 475 398 474 371 474 398 474 398 475 398 447 398 475 398 474 398 447 1299 446 398 474 1272 473 398 474 399 473 371 474 1272 473 1272 474 398 474 399 473 399 446 399 473 399 473 399 473 372 473 399 473 399 473 400 445 399 473 400 472 400 472 372 473 400 472 400 472 1273 472 1273 472 1273 472 397 448 1298 447 425 447 1298 447 1298 447 34988 3532 1705 475 1270 475 397 475 397 448 398 475 1271 474 398 474 398 474 370 475 398 474 1271 474 398 474 1271 474 1271 474 398 447 1299 446 1299 446 1299 446 1299 446 1299 446 399 474 398 475 1272 473 399 446 399 473 399 473 399 473 372 473 399 473 399 474 399 446 399 474 399 473 399 473 1273 473 372 473 400 472 400 472 400 445 1301 444 400 473 401 471 400 445 400 473 401 471 424 448 397 448 424 448 425 447 424 421 425 448 425 447 425 447 1298 447 398 447 425 447 425 448 425 420 425 447 1298 447 425 447 425 420 1326 419 1326 419 425 447 34988 3533 1706 474 1271 474 398 475 398 474 371 474 1271 474 398 474 398 474 398 447 398 474 1271 474 398 474 1271 474 1272 473 399 473 1272 473 1272 473 1272 473 1272 473 1272 473 372 473 399 473 1272 473 399 473 372 473 399 473 399 473 399 446 400 473 400 472 400 472 372 473 399 473 400 472 400 445 401 472 400 472 400 472 373 472 400 472 401 471 1274 471 401 444 402 471 1298 447 425 447 425 420 425 447 425 447 425 447 398 447 1299 446 426 447 425 447 1299 447 426 419 426 447 426 446 426 447 398 447 426 446 426 446 426 419 426 446 426 447 426 419 426 446 426 447 426 446 1299 446 1299 446 399 446 426 447 427 446 426 419 427 445 427 445 427 446 399 446 427 445 427 445 427 418 427 445 427 446 427 418 428 445 427 445 428 445 400 445 428 444 1301 445 1301 444 428 444 428 417 428 444 428 444 428 444 401 444 428 444 428 444 428 417 428 444 1302 444 1302 443 429 443 429 443 401 444 429 443 429 444 402 443 429 443 430 442 430 415 430 443 430 442 430 443 403 442 455 417 455 418 455 390 456 416 1328 417 456 416 456 416 428 417 456 416 456 416 1329 416 1329 417 429 416 456 416 456 416 456 389 456 416 456 416 456 416 1329 416 429 416 457 415 457 415 457 388 457 415 457 415 457 415 430 415 457 415 1331 414 1331 414 458 414 1332 413 431 414 458 414 484 388,452 416 452 416 452 416 452 416 452 416 452 25438 3540 1727 452 1314 452 416 452 416 452 416 452 1314 452 416 452 416 452 416 452 416 452 1314 452 416 452 1314 452 1314 452 416 452 1314 452 1314 452 1314 452 1314 452 1314 452 416 452 416 452 1314 452 416 452 416 452 416 452 416 452 416 452 416 452 416 452 416 452 416 452 416 452 1314 452 416 452 1314 452 416 452 416 452 416 452 1314 452 1314 452 416 452 416 452 416 452 416 452 416 452 416 452 416 452 416 452 416 452 416 452 416 452 416 452 416 452 416 452 416 452 416 452 1314 452 1314 452 1314 452 416 452 1314 452 416 452 1314 452 1314 452 35016 3540 1727 452 1314 452 416 452 416 452 416 452 1314 452 416 452 416 452 416 452 416 452 1314 452 416 452 1314 452 1314 452 416 452 1314 452 1314 452 1314 452 1314 452 1314 452 416 452 416 452 1314 452 416 452 416 452 416 452 416 452 416 452 416 452 416 452 416 452 416 452 416 452 416 452 1314 452 416 452 416 452 416 452 416 452 1314 452 416 452 416 452 416 452 416 452 416 452 416 452 416 452 416 452 416 452 416 452 416 452 416 452 416 452 1314 452 416 452 416 452 416 452 416 452 416 452 1314 452 416 452 416 452 1314 452 1314 452 416 452 35016 3540 1727 452 1314 452 416 452 416 452 416 452 1314 452 416 452 416 452 416 452 416 452 1314 452 416 452 1314 452 1314 452 416 452 1314 452 1314 452 1314 452 1314 452 1314 452 416 452 416 452 1314 452 416 452 416 452 416 452 416 452 416 452 416 452 416 452 416 452 416 452 416 452 416 452 416 452 416 452 416 452 416 452 416 452 416 452 416 452 1314 452 416 452 416 452 1314 452 416 452 416 452 416 452 416 452 416 452 416 452 1314 452 416 452 416 452 1314 452 416 452 416 452 416 452 416 452 416 452 416 452 416 452 416 452 416 452 416 452 416 452 416 452 416 452 416 452 1314 452 1314 452 416 452 416 452 416 452 416 452 416 452 416 452 416 452 416 452 416 452 416 452 416 452 416 452 416 452 416 452 416 452 416 452 416 452 416 452 416 452 1314 452 1314 452 416 452 416 452 416 452 416 452 416 452 416 452 416 452 416 452 416 452 416 452 1314 452 1314 452 416 452 416 452 416 452 416 452 416 452 416 452 416 452 416 452 416 452 416 452 416 452 416 452 416 452 416 452 416 452 416 452 416 452 1314 452 416 452 416 452 416 452 416 452 416 452 1314 452 1314 452 416 452 416 452 416 452 416 452 416 452 416 452 416 452 1314 452 416 452 416 452 416 452 416 452 416 452 416 452 416 452 416 452 416 452 1314 452 1314 452 416 452 1314 452 416 452 416 452 416 452,528 338 529 339 527 340 526 343 498 369 492 25401 3539 1748 476 1287 475 388 512 356 512 356 512 1283 440 396 513 355 514 355 512 356 512 1283 440 396 513 1282 440 1323 413 423 511 1284 359 1404 380 1383 433 1330 475 1288 476 388 511 357 512 1282 439 397 513 355 513 356 512 356 513 356 512 356 513 356 512 357 511 356 513 356 512 1282 439 398 512 1282 439 400 510 356 513 355 513 1282 440 1323 414 422 513 359 509 356 512 356 513 356 512 356 513 355 513 355 514 355 513 355 513 355 513 356 513 355 512 357 513 355 513 355 513 1281 439 1325 411 1352 358 478 449 1346 380 458 388 1405 433 1330 475 34971 3539 1747 504 1286 437 399 512 356 514 355 512 1282 439 397 514 355 513 356 513 355 513 1282 438 398 513 1282 437 1326 396 441 482 1313 358 1404 405 1357 467 1297 478 1285 477 386 512 357 512 1282 414 422 512 356 513 355 513 356 513 355 512 356 512 357 512 356 512 357 512 356 513 356 511 1283 436 400 512 356 513 356 512 356 513 1282 414 423 512 356 512 356 513 355 513 355 513 356 512 356 513 356 512 356 513 355 512 356 514 355 512 357 512 1282 413 424 512 356 512 356 512 356 513 355 513 1282 414 423 512 356 512 1283 437 1326 411 425 486 34986 3515 1776 361 1403 404 435 388 480 413 455 415 1378 431 411 410 457 411 458 410 457 411 1381 462 380 460 1329 478 1284 480 384 512 1282 413 1350 413 1349 414 1350 384 1378 359 479 419 449 445 1349 406 434 387 482 386 481 388 480 387 480 414 455 415 453 416 451 419 450 442 426 444 424 445 423 447 421 449 420 450 418 475 393 477 392 478 390 480 1314 359 478 444 425 445 1349 405 435 387 481 386 482 387 480 414 454 415 453 416 1377 432 409 410 459 410 1380 466 377 463 406 459 409 458 409 458 411 433 435 432 436 432 436 410 458 410 458 410 457 411 458 387 481 387 480 389 1404 435 1328 479 365 505 363 505 364 502 365 500 369 492 378 486 379 462 406 460 408 458 411 456 411 434 434 434 435 409 458 410 459 410 458 410 458 410 457 388 481 387 1404 438 1324 483 364 505 362 505 363 503 366 500 367 498 370 491 377 463 406 460 407 459 410 456 1330 484 1277 485 383 486 382 486 383 485 367 502 365 503 366 503 365 504 363 505 364 504 364 504 363 506 363 503 365 501 367 499 369 493 375 489 379 461 1323 487 363 504 363 505 364 504 364 504 364 503 1278 489 1276 445 423 474 393 472 399 469 395 490 379 489 379 488 380 491 1275 440 428 440 429 440 428 440 428 440 428 441 427 441 426 444 424 444 425 444 1321 470 1293 475 393 472 1291 471 397 443 425 443 426 466,464 393 464 393 464 393 464 393 464 393 464 25414 3526 1761 464 1334 464 393 464 393 464 393 464 1334 464 393 464 393 464 393 464 393 464 1334 464 393 464 1334 464 1334 464 393 464 1334 464 1334 464 1334 464 1334 464 1334 464 393 464 393 464 1334 464 393 464 393 464 393 464 393 464 393 464 393 464 393 464 393 464 393 464 393 464 1334 464 393 464 1334 464 393 464 393 464 393 464 1334 464 1334 464 393 464 393 464 393 464 393 464 393 464 393 464 393 464 393 464 393 464 393 464 393 464 393 464 393 464 393 464 393 464 393 464 1334 464 1334 464 1334 464 393 464 1334 464 393 464 1334 464 1334 464 34999 3526 1761 464 1334 464 393 464 393 464 393 464 1334 464 393 464 393 464 393 464 393 464 1334 464 393 464 1334 464 1334 464 393 464 1334 464 1334 464 1334 464 1334 464 1334 464 393 464 393 464 1334 464 393 464 393 464 393 464 393 464 393 464 393 464 393 464 393 464 393 464 393 464 393 464 1334 464 393 464 393 464 393 464 393 464 1334 464 393 464 393 464 393 464 393 464 393 464 393 464 393 464 393 464 393 464 393 464 393 464 393 464 393 464 1334 464 393 464 393 464 393 464 393 464 393 464 1334 464 393 464 393 464 1334 464 1334 464 393 464 34999 3526 1761 464 1334 464 393 464 393 464 393 464 1334 464 393 464 393 464 393 464 393 464 1334 464 393 464 1334 464 1334 464 393 464 1334 464 1334 464 1334 464 1334 464 1334 464 393 464 393 464 1334 464 393 464 393 464 393 464 393 464 393 464 393 464 393 464 393 464 393 464 393 464 393 464 393 464 393 464 393 464 393 464 393 464 393 464 393 464 1334 464 393 464 393 464 1334 464 393 464 393 464 393 464 393 464 393 464 393 464 1334 464 393 464 393 464 1334 464 393 464 393 464 393 464 393 464 393 464 393 464 393 464 393 464 393 464 393 464 393 464 393 464 393 464 393 464 1334 464 1334 464 393 464 393 464 393 464 393 464 393 464 393 464 393 464 393 464 393 464 393 464 393 464 393 464 393 464 393 464 393 464 393 464 393 464 393 464 393 464 1334 464 1334 464 393 464 393 464 393 464 393 464 393 464 393 464 393 464 393 464 393 464 393 464 1334 464 1334 464 393 464 393 464 393 464 393 464 393 464 393 464 393 464 393 464 393 464 393 464 393 464 393 464 393 464 393 464 393 464 393 464 393 464 1334 464 393 464 393 464 393 464 393 464 393 464 1334 464 1334 464 393 464 393 464 393 464 393 464 393 464 393 464 393 464 1334 464 393 464 393 464 393 464 393 464 393 464 393 464 393 464 393 464 393 464 1334 464 1334 464 393 464 1334 464 393 464 393 464 393 464
Daikin_FTXS25KVMA.ir,Powerful,DAIKIN 118 bits 11da2700c50000d711da27004200106411da27000009240030000006600100c1800017,1,True,learned fidelity_check (583 timings),DAIKIN 118 bits 11da2700c50000d711da27004200106411da27000009240030000006600100c1800017,True,-3.4,-1.0,119,457 417 428 416 456 416 456 416 429 416 456 25456 3517 1719 458 1288 458 388 485 387 486 387 485 1259 485 388 430 415 457 414 458 414 458 1286 458 387 459 1286 459 1287 458 415 483 1263 482 1264 481 1265 480 1266 479 1292 453 420 452 420 425 1320 425 420 453 420 452 420 452 393 452 420 452 420 452 393 452 420 452 420 452 420 425 1320 425 420 453 1293 452 420 453 420 452 393 452 1293 452 1293 452 420 452 420 452 420 425 420 453 420 452 420 452 393 452 420 453 420 452 393 452 420 453 420 452 420 425 421 452 420 452 420 452 1293 452 1294 451 1294 451 393 452 1293 452 421 451 1294 451 1293 452 34984 3539 1725 451 1293 452 420 452 421 424 420 452 1293 451 421 452 420 425 421 451 421 452 1293 451 421 452 1294 451 1294 451 394 452 1294 451 1295 450 1295 450 1295 451 1295 450 422 450 422 451 1295 450 423 423 422 450 422 450 422 450 395 450 422 450 422 450 422 423 422 451 422 451 422 450 1295 450 395 451 421 451 422 451 394 451 1295 450 422 451 422 450 422 423 422 451 422 451 422 450 394 451 422 451 421 451 422 423 422 451 422 450 422 450 1295 450 395 450 422 450 422 451 395 450 422 450 1295 450 423 450 423 422 1323 422 1323 422 423 449 34987 3535 1728 451 1294 451 422 450 422 451 394 451 1295 450 422 450 422 451 421 424 422 450 1295 450 422 451 1294 451 1294 451 422 423 1322 423 1322 423 1322 423 1322 423 1322 423 422 451 422 451 1295 450 422 450 395 450 422 450 422 451 422 423 422 450 422 451 422 450 395 450 422 451 422 450 422 423 422 450 422 451 422 423 422 451 422 450 422 450 1295 451 395 450 422 450 1295 450 422 450 422 423 423 449 423 450 422 450 395 450 1296 449 422 450 422 450 1296 449 423 422 423 449 423 449 423 449 396 449 423 450 423 449 396 449 423 449 423 449 423 422 423 450 423 449 423 449 1296 449 1296 449 396 449 423 449 423 449 423 422 423 450 423 449 424 449 396 449 423 449 424 448 396 449 424 448 424 448 424 421 424 449 424 448 424 448 396 449 424 448 1297 448 1297 448 424 448 424 421 424 448 424 449 424 449 396 449 424 448 424 449 397 448 424 448 1297 448 1297 448 424 448 1297 448 424 421 425 448 424 448 424 448 397 448 425 447 425 448 425 420 425 448 425 447 425 447 398 447 425 447 425 447 425 420 1326 419 426 447 426 446 426 419 426 446 450 422 1300 445 1324 421 451 422 423 422 451 421 451 421 451 394 451 421 451 421 1324 421 451 421 424 421 451 421 451 421 451 394 451 422 451 421 451 394 1352 393 1352 393 1352 393 452 420 1325 420 452 420 452 420 424 421,457 417 428 416 456 416 456 416 429 416 456 25456 3517 1719 458 1288 458 388 485 387 486 387 485 1259 485 388 430 415 457 414 458 414 458 1286 458 387 459 1286 459 1287 458 415 483 1263 482 1264 481 1265 480 1266 479 1292 453 420 452 420 425 1320 425 420 453 420 452 420 452 393 452 420 452 420 452 393 452 420 452 420 452 420 425 1320 425 420 453 1293 452 420 453 420 452 393 452 1293 452 1293 452 420 452 420 452 420 425 420 453 420 452 420 452 393 452 420 453 420 452 393 452 420 453 420 452 420 425 421 452 420 452 420 452 1293 452 1294 451 1294 451 393 452 1293 452 421 451 1294 451 1293 452 34984 3539 1725 451 1293 452 420 452 421 424 420 452 1293 451 421 452 420 425 421 451 421 452 1293 451 421 452 1294 451 1294 451 394 452 1294 451 1295 450 1295 450 1295 451 1295 450 422 450 422 451 1295 450 423 423 422 450 422 450 422 450 395 450 422 450 422 450 422 423 422 451 422 451 422 450 1295 450 395 451 421 451 422 451 394 451 1295 450 422 451 422 450 422 423 422 451 422 451 422 450 394 451 422 451 421 451 422 423 422 451 422 450 422 450 1295 450 395 450 422 450 422 451 395 450 422 450 1295 450 423 450 423 422 1323 422 1323 422 423 449 34987 3535 1728 451 1294 451 422 450 422 451 394 451 1295 450 422 450 422 451 421 424 422 450 1295 450 422 451 1294 451 1294 451 422 423 1322 423 1322 423 1322 423 1322 423 1322 423 422 451 422 451 1295 450 422 450 395 450 422 450 422 451 422 423 422 450 422 451 422 450 395 450 422 451 422 450 422 423 422 450 422 451 422 423 422 451 422 450 422 450 1295 451 395 450 422 450 1295 450 422 450 422 423 423 449 423 450 422 450 395 450 1296 449 422 450 422 450 1296 449 423 422 423 449 423 449 423 449 396 449 423 450 423 449 396 449 423 449 423 449 423 422 423 450 423 449 423 449 1296 449 1296 449 396 449 423 449 423 449 423 422 423 450 423 449 424 449 396 449 423 449 424 448 396 449 424 448 424 448 424 421 424 449 424 448 424 448 396 449 424 448 1297 448 1297 448 424 448 424 421 424 448 424 449 424 449 396 449 424 448 424 449 397 448 424 448 1297 448 1297 448 424 448 1297 448 424 421 425 448 424 448 424 448 397 448 425 447 425 448 425 420 425 448 425 447 425 447 398 447 425 447 425 447 425 420 1326 419 426 447 426 446 426 419 426 446 450 422 1300 445 1324 421 451 422 423 422 451 421 451 421 451 394 451 421 451 421 1324 421 451 421 424 421 451 421 451 421 451 394 451 422 451 421 451 394 1352 393 1352 393 1352 393 452 420 1325 420 452 420 452 420 424 421,509 358 389 453 419 450 415 458 477 367 532 25382 3552 1713 468 1268 477 360 468 401 416 451 489 1280 491 355 433 426 512 356 512 356 480 1289 433 379 466 1301 476 1287 358 478 487 1281 493 1270 478 1259 385 1352 492 1297 440 396 511 358 364 1404 411 426 513 355 513 355 513 329 509 359 445 428 409 436 489 383 527 357 512 356 416 1352 386 427 413 1353 476 387 514 354 513 329 484 1285 434 1329 438 398 514 354 513 356 365 479 389 483 464 408 530 328 514 355 512 356 513 329 479 392 388 485 487 385 431 427 512 356 513 355 512 1257 404 1333 473 1289 439 371 485 1284 433 414 528 1256 439 1297 360 35054 3468 1825 438 1298 379 463 433 441 431 427 512 1255 440 397 481 389 364 482 432 440 530 1255 438 400 511 1256 405 1333 474 362 512 1255 411 1327 436 1327 438 1299 409 1327 435 429 511 356 513 1256 412 427 362 484 431 440 524 360 513 329 513 356 513 355 511 358 364 482 386 486 526 360 513 1255 439 372 482 389 414 459 486 358 530 1255 439 398 512 357 447 425 381 465 499 387 513 355 514 328 514 355 485 385 418 454 381 465 528 357 512 356 513 1256 410 402 417 456 431 441 529 329 512 356 513 1256 409 432 386 487 402 1383 426 1311 422 391 443 34999 3467 1826 413 1323 405 441 498 387 513 329 513 1256 411 428 416 455 459 415 431 426 512 1257 437 399 475 1294 468 1294 427 409 417 1353 332 1404 438 1326 424 1311 386 1352 410 426 512 355 514 1255 359 483 386 459 489 398 513 355 512 356 415 427 513 358 445 425 408 437 490 397 513 355 513 356 415 426 513 356 447 426 381 464 499 388 512 356 513 1256 409 404 416 456 431 1357 414 423 512 356 415 427 485 386 414 458 459 386 527 1258 413 423 513 356 482 1286 437 426 416 426 513 355 513 356 512 330 484 388 413 460 459 402 508 359 513 356 512 356 415 427 484 387 417 455 456 1332 429 1308 413 397 481 392 386 485 460 428 414 427 513 355 513 356 512 330 481 392 385 488 459 400 510 358 512 357 512 356 415 427 484 388 413 459 455 390 497 387 512 1256 413 1323 380 466 459 427 415 427 512 356 513 356 512 330 480 393 386 487 489 370 511 357 512 1256 412 1324 406 459 478 1288 411 427 415 428 456 416 414 458 454 406 479 389 488 380 488 381 415 427 456 418 384 487 455 405 480 388 487 381 488 381 415 1351 391 430 455 430 485 384 415 427 487 407 417 1324 361 1429 429 409 415 427 415 453 415 455 411 462 332 513 379 506 414 1325 457 409 417 426 390 483 359 513 379 507 425 417 418 450 419 449 428 1318 329 1426 396 1341 394 448 448 1315 386 480 389 481 451 391 453,442 413 442 413 442 413 442 413 442 413 442 25395 3455 1838 442 1311 442 413 442 413 442 413 442 1311 442 413 442 413 442 413 442 413 442 1311 442 413 442 1311 442 1311 442 413 442 1311 442 1311 442 1311 442 1311 442 1311 442 413 442 413 442 1311 442 413 442 413 442 413 442 413 442 413 442 413 442 413 442 413 442 413 442 413 442 1311 442 413 442 1311 442 413 442 413 442 413 442 1311 442 1311 442 413 442 413 442 413 442 413 442 413 442 413 442 413 442 413 442 413 442 413 442 413 442 413 442 413 442 413 442 413 442 413 442 1311 442 1311 442 1311 442 413 442 1311 442 413 442 1311 442 1311 442 35067 3455 1838 442 1311 442 413 442 413 442 413 442 1311 442 413 442 413 442 413 442 413 442 1311 442 413 442 1311 442 1311 442 413 442 1311 442 1311 442 1311 442 1311 442 1311 442 413 442 413 442 1311 442 413 442 413 442 413 442 413 442 413 442 413 442 413 442 413 442 413 442 413 442 413 442 1311 442 413 442 413 442 413 442 413 442 1311 442 413 442 413 442 413 442 413 442 413 442 413 442 413 442 413 442 413 442 413 442 413 442 413 442 413 442 1311 442 413 442 413 442 413 442 413 442 413 442 1311 442 413 442 413 442 1311 442 1311 442 413 442 35067 3455 1838 442 1311 442 413 442 413 442 413 442 1311 442 413 442 413 442 413 442 413 442 1311 442 413 442 1311 442 1311 442 413 442 1311 442 1311 442 1311 442 1311 442 1311 442 413 442 413 442 1311 442 413 442 413 442 413 442 413 442 413 442 413 442 413 442 413 442 413 442 413 442 413 442 413 442 413 442 413 442 413 442 413 442 413 442 413 442 1311 442 413 442 413 442 1311 442 413 442 413 442 413 442 413 442 413 442 413 442 1311 442 413 442 413 442 1311 442 413 442 413 442 413 442 413 442 413 442 413 442 413 442 413 442 413 442 413 442 413 442 413 442 413 442 413 442 1311 442 1311 442 413 442 413 442 413 442 413 442 413 442 413 442 413 442 413 442 413 442 413 442 413 442 413 442 413 442 413 442 413 442 413 442 413 442 413 442 413 442 1311 442 1311 442 413 442 413 442 413 442 413 442 413 442 413 442 413 442 413 442 413 442 413 442 1311 442 1311 442 413 442 1311 442 413 442 413 442 413 442 413 442 413 442 413 442 413 442 413 442 413 442 413 442 413 442 413 442 413 442 413 442 413 442 1311 442 413 442 413 442 413 442 413 442 413 442 1311 442 1311 442 413 442 413 442 413 442 413 442 413 442 413 442 413 442 1311 442 413 442 413 442 413 442 413 442 413 442 413 442 413 442 413 442 1311 442 1311 442 1311 442 413 442 1311 442 413 442 413 442 413 442
Daikin_FTXS25KVMA.ir,Powerful,DAIKIN 118 bits 11da2700c50000d711da27004200106411da27000009240030000006600100c1800017,2,True,learned fidelity_check (583 timings),DAIKIN 118 bits 11da2700c50000d711da27004200106411da27000009240030000006600100c1800017,True,9.9,-9.3,53,457 417 428 416 456 416 456 416 429 416 456 25456 3517 1719 458 1288 458 388 485 387 486 387 485 1259 485 388 430 415 457 414 458 414 458 1286 458 387 459 1286 459 1287 458 415 483 1263 482 1264 481 1265 480 1266 479 1292 453 420 452 420 425 1320 425 420 453 420 452 420 452 393 452 420 452 420 452 393 452 420 452 420 452 420 425 1320 425 420 453 1293 452 420 453 420 452 393 452 1293 452 1293 452 420 452 420 452 420 425 420 453 420 452 420 452 393 452 420 453 420 452 393 452 420 453 420 452 420 425 421 452 420 452 420 452 1293 452 1294 451 1294 451 393 452 1293 452 421 451 1294 451 1293 452 34984 3539 1725 451 1293 452 420 452 421 424 420 452 1293 451 421 452 420 425 421 451 421 452 1293 451 421 452 1294 451 1294 451 394 452 1294 451 1295 450 1295 450 1295 451 1295 450 422 450 422 451 1295 450 423 423 422 450 422 450 422 450 395 450 422 450 422 450 422 423 422 451 422 451 422 450 1295 450 395 451 421 451 422 451 394 451 1295 450 422 451 422 450 422 423 422 451 422 451 422 450 394 451 422 451 421 451 422 423 422 451 422 450 422 450 1295 450 395 450 422 450 422 451 395 450 422 450 1295 450 423 450 423 422 1323 422 1323 422 423 449 34987 3535 1728 451 1294 451 422 450 422 451 394 451 1295 450 422 450 422 451 421 424 422 450 1295 450 422 451 1294 451 1294 451 422 423 1322 423 1322 423 1322 423 1322 423 1322 423 422 451 422 451 1295 450 422 450 395 450 422 450 422 451 422 423 422 450 422 451 422 450 395 450 422 451 422 450 422 423 422 450 422 451 422 423 422 451 422 450 422 450 1295 451 395 450 422 450 1295 450 422 450 422 423 423 449 423 450 422 450 395 450 1296 449 422 450 422 450 1296 449 423 422 423 449 423 449 423 449 396 449 423 450 423 449 396 449 423 449 423 449 423 422 423 450 423 449 423 449 1296 449 1296 449 396 449 423 449 423 449 423 422 423 450 423 449 424 449 396 449 423 449 424 448 396 449 424 448 424 448 424 421 424 449 424 448 424 448 396 449 424 448 1297 448 1297 448 424 448 424 421 424 448 424 449 424 449 396 449 424 448 424 449 397 448 424 448 1297 448 1297 448 424 448 1297 448 424 421 425 448 424 448 424 448 397 448 425 447 425 448 425 420 425 448 425 447 425 447 398 447 425 447 425 447 425 420 1326 419 426 447 426 446 426 419 426 446 450 422 1300 445 1324 421 451 422 423 422 451 421 451 421 451 394 451 421 451 421 1324 421 451 421 424 421 451 421 451 421 451 394 451 422 451 421 451 394 1352 393 1352 393 1352 393 452 420 1325 420 452 420 452 420 424 421,442 413 442 413 442 413 442 413 442 413 442 25395 3455 1838 442 1311 442 413 442 413 442 413 442 1311 442 413 442 413 442 413 442 413 442 1311 442 413 442 1311 442 1311 442 413 442 1311 442 1311 442 1311 442 1311 442 1311 442 413 442 413 442 1311 442 413 442 413 442 413 442 413 442 413 442 413 442 413 442 413 442 413 442 413 442 1311 442 413 442 1311 442 413 442 413 442 413 442 1311 442 1311 442 413 442 413 442 413 442 413 442 413 442 413 442 413 442 413 442 413 442 413 442 413 442 413 442 413 442 413 442 413 442 413 442 1311 442 1311 442 1311 442 413 442 1311 442 413 442 1311 442 1311 442 35067 3455 1838 442 1311 442 413 442 413 442 413 442 1311 442 413 442 413 442 413 442 413 442 1311 442 413 442 1311 442 1311 442 413 442 1311 442 1311 442 1311 442 1311 442 1311 442 413 442 413 442 1311 442 413 442 413 442 413 442 413 442 413 442 413 442 413 442 413 442 413 442 413 442 413 442 1311 442 413 442 413 442 413 442 413 442 1311 442 413 442 413 442 413 442 413 442 413 442 413 442 413 442 413 442 413 442 413 442 413 442 413 442 413 442 1311 442 413 442 413 442 413 442 413 442 413 442 1311 442 413 442 413 442 1311 442 1311 442 413 442 35067 3455 1838 442 1311 442 413 442 413 442 413 442 1311 442 413 442 413 442 413 442 413 442 1311 442 413 442 1311 442 1311 442 413 442 1311 442 1311 442 1311 442 1311 442 1311 442 413 442 413 442 1311 442 413 442 413 442 413 442 413 442 413 442 413 442 413 442 413 442 413 442 413 442 413 442 413 442 413 442 413 442 413 442 413 442 413 442 413 442 1311 442 413 442 413 442 1311 442 413 442 413 442 413 442 413 442 413 442 413 442 1311 442 413 442 413 442 1311 442 413 442 413 442 413 442 413 442 413 442 413 442 413 442 413 442 413 442 413 442 413 442 413 442 413 442 413 442 1311 442 1311 442 413 442 413 442 413 442 413 442 413 442 413 442 413 442 413 442 413 442 413 442 413 442 413 442 413 442 413 442 413 442 413 442 413 442 413 442 413 442 1311 442 1311 442 413 442 413 442 413 442 413 442 413 442 413 442 413 442 413 442 413 442 413 442 1311 442 1311 442 413 442 1311 442 413 442 413 442 413 442 413 442 413 442 413 442 413 442 413 442 413 442 413 442 413 442 413 442 413 442 413 442 413 442 1311 442 413 442 413 442 413 442 413 442 413 442 1311 442 1311 442 413 442 413 442 413 442 413 442 413 442 413 442 413 442 1311 442 413 442 413 442 413 442 413 442 413 442 413 442 413 442 413 442 1311 442 1311 442 1311 442 413 442 1311 442 413 442 413 442 413 442,363 477 513 338 382 478 512 339 381 478 512 25329 3443 1875 439 1324 380 432 511 356 436 407 511 1283 408 406 507 357 478 368 508 356 477 1292 412 424 513 1256 359 1404 440 396 409 1360 439 1324 438 1298 359 1404 439 1324 381 432 510 356 466 1302 438 398 512 336 477 386 510 336 480 384 509 338 504 359 506 341 506 358 480 366 507 1283 439 379 435 1352 440 381 380 478 513 338 382 1404 438 1325 405 407 510 356 471 373 510 356 469 376 510 355 466 379 510 356 440 403 511 356 439 405 511 356 437 405 512 356 436 406 512 356 435 1334 439 1324 438 1299 358 478 513 1257 379 456 512 1283 405 1331 413 35080 3469 1850 436 1327 355 455 512 356 435 407 512 1283 406 407 508 357 475 370 508 357 473 1295 414 422 513 1257 358 1404 440 397 408 1361 439 1323 440 1296 384 1380 438 1326 380 430 512 355 441 1328 439 397 510 337 502 361 508 339 505 358 483 364 506 358 480 366 507 357 478 368 508 357 474 1294 412 425 512 335 467 396 513 335 469 1319 439 380 382 478 513 338 382 477 513 337 383 478 512 337 383 478 512 338 406 454 513 336 409 453 513 335 434 1355 437 383 380 478 512 340 381 477 512 339 383 1403 437 400 408 433 513 1282 381 1356 413 423 513 34990 3531 1782 360 1404 438 398 433 409 512 356 410 1358 439 398 471 374 509 356 468 377 509 1284 437 378 477 1313 438 1298 379 458 513 1282 379 1357 436 1326 436 1301 359 1404 437 400 437 405 512 1282 409 406 506 358 479 367 507 357 477 369 508 357 474 371 509 356 472 373 510 355 470 374 511 356 467 376 511 356 466 377 511 356 440 403 512 355 439 1330 416 420 484 363 505 1285 414 403 409 452 513 337 434 427 512 336 437 425 513 1255 359 478 513 339 381 1404 436 401 409 432 513 356 409 432 513 356 407 435 513 356 383 458 513 356 383 459 512 357 365 476 512 341 380 477 513 1282 355 1381 414 423 478 368 507 357 475 371 508 357 472 372 510 356 471 374 509 356 468 377 510 356 465 378 511 356 441 403 510 356 439 405 510 357 437 405 512 356 436 1332 414 1349 414 404 434 427 512 336 436 426 513 336 438 423 513 336 441 421 512 336 443 419 512 1256 359 1404 412 425 407 1361 413 424 441 403 486 380 440 403 487 380 438 405 487 381 436 406 487 381 436 406 488 380 434 408 488 382 432 408 488 381 410 1357 411 427 446 399 484 381 444 401 484 382 442 1324 412 1351 411 410 382 477 487 364 383 477 486 364 405 455 486 364 407 1350 441 410 380 477 486 366 382 477 485 367 381 477 486 366 381 477 486 1277 410 1332 468 1292 445 401 437 1322 471 378 381 478 484 367 382,452 392 452 392 452 392 452 392 452 392 452 25342 3456 1863 452 1337 452 392 452 392 452 392 452 1337 452 392 452 392 452 392 452 392 452 1337 452 392 452 1337 452 1337 452 392 452 1337 452 1337 452 1337 452 1337 452 1337 452 392 452 392 452 1337 452 392 452 392 452 392 452 392 452 392 452 392 452 392 452 392 452 392 452 392 452 1337 452 392 452 1337 452 392 452 392 452 392 452 1337 452 1337 452 392 452 392 452 392 452 392 452 392 452 392 452 392 452 392 452 392 452 392 452 392 452 392 452 392 452 392 452 392 452 392 452 1337 452 1337 452 1337 452 392 452 1337 452 392 452 1337 452 1337 452 35093 3456 1863 452 1337 452 392 452 392 452 392 452 1337 452 392 452 392 452 392 452 392 452 1337 452 392 452 1337 452 1337 452 392 452 1337 452 1337 452 1337 452 1337 452 1337 452 392 452 392 452 1337 452 392 452 392 452 392 452 392 452 392 452 392 452 392 452 392 452 392 452 392 452 392 452 1337 452 392 452 392 452 392 452 392 452 1337 452 392 452 392 452 392 452 392 452 392 452 392 452 392 452 392 452 392 452 392 452 392 452 392 452 392 452 1337 452 392 452 392 452 392 452 392 452 392 452 1337 452 392 452 392 452 1337 452 1337 452 392 452 35093 3456 1863 452 1337 452 392 452 392 452 392 452 1337 452 392 452 392 452 392 452 392 452 1337 452 392 452 1337 452 1337 452 392 452 1337 452 1337 452 1337 452 1337 452 1337 452 392 452 392 452 1337 452 392 452 392 452 392 452 392 452 392 452 392 452 392 452 392 452 392 452 392 452 392 452 392 452 392 452 392 452 392 452 392 452 392 452 392 452 1337 452 392 452 392 452 1337 452 392 452 392 452 392 452 392 452 392 452 392 452 1337 452 392 452 392 452 1337 452 392 452 392 452 392 452 392 452 392 452 392 452 392 452 392 452 392 452 392 452 392 452 392 452 392 452 392 452 1337 452 1337 452 392 452 392 452 392 452 392 452 392 452 392 452 392 452 392 452 392 452 392 452 392 452 392 452 392 452 392 452 392 452 392 452 392 452 392 452 392 452 1337 452 1337 452 392 452 392 452 392 452 392 452 392 452 392 452 392 452 392 452 392 452 392 452 1337 452 1337 452 392 452 1337 452 392 452 392 452 392 452 392 452 392 452 392 452 392 452 392 452 392 452 392 452 392 452 392 452 392 452 392 452 392 452 1337 452 392 452 392 452 392 452 392 452 392 452 1337 452 1337 452 392 452 392 452 392 452 392 452 392 452 392 452 392 452 1337 452 392 452 392 452 392 452 392 452 392 452 392 452 392 452 392 452 1337 452 1337 452 1337 452 392 452 1337 452 392 452 392 452 392 452
Daikin_FTXS25KVMA.ir,Temp+,DAIKIN 118 bits 11da2700c50000d711da27004200106411da27000009260030000006600100c1800019,1,True,learned fidelity_check (583 timings),DAIKIN 118 bits 11da2700c50000d711da27004200106411da27000009260030000006600100c1800019,True,-2.1,-2.3,87,511 362 483 363 509 362 483 391 454 391 457 25457 3518 1719 457 1287 458 389 456 415 457 415 457 1287 485 389 456 388 457 415 457 415 457 1286 459 387 458 1286 459 1287 458 415 483 1262 483 1263 482 1264 481 1265 480 1291 454 419 453 420 425 1320 425 420 453 420 452 420 453 392 453 420 452 420 452 393 452 420 453 420 452 420 425 1320 425 420 453 1293 452 420 453 420 452 393 452 1293 452 1293 452 420 453 420 452 420 425 420 453 420 453 420 452 393 452 420 452 420 452 420 425 420 453 420 452 420 425 420 452 420 452 420 452 1293 452 1293 452 1293 452 393 452 1293 452 420 453 1293 452 1293 452 34983 3540 1724 452 1293 452 420 452 420 425 420 452 1293 452 420 453 420 453 392 453 420 452 1293 452 420 452 1293 452 1293 452 393 452 1293 452 1293 452 1293 452 1293 452 1294 451 420 452 421 452 1293 452 421 424 420 452 420 452 420 452 393 452 420 452 420 452 420 425 421 452 420 453 420 452 1293 452 394 451 421 451 421 451 393 452 1294 451 421 451 421 451 421 424 421 451 421 451 421 452 393 452 421 452 421 451 421 424 421 452 421 451 421 451 1294 451 394 451 421 452 421 451 394 451 421 451 1294 451 421 452 421 424 1322 423 1322 423 422 451 34985 3539 1724 452 1293 452 420 452 420 453 393 452 1293 452 421 452 420 452 420 425 420 452 1293 452 421 452 1293 452 1294 451 421 424 1321 424 1322 424 1321 424 1321 424 1321 424 421 451 421 452 1294 451 421 452 393 452 421 451 421 452 420 425 421 452 420 452 421 451 393 452 420 452 421 452 421 424 421 451 421 452 421 451 393 452 421 451 421 451 1294 451 394 452 421 451 1294 451 421 452 421 424 421 452 421 451 421 451 1294 451 1295 451 394 451 422 451 1294 450 422 451 421 424 421 451 421 451 421 452 394 451 422 451 422 450 394 451 421 451 421 451 421 424 422 451 422 450 1295 450 1295 450 422 450 395 450 422 450 422 450 422 423 422 450 422 450 422 451 394 451 422 450 422 450 395 450 422 450 422 450 422 423 422 451 422 450 422 450 395 450 1295 449 1296 449 423 449 423 450 423 422 423 450 422 450 423 449 396 449 423 450 423 449 423 422 1324 420 1324 422 424 449 1297 448 424 449 423 422 423 450 424 448 424 448 396 449 423 449 423 449 424 421 424 449 424 449 423 449 396 449 423 449 424 449 1297 447 425 420 425 448 424 449 424 421 425 448 1297 447 1298 447 425 447 425 448 397 448 425 447 424 448 425 420 426 447 1322 423 450 423 449 423 422 423 450 422 450 423 450 395 450 422 450 422 1323 421 451 395 450 423 1323 421 1324 421 451 421 451 422 423 422,511 362 483 363 509 362 483 391 454 391 457 25457 3518 1719 457 1287 458 389 456 415 457 415 457 1287 485 389 456 388 457 415 457 415 457 1286 459 387 458 1286 459 1287 458 415 483 1262 483 1263 482 1264 481 1265 480 1291 454 419 453 420 425 1320 425 420 453 420 452 420 453 392 453 420 452 420 452 393 452 420 453 420 452 420 425 1320 425 420 453 1293 452 420 453 420 452 393 452 1293 452 1293 452 420 453 420 452 420 425 420 453 420 453 420 452 393 452 420 452 420 452 420 425 420 453 420 452 420 425 420 452 420 452 420 452 1293 452 1293 452 1293 452 393 452 1293 452 420 453 1293 452 1293 452 34983 3540 1724 452 1293 452 420 452 420 425 420 452 1293 452 420 453 420 453 392 453 420 452 1293 452 420 452 1293 452 1293 452 393 452 1293 452 1293 452 1293 452 1293 452 1294 451 420 452 421 452 1293 452 421 424 420 452 420 452 420 452 393 452 420 452 420 452 420 425 421 452 420 453 420 452 1293 452 394 451 421 451 421 451 393 452 1294 451 421 451 421 451 421 424 421 451 421 451 421 452 393 452 421 452 421 451 421 424 421 452 421 451 421 451 1294 451 394 451 421 452 421 451 394 451 421 451 1294 451 421 452 421 424 1322 423 1322 423 422 451 34985 3539 1724 452 1293 452 420 452 420 453 393 452 1293 452 421 452 420 452 420 425 420 452 1293 452 421 452 1293 452 1294 451 421 424 1321 424 1322 424 1321 424 1321 424 1321 424 421 451 421 452 1294 451 421 452 393 452 421 451 421 452 420 425 421 452 420 452 421 451 393 452 420 452 421 452 421 424 421 451 421 452 421 451 393 452 421 451 421 451 1294 451 394 452 421 451 1294 451 421 452 421 424 421 452 421 451 421 451 1294 451 1295 451 394 451 422 451 1294 450 422 451 421 424 421 451 421 451 421 452 394 451 422 451 422 450 394 451 421 451 421 451 421 424 422 451 422 450 1295 450 1295 450 422 450 395 450 422 450 422 450 422 423 422 450 422 450 422 451 394 451 422 450 422 450 395 450 422 450 422 450 422 423 422 451 422 450 422 450 395 450 1295 449 1296 449 423 449 423 450 423 422 423 450 422 450 423 449 396 449 423 450 423 449 423 422 1324 420 1324 422 424 449 1297 448 424 449 423 422 423 450 424 448 424 448 396 449 423 449 423 449 424 421 424 449 424 449 423 449 396 449 423 449 424 449 1297 447 425 420 425 448 424 449 424 421 425 448 1297 447 1298 447 425 447 425 448 397 448 425 447 424 448 425 420 426 447 1322 423 450 423 449 423 422 423 450 422 450 423 450 395 450 422 450 422 1323 421 451 395 450 423 1323 421 1324 421 451 421 451 422 423 422,565 302 469 374 537 331 418 452 413 432 465 25449 3555 1713 434 1302 476 360 513 355 513 356 477 1291 463 380 501 343 531 356 512 356 512 1256 405 406 439 1329 476 1287 413 423 417 1352 466 1271 492 1270 440 1297 461 1328 439 398 513 355 415 1353 356 463 531 356 512 356 512 330 512 356 483 386 417 429 410 462 531 355 513 356 415 1353 415 397 388 1379 475 387 513 356 513 329 511 1257 406 1331 476 387 512 356 513 355 388 455 389 485 463 411 527 329 513 355 513 356 512 356 388 456 388 484 460 412 433 426 512 356 513 355 513 1256 380 1356 478 1285 439 372 511 1257 406 439 530 1256 439 1298 359 35057 3465 1825 437 1300 358 483 433 440 431 429 512 1255 438 399 478 392 389 456 457 416 529 1256 438 399 512 1255 406 1331 478 359 513 1255 410 1327 435 1328 437 1300 412 1324 431 415 526 359 513 1256 414 422 367 477 415 457 433 439 530 329 512 356 513 356 512 356 414 428 419 454 434 439 529 1255 415 396 513 355 482 389 414 430 410 1380 438 399 513 356 512 356 389 455 417 454 432 440 530 330 512 356 512 356 513 356 389 455 396 476 458 414 529 1256 436 374 513 356 474 397 387 458 459 413 529 1256 413 423 487 382 365 1403 409 1354 426 385 512 34931 3550 1743 412 1326 410 427 418 454 434 412 530 1256 414 423 513 355 475 395 406 440 434 1356 413 422 513 1256 359 1378 478 385 415 1352 451 1287 355 1407 427 1310 445 1291 334 483 487 386 528 1256 414 422 483 359 444 430 409 463 529 357 415 427 512 356 511 357 481 361 419 454 409 463 530 356 416 426 512 356 513 356 481 361 418 456 432 439 528 1257 415 396 513 355 481 1288 462 402 511 356 416 426 512 356 485 385 446 1321 476 1287 413 397 513 356 475 1293 437 426 512 356 415 427 512 356 513 356 447 399 386 487 499 387 512 330 512 356 512 356 513 356 365 480 387 486 493 1294 411 1325 410 430 440 404 408 465 497 388 512 356 416 426 512 356 512 358 446 399 386 487 491 395 511 331 512 356 511 357 513 355 414 432 387 486 461 427 488 353 505 1262 412 1325 379 466 461 426 488 380 416 426 488 380 488 383 449 396 385 487 490 396 487 381 415 1351 432 1306 358 480 485 1280 413 427 486 384 363 482 385 488 488 397 486 356 486 382 486 382 488 383 411 434 385 487 491 395 485 357 484 384 485 383 485 1261 426 460 386 456 484 384 484 385 415 427 482 1283 409 1327 445 421 479 390 481 362 451 422 385 486 455 432 411 430 477 1287 455 416 392 479 383 461 405 480 416 455 459 409 388 455 458 411 448 1312 387 483 387 455 455 1282 455 1290 400 484 445 425 418 424 415,445 410 445 410 445 410 445 410 445 410 445 25462 3537 1756 445 1307 445 410 445 410 445 410 445 1307 445 410 445 410 445 410 445 410 445 1307 445 410 445 1307 445 1307 445 410 445 1307 445 1307 445 1307 445 1307 445 1307 445 410 445 410 445 1307 445 410 445 410 445 410 445 410 445 410 445 410 445 410 445 410 445 410 445 410 445 1307 445 410 445 1307 445 410 445 410 445 410 445 1307 445 1307 445 410 445 410 445 410 445 410 445 410 445 410 445 410 445 410 445 410 445 410 445 410 445 410 445 410 445 410 445 410 445 410 445 1307 445 1307 445 1307 445 410 445 1307 445 410 445 1307 445 1307 445 35070 3537 1756 445 1307 445 410 445 410 445 410 445 1307 445 410 445 410 445 410 445 410 445 1307 445 410 445 1307 445 1307 445 410 445 1307 445 1307 445 1307 445 1307 445 1307 445 410 445 410 445 1307 445 410 445 410 445 410 445 410 445 410 445 410 445 410 445 410 445 410 445 410 445 410 445 1307 445 410 445 410 445 410 445 410 445 1307 445 410 445 410 445 410 445 410 445 410 445 410 445 410 445 410 445 410 445 410 445 410 445 410 445 410 445 1307 445 410 445 410 445 410 445 410 445 410 445 1307 445 410 445 410 445 1307 445 1307 445 410 445 35070 3537 1756 445 1307 445 410 445 410 445 410 445 1307 445 410 445 410 445 410 445 410 445 1307 445 410 445 1307 445 1307 445 410 445 1307 445 1307 445 1307 445 1307 445 1307 445 410 445 410 445 1307 445 410 445 410 445 410 445 410 445 410 445 410 445 410 445 410 445 410 445 410 445 410 445 410 445 410 445 410 445 410 445 410 445 410 445 410 445 1307 445 410 445 410 445 1307 445 410 445 410 445 410 445 410 445 410 445 1307 445 1307 445 410 445 410 445 1307 445 410 445 410 445 410 445 410 445 410 445 410 445 410 445 410 445 410 445 410 445 410 445 410 445 410 445 410 445 1307 445 1307 445 410 445 410 445 410 445 410 445 410 445 410 445 410 445 410 445 410 445 410 445 410 445 410 445 410 445 410 445 410 445 410 445 410 445 410 445 410 445 1307 445 1307 445 410 445 410 445 410 445 410 445 410 445 410 445 410 445 410 445 410 445 410 445 1307 445 1307 445 410 445 1307 445 410 445 410 445 410 445 410 445 410 445 410 445 410 445 410 445 410 445 410 445 410 445 410 445 410 445 410 445 410 445 1307 445 410 445 410 445 410 445 410 445 410 445 1307 445 1307 445 410 445 410 445 410 445 410 445 410 445 410 445 410 445 1307 445 410 445 410 445 410 445 410 445 410 445 410 445 410 445 410 445 1307 445 410 445 410 445 1307 445 1307 445 410 445 410 445 410 445
Daikin_FTXS25KVMA.ir,Temp+,DAIKIN 118 bits 11da2700c50000d711da27004200106411da27000009260030000006600100c1800019,2,True,learned fidelity_check (583 timings),DAIKIN 118 bits 11da2700c50000d711da27004200106411da27000009260030000006600100c1800019,True,-9.0,-4.5,83,511 362 483 363 509 362 483 391 454 391 457 25457 3518 1719 457 1287 458 389 456 415 457 415 457 1287 485 389 456 388 457 415 457 415 457 1286 459 387 458 1286 459 1287 458 415 483 1262 483 1263 482 1264 481 1265 480 1291 454 419 453 420 425 1320 425 420 453 420 452 420 453 392 453 420 452 420 452 393 452 420 453 420 452 420 425 1320 425 420 453 1293 452 420 453 420 452 393 452 1293 452 1293 452 420 453 420 452 420 425 420 453 420 453 420 452 393 452 420 452 420 452 420 425 420 453 420 452 420 425 420 452 420 452 420 452 1293 452 1293 452 1293 452 393 452 1293 452 420 453 1293 452 1293 452 34983 3540 1724 452 1293 452 420 452 420 425 420 452 1293 452 420 453 420 453 392 453 420 452 1293 452 420 452 1293 452 1293 452 393 452 1293 452 1293 452 1293 452 1293 452 1294 451 420 452 421 452 1293 452 421 424 420 452 420 452 420 452 393 452 420 452 420 452 420 425 421 452 420 453 420 452 1293 452 394 451 421 451 421 451 393 452 1294 451 421 451 421 451 421 424 421 451 421 451 421 452 393 452 421 452 421 451 421 424 421 452 421 451 421 451 1294 451 394 451 421 452 421 451 394 451 421 451 1294 451 421 452 421 424 1322 423 1322 423 422 451 34985 3539 1724 452 1293 452 420 452 420 453 393 452 1293 452 421 452 420 452 420 425 420 452 1293 452 421 452 1293 452 1294 451 421 424 1321 424 1322 424 1321 424 1321 424 1321 424 421 451 421 452 1294 451 421 452 393 452 421 451 421 452 420 425 421 452 420 452 421 451 393 452 420 452 421 452 421 424 421 451 421 452 421 451 393 452 421 451 421 451 1294 451 394 452 421 451 1294 451 421 452 421 424 421 452 421 451 421 451 1294 451 1295 451 394 451 422 451 1294 450 422 451 421 424 421 451 421 451 421 452 394 451 422 451 422 450 394 451 421 451 421 451 421 424 422 451 422 450 1295 450 1295 450 422 450 395 450 422 450 422 450 422 423 422 450 422 450 422 451 394 451 422 450 422 450 395 450 422 450 422 450 422 423 422 451 422 450 422 450 395 450 1295 449 1296 449 423 449 423 450 423 422 423 450 422 450 423 449 396 449 423 450 423 449 423 422 1324 420 1324 422 424 449 1297 448 424 449 423 422 423 450 424 448 424 448 396 449 423 449 423 449 424 421 424 449 424 449 423 449 396 449 423 449 424 449 1297 447 425 420 425 448 424 449 424 421 425 448 1297 447 1298 447 425 447 425 448 397 448 425 447 424 448 425 420 426 447 1322 423 450 423 449 423 422 423 450 422 450 423 450 395 450 422 450 422 1323 421 451 395 450 423 1323 421 1324 421 451 421 451 422 423 422,445 410 445 410 445 410 445 410 445 410 445 25462 3537 1756 445 1307 445 410 445 410 445 410 445 1307 445 410 445 410 445 410 445 410 445 1307 445 410 445 1307 445 1307 445 410 445 1307 445 1307 445 1307 445 1307 445 1307 445 410 445 410 445 1307 445 410 445 410 445 410 445 410 445 410 445 410 445 410 445 410 445 410 445 410 445 1307 445 410 445 1307 445 410 445 410 445 410 445 1307 445 1307 445 410 445 410 445 410 445 410 445 410 445 410 445 410 445 410 445 410 445 410 445 410 445 410 445 410 445 410 445 410 445 410 445 1307 445 1307 445 1307 445 410 445 1307 445 410 445 1307 445 1307 445 35070 3537 1756 445 1307 445 410 445 410 445 410 445 1307 445 410 445 410 445 410 445 410 445 1307 445 410 445 1307 445 1307 445 410 445 1307 445 1307 445 1307 445 1307 445 1307 445 410 445 410 445 1307 445 410 445 410 445 410 445 410 445 410 445 410 445 410 445 410 445 410 445 410 445 410 445 1307 445 410 445 410 445 410 445 410 445 1307 445 410 445 410 445 410 445 410 445 410 445 410 445 410 445 410 445 410 445 410 445 410 445 410 445 410 445 1307 445 410 445 410 445 410 445 410 445 410 445 1307 445 410 445 410 445 1307 445 1307 445 410 445 35070 3537 1756 445 1307 445 410 445 410 445 410 445 1307 445 410 445 410 445 410 445 410 445 1307 445 410 445 1307 445 1307 445 410 445 1307 445 1307 445 1307 445 1307 445 1307 445 410 445 410 445 1307 445 410 445 410 445 410 445 410 445 410 445 410 445 410 445 410 445 410 445 410 445 410 445 410 445 410 445 410 445 410 445 410 445 410 445 410 445 1307 445 410 445 410 445 1307 445 410 445 410 445 410 445 410 445 410 445 1307 445 1307 445 410 445 410 445 1307 445 410 445 410 445 410 445 410 445 410 445 410 445 410 445 410 445 410 445 410 445 410 445 410 445 410 445 410 445 1307 445 1307 445 410 445 410 445 410 445 410 445 410 445 410 445 410 445 410 445 410 445 410 445 410 445 410 445 410 445 410 445 410 445 410 445 410 445 410 445 410 445 1307 445 1307 445 410 445 410 445 410 445 410 445 410 445 410 445 410 445 410 445 410 445 410 445 1307 445 1307 445 410 445 1307 445 410 445 410 445 410 445 410 445 410 445 410 445 410 445 410 445 410 445 410 445 410 445 410 445 410 445 410 445 410 445 1307 445 410 445 410 445 410 445 410 445 410 445 1307 445 1307 445 410 445 410 445 410 445 410 445 410 445 410 445 410 445 1307 445 410 445 410 445 410 445 410 445 410 445 410 445 410 445 410 445 1307 445 410 445 410 445 1307 445 1307 445 410 445 410 445 410 445,476 372 383 477 513 337 383 478 513 336 383 25532 3465 1852 440 1323 437 374 511 356 510 333 512 1282 440 374 480 384 513 333 505 359 513 1256 385 451 513 1256 359 1404 440 380 425 1360 439 1324 408 1328 414 1349 439 1298 358 478 513 336 384 1404 439 380 426 434 512 338 425 435 512 338 402 458 513 338 400 459 513 337 401 460 513 1255 405 432 512 1256 432 405 513 356 440 401 513 1282 408 1328 414 423 513 332 508 357 513 332 509 356 512 332 511 356 510 333 512 355 509 334 512 355 483 360 512 356 480 362 512 356 478 365 512 1281 438 1299 409 1354 437 380 384 1404 437 382 426 1360 438 1325 406 35065 3540 1773 431 1332 438 399 471 371 513 356 468 1300 436 401 504 339 511 356 482 361 511 1282 438 376 483 1308 437 1300 359 478 512 1257 403 1359 414 1349 407 1330 412 1351 437 378 442 422 512 1255 360 477 512 337 383 478 513 336 383 478 513 336 409 453 512 335 436 427 512 336 438 424 514 1255 358 478 513 337 383 478 512 336 385 1403 414 406 425 434 512 338 425 435 512 339 401 458 513 337 402 458 513 337 384 477 513 336 384 477 512 337 384 1404 413 406 426 433 513 339 424 435 512 338 401 1385 413 410 451 405 512 1256 436 1327 414 423 509 34996 3538 1771 463 1302 413 424 481 362 511 357 477 1291 412 425 510 334 485 380 513 332 510 1282 413 402 473 1317 413 1323 380 458 512 1256 428 1334 413 1350 411 1325 410 1353 413 404 385 477 512 1256 380 457 512 339 400 460 510 339 384 477 512 338 383 477 512 337 384 478 512 337 383 478 512 337 393 468 511 338 408 453 512 336 412 451 511 336 438 1350 411 408 384 477 488 1280 404 433 512 339 426 433 488 363 425 435 488 1280 431 1331 411 427 473 369 494 1299 411 403 485 381 486 357 509 358 484 359 487 380 482 361 488 380 480 363 487 380 477 366 486 381 475 367 487 381 473 1295 413 1349 412 404 449 415 487 360 450 414 488 358 473 391 487 359 452 412 488 358 477 388 488 356 455 411 487 358 482 383 487 357 485 382 485 359 484 382 484 360 486 1304 413 1324 362 477 487 360 439 424 487 361 439 423 486 361 442 422 485 362 444 419 486 360 446 1317 438 1323 406 434 486 1278 434 407 485 384 411 430 485 368 449 409 486 366 449 409 488 364 425 433 487 365 425 433 487 365 425 434 485 366 425 435 482 1280 435 408 471 396 411 432 443 425 410 433 441 1320 441 1300 438 428 436 407 439 429 413 429 440 428 413 429 442 426 439 1300 437 429 475 369 473 393 470 374 469 398 441 402 442 425 439 404 443 1320 468 376 440 425 467 1278 429 1349 418 408 404 458 438 410 404,436 395 436 395 436 395 436 395 436 395 436 25545 3525 1786 436 1333 436 395 436 395 436 395 436 1333 436 395 436 395 436 395 436 395 436 1333 436 395 436 1333 436 1333 436 395 436 1333 436 1333 436 1333 436 1333 436 1333 436 395 436 395 436 1333 436 395 436 395 436 395 436 395 436 395 436 395 436 395 436 395 436 395 436 395 436 1333 436 395 436 1333 436 395 436 395 436 395 436 1333 436 1333 436 395 436 395 436 395 436 395 436 395 436 395 436 395 436 395 436 395 436 395 436 395 436 395 436 395 436 395 436 395 436 395 436 1333 436 1333 436 1333 436 395 436 1333 436 395 436 1333 436 1333 436 35078 3525 1786 436 1333 436 395 436 395 436 395 436 1333 436 395 436 395 436 395 436 395 436 1333 436 395 436 1333 436 1333 436 395 436 1333 436 1333 436 1333 436 1333 436 1333 436 395 436 395 436 1333 436 395 436 395 436 395 436 395 436 395 436 395 436 395 436 395 436 395 436 395 436 395 436 1333 436 395 436 395 436 395 436 395 436 1333 436 395 436 395 436 395 436 395 436 395 436 395 436 395 436 395 436 395 436 395 436 395 436 395 436 395 436 1333 436 395 436 395 436 395 436 395 436 395 436 1333 436 395 436 395 436 1333 436 1333 436 395 436 35078 3525 1786 436 1333 436 395 436 395 436 395 436 1333 436 395 436 395 436 395 436 395 436 1333 436 395 436 1333 436 1333 436 395 436 1333 436 1333 436 1333 436 1333 436 1333 436 395 436 395 436 1333 436 395 436 395 436 395 436 395 436 395 436 395 436 395 436 395 436 395 436 395 436 395 436 395 436 395 436 395 436 395 436 395 436 395 436 395 436 1333 436 395 436 395 436 1333 436 395 436 395 436 395 436 395 436 395 436 1333 436 1333 436 395 436 395 436 1333 436 395 436 395 436 395 436 395 436 395 436 395 436 395 436 395 436 395 436 395 436 395 436 395 436 395 436 395 436 1333 436 1333 436 395 436 395 436 395 436 395 436 395 436 395 436 395 436 395 436 395 436 395 436 395 436 395 436 395 436 395 436 395 436 395 436 395 436 395 436 395 436 1333 436 1333 436 395 436 395 436 395 436 395 436 395 436 395 436 395 436 395 436 395 436 395 436 1333 436 1333 436 395 436 1333 436 395 436 395 436 395 436 395 436 395 436 395 436 395 436 395 436 395 436 395 436 395 436 395 436 395 436 395 436 395 436 1333 436 395 436 395 436 395 436 395 436 395 436 1333 436 1333 436 395 436 395 436 395 436 395 436 395 436 395 436 395 436 1333 436 395 436 395 436 395 436 395 436 395 436 395 436 395 436 395 436 1333 436 395 436 395 436 1333 436 1333 436 395 436 395 436 395 436
Hisense_EN_33926A.ir,Power,NEC 20 bits 0x20df10ef,1,True,learned fidelity_check (107 timings),NEC 20 bits 0x20df10ef,True,-11.7,-16174.1,95424,9021 4377 655 452 654 452 654 1567 654 453 653 453 653 453 652 454 651 455 651 1568 654 1569 653 455 651 1570 652 1570 652 1570 652 1571 651 1572 649 480 626 481 624 482 623 1599 623 483 623 484 622 484 622 484 622 1601 621 1601 621 1601 621 484 622 1601 621 1601 621 1601 621 1601 621 39912 8910 2137 622 95435 8933 2137 622 95434 8934 2137 622 95434 8934 2137 622 95434 8934 2137 622 95434 8933 2137 622 95434 8933 2138 621 95436 8932 2138 621 95435 8933 2138 621 95435 8933 2137 622,9021 4377 655 452 654 452 654 1567 654 453 653 453 653 453 652 454 651 455 651 1568 654 1569 653 455 651 1570 652 1570 652 1570 652 1571 651 1572 649 480 626 481 624 482 623 1599 623 483 623 484 622 484 622 484 622 1601 621 1601 621 1601 621 484 622 1601 621 1601 621 1601 621 1601 621 39912 8910 2137 622 95435 8933 2137 622 95434 8934 2137 622 95434 8934 2137 622 95434 8934 2137 622 95434 8933 2137 622 95434 8933 2138 621 95436 8932 2138 621 95435 8933 2138 621 95435 8933 2137 622,9017 4378 689 414 723 382 722 1521 595 486 593 514 591 515 590 531 574 531 575 1667 650 1560 620 464 591 1667 651 1559 624 1612 647 1564 651 1585 576 524 573 532 572 533 573 1670 632 445 623 484 654 452 686 420 689 1571 591 1620 632 1604 538 535 573 1669 633 1604 517 1693 633 1578 598 39922 8943 2134 627 65535 8984 2097 667 65535 8864 2219 636 65535 8974 2133 628 65535 9001 2097 666 65535 8863 2218 662 65535 8973 2133 592 65535 8984 2097 666 65535 8863 2217 666 65535 8973 2133 592,8960 4391 614 527 614 527 614 1617 614 527 614 527 614 527 614 527 614 527 614 1617 614 1617 614 527 614 1617 614 1617 614 1617 614 1617 614 1617 614 527 614 527 614 527 614 1617 614 527 614 527 614 527 614 527 614 1617 614 1617 614 1617 614 527 614 1617 614 1617 614 1617 614 1617 614 39935 8960 2146 614 12 8960 2146 614 12 8960 2146 614 12 8960 2146 614 12 8960 2146 614 12 8960 2146 614 12 8960 2146 614 12 8960 2146 614 12 8960 2146 614 12 8960 2146 614
Hisense_EN_33926A.ir,Power,NEC 20 bits 0x20df10ef,2,True,learned fidelity_check (89 timings),NEC 20 bits 0x20df10ef,True,,,,9021 4377 655 452 654 452 654 1567 654 453 653 453 653 453 652 454 651 455 651 1568 654 1569 653 455 651 1570 652 1570 652 1570 652 1571 651 1572 649 480 626 481 624 482 623 1599 623 483 623 484 622 484 622 484 622 1601 621 1601 621 1601 621 484 622 1601 621 1601 621 1601 621 1601 621 39912 8910 2137 622 95435 8933 2137 622 95434 8934 2137 622 95434 8934 2137 622 95434 8934 2137 622 95434 8933 2137 622 95434 8933 2138 621 95436 8932 2138 621 95435 8933 2138 621 95435 8933 2137 622,8960 4391 614 527 614 527 614 1617 614 527 614 527 614 527 614 527 614 527 614 1617 614 1617 614 527 614 1617 614 1617 614 1617 614 1617 614 1617 614 527 614 527 614 527 614 1617 614 527 614 527 614 527 614 527 614 1617 614 1617 614 1617 614 527 614 1617 614 1617 614 1617 614 1617 614 39935 8960 2146 614 12 8960 2146 614 12 8960 2146 614 12 8960 2146 614 12 8960 2146 614 12 8960 2146 614 12 8960 2146 614 12 8960 2146 614 12 8960 2146 614 12 8960 2146 614,9001 4366 669 461 643 492 597 1668 536 571 687 463 671 461 573 568 686 462 666 1602 599 1612 633 492 671 1572 633 1603 633 1604 588 1649 516 1720 598 501 573 567 689 460 669 1574 632 493 603 535 652 500 670 461 548 1721 570 1666 597 1613 633 493 671 1571 633 1604 633 1603 590 1647 517 40000 8962 2172 9534 2201 9490 2246 9540 2195 9542 2163 9607 2130 9570 2167 9569 2167 9567 2168 9510 2198 545,9527 4379 620 506 620 506 620 1625 620 506 620 506 620 506 620 506 620 506 620 1625 620 1625 620 506 620 1625 620 1625 620 1625 620 1625 620 1625 620 506 620 506 620 506 620 1625 620 506 620 506 620 506 620 506 620 1625 620 1625 620 1625 620 506 620 1625 620 1625 620 1625 620 1625 620 40013 9527 2185 9527 2185 9527 2185 9527 2185 9527 2185 9527 2185 9527 2185 9527 2185 9527 2185 9527 2185 620
Hisense_EN_33926A.ir,1,NEC 20 bits 0x20df8877,1,True,learned fidelity_check (75 timings),NEC 20 bits 0x20df8877,True,-13.2,-2566.8,95421,9017 4378 655 451 654 454 652 1568 654 454 652 454 651 455 650 456 650 456 649 1571 651 1572 650 480 625 1575 647 1597 624 1598 624 1598 623 1599 623 1600 622 484 622 484 622 484 622 1600 622 485 621 485 621 484 622 485 621 1601 621 1601 622 1601 621 484 622 1600 622 1601 621 1600 622 39912 8911 2137 622 95433 8936 2136 623,9017 4378 655 451 654 454 652 1568 654 454 652 454 651 455 650 456 650 456 649 1571 651 1572 650 480 625 1575 647 1597 624 1598 624 1598 623 1599 623 1600 622 484 622 484 622 484 622 1600 622 485 621 485 621 484 622 485 621 1601 621 1601 622 1601 621 484 622 1600 622 1601 621 1600 622 39912 8911 2137 622 95433 8936 2136 623,8942 4452 651 453 684 422 689 1553 650 427 718 388 713 392 684 422 678 428 645 1617 591 1619 651 450 624 1617 543 1694 633 1576 597 1640 633 1577 633 1604 619 454 624 481 626 479 626 1617 633 467 668 437 666 439 640 464 636 1607 632 1578 628 1609 631 441 627 1616 632 1605 596 1614 633 39883 8907 2174 537 65535 8970 2133 666,8929 4465 620 454 620 454 620 1627 620 454 620 454 620 454 620 454 620 454 620 1627 620 1627 620 454 620 1627 620 1627 620 1627 620 1627 620 1627 620 1627 620 454 620 454 620 454 620 1627 620 454 620 454 620 454 620 454 620 1627 620 1627 620 1627 620 454 620 1627 620 1627 620 1627 620 39896 8929 2187 620 12 8929 2187 620
Hisense_EN_33926A.ir,1,NEC 20 bits 0x20df8877,2,True,learned fidelity_check (73 timings),NEC 20 bits 0x20df8877,True,,,,9017 4378 655 451 654 454 652 1568 654 454 652 454 651 455 650 456 650 456 649 1571 651 1572 650 480 625 1575 647 1597 624 1598 624 1598 623 1599 623 1600 622 484 622 484 622 484 622 1600 622 485 621 485 621 484 622 485 621 1601 621 1601 622 1601 621 484 622 1600 622 1601 621 1600 622 39912 8911 2137 622 95433 8936 2136 623,8929 4465 620 454 620 454 620 1627 620 454 620 454 620 454 620 454 620 454 620 1627 620 1627 620 454 620 1627 620 1627 620 1627 620 1627 620 1627 620 1627 620 454 620 454 620 454 620 1627 620 454 620 454 620 454 620 454 620 1627 620 1627 620 1627 620 454 620 1627 620 1627 620 1627 620 39896 8929 2187 620 12 8929 2187 620,8935 4460 684 387 626 453 573 1695 634 413 627 452 573 506 604 476 669 389 656 1632 516 1720 634 413 598 1671 633 1630 517 1719 633 1604 632 1631 592 1644 633 415 626 452 599 480 574 1694 633 414 622 457 548 531 639 422 688 1598 563 1674 632 1631 568 461 688 1598 563 1674 633 1630 567 39924 8983 2150 9519 2214 668,8970 4473 614 465 614 465 614 1657 614 465 614 465 614 465 614 465 614 465 614 1657 614 1657 614 465 614 1657 614 1657 614 1657 614 1657 614 1657 614 1657 614 465 614 465 614 465 614 1657 614 465 614 465 614 465 614 465 614 1657 614 1657 614 1657 614 465 614 1657 614 1657 614 1657 614 39937 8970 2227 8970 2227 614
Hisense_EN_33926A.ir,2,NEC 20 bits 0x20df48b7,1,True,learned fidelity_check (75 timings),NEC 20 bits 0x20df48b7,True,-40.0,-2547.1,95459,8989 4407 627 479 627 479 627 1595 627 479 627 479 627 480 626 481 625 480 626 1596 680 1542 680 426 680 1543 678 1544 677 1545 675 1572 599 1598 624 481 625 1597 625 481 625 482 624 1598 624 482 624 483 623 507 599 1623 599 508 598 1624 623 1599 623 483 623 1600 621 1601 596 1626 621 39924 8883 2163 597 95471 8908 2162 598,8989 4407 627 479 627 479 627 1595 627 479 627 479 627 480 626 481 625 480 626 1596 680 1542 680 426 680 1543 678 1544 677 1545 675 1572 599 1598 624 481 625 1597 625 481 625 482 624 1598 624 482 624 483 623 507 599 1623 599 508 598 1624 623 1599 623 483 623 1600 621 1601 596 1626 621 39924 8883 2163 597 95471 8908 2162 598,8935 4459 657 445 626 479 627 1615 599 483 650 456 621 502 577 527 575 530 549 1693 687 1524 596 488 616 1642 685 1525 680 1556 671 1566 599 1611 590 483 598 1645 633 444 622 484 654 1609 591 482 598 508 598 533 668 1574 598 482 626 1636 588 1622 633 444 625 1640 537 1673 599 1637 542 39974 8930 2125 570 65535 8905 2193 570,8917 4472 586 496 586 496 586 1635 586 496 586 496 586 496 586 496 586 496 586 1635 586 1635 586 496 586 1635 586 1635 586 1635 586 1635 586 1635 586 496 586 1635 586 496 586 496 586 1635 586 496 586 496 586 496 586 1635 586 496 586 1635 586 1635 586 496 586 1635 586 1635 586 1635 586 39987 8917 2206 586 12 8917 2206 586
Hisense_EN_33926A.ir,2,NEC 20 bits 0x20df48b7,2,True,learned fidelity_check (73 timings),NEC 20 bits 0x20df48b7,True,,,,8989 4407 627 479 627 479 627 1595 627 479 627 479 627 480 626 481 625 480 626 1596 680 1542 680 426 680 1543 678 1544 677 1545 675 1572 599 1598 624 481 625 1597 625 481 625 482 624 1598 624 482 624 483 623 507 599 1623 599 508 598 1624 623 1599 623 483 623 1600 621 1601 596 1626 621 39924 8883 2163 597 95471 8908 2162 598,8917 4472 586 496 586 496 586 1635 586 496 586 496 586 496 586 496 586 496 586 1635 586 1635 586 496 586 1635 586 1635 586 1635 586 1635 586 1635 586 496 586 1635 586 496 586 496 586 1635 586 496 586 496 586 496 586 1635 586 496 586 1635 586 1635 586 496 586 1635 586 1635 586 1635 586 39987 8917 2206 586 12 8917 2206 586,8946 4446 609 469 522 556 542 1701 599 474 574 505 573 506 573 506 522 556 542 1701 598 1638 578 469 522 1720 599 1638 580 1630 563 1674 580 1630 490 558 594 1647 598 475 573 505 574 1669 563 490 623 460 589 506 573 1669 515 532 591 1651 599 1638 545 501 542 1701 599 1637 576 1635 567 39981 8938 2216 9522 2186 571,8933 4459 561 518 561 518 561 1664 561 518 561 518 561 518 561 518 561 518 561 1664 561 1664 561 518 561 1664 561 1664 561 1664 561 1664 561 1664 561 518 561 1664 561 518 561 518 561 1664 561 518 561 518 561 518 561 1664 561 518 561 1664 561 1664 561 518 561 1664 561 1664 561 1664 561 39994 8933 2229 8933 2229 561
Hisense_EN_33926A.ir,6,NEC 20 bits 0x20df6897,1,True,learned fidelity_check (71 timings),NEC 20 bits 0x20df6897,True,-2,18.4,159,9041 4355 678 429 676 429 625 1597 625 481 625 481 625 481 625 481 625 481 625 1596 626 1597 625 481 625 1597 625 1596 626 1597 625 1596 626 1597 625 481 625 1599 623 1622 600 507 599 1623 623 483 623 483 623 483 623 1599 623 484 622 484 622 1600 622 484 622 1601 621 1600 622 1601 621 39912 8908 2139 623,9041 4355 678 429 676 429 625 1597 625 481 625 481 625 481 625 481 625 481 625 1596 626 1597 625 481 625 1597 625 1596 626 1597 625 1596 626 1597 625 481 625 1599 623 1622 600 507 599 1623 623 483 623 483 623 483 623 1599 623 484 622 484 622 1600 622 484 622 1601 621 1600 622 1601 621 39912 8908 2139 623,9080 4315 711 395 675 429 624 1642 563 510 573 532 574 532 597 508 598 507 624 1618 633 1604 589 484 598 1644 633 1604 561 1649 633 1577 543 1693 635 439 626 1616 597 1666 598 475 671 1571 634 448 688 418 685 421 664 1594 633 440 627 479 625 1617 631 453 660 1597 632 1579 633 1603 591 39907 8906 2169 634,9067 4328 618 488 618 488 618 1629 618 488 618 488 618 488 618 488 618 488 618 1629 618 1629 618 488 618 1629 618 1629 618 1629 618 1629 618 1629 618 488 618 1629 618 1629 618 488 618 1629 618 488 618 488 618 488 618 1629 618 488 618 488 618 1629 618 488 618 1629 618 1629 618 1629 618 39920 9067 2182 618
Hisense_EN_33926A.ir,6,NEC 20 bits 0x20df6897,2,True,learned fidelity_check (71 timings),NEC 20 bits 0x20df6897,True,0.2,4.3,73,9041 4355 678 429 676 429 625 1597 625 481 625 481 625 481 625 481 625 481 625 1596 626 1597 625 481 625 1597 625 1596 626 1597 625 1596 626 1597 625 481 625 1599 623 1622 600 507 599 1623 623 483 623 483 623 483 623 1599 623 484 622 484 622 1600 622 484 622 1601 621 1600 622 1601 621 39912 8908 2139 623,9067 4328 618 488 618 488 618 1629 618 488 618 488 618 488 618 488 618 488 618 1629 618 1629 618 488 618 1629 618 1629 618 1629 618 1629 618 1629 618 488 618 1629 618 1629 618 488 618 1629 618 488 618 488 618 488 618 1629 618 488 618 488 618 1629 618 488 618 1629 618 1629 618 1629 618 39920 9067 2182 618,9066 4328 619 483 598 507 598 1670 633 450 687 436 669 436 669 436 670 434 671 1598 591 1645 633 449 689 1598 516 1720 632 1631 596 1640 594 1643 632 450 688 1598 518 1718 634 445 648 1642 570 505 665 438 633 472 604 1665 632 444 623 483 622 1669 572 501 643 1626 624 1612 632 1631 537 39980 9045 2219 624,9053 4341 619 463 619 463 619 1655 619 463 619 463 619 463 619 463 619 463 619 1655 619 1655 619 463 619 1655 619 1655 619 1655 619 1655 619 1655 619 463 619 1655 619 1655 619 463 619 1655 619 463 619 463 619 463 619 1655 619 463 619 463 619 1655 619 463 619 1655 619 1655 619 1655 619 39993 9053 2232 619
LG_MR21GC_Magic_Remote.ir,Settings,NEC 20 bits 0x20dfc23d,1,True,learned fidelity_check (71 timings),NEC 20 bits 0x20dfc23d,True,-13.8,-4.1,51,9100 4401 685 475 658 475 657 1609 657 478 654 480 653 480 654 480 654 480 654 1615 653 1615 653 480 654 1615 653 1615 653 1615 653 1615 653 1615 652 1615 653 1615 653 481 652 481 653 481 652 481 653 1615 653 481 653 481 653 481 652 1615 653 1615 653 1615 653 1616 652 481 653 1615 653 39937 9097 2166 653,9100 4401 685 475 658 475 657 1609 657 478 654 480 653 480 654 480 654 480 654 1615 653 1615 653 480 654 1615 653 1615 653 1615 653 1615 653 1615 652 1615 653 1615 653 481 652 481 653 481 652 481 653 1615 653 481 653 481 653 481 652 1615 653 1615 653 1615 653 1616 652 481 653 1615 653 39937 9097 2166 653,9158 4337 620 540 666 467 691 1619 650 449 723 409 723 408 723 409 723 408 723 1572 623 1640 590 536 649 1645 651 1613 650 1612 651 1612 595 1695 564 1698 648 1615 650 450 723 409 722 412 719 413 715 1576 569 556 620 512 677 454 690 1605 650 1613 650 1613 625 1638 569 557 645 1649 650 39901 9144 2138 573,9145 4350 637 463 637 463 637 1628 637 463 637 463 637 463 637 463 637 463 637 1628 637 1628 637 463 637 1628 637 1628 637 1628 637 1628 637 1628 637 1628 637 1628 637 463 637 463 637 463 637 463 637 1628 637 463 637 463 637 463 637 1628 637 1628 637 1628 637 1628 637 463 637 1628 637 39914 9145 2151 637
LG_MR21GC_Magic_Remote.ir,Settings,NEC 20 bits 0x20dfc23d,2,True,learned fidelity_check (71 timings),NEC 20 bits 0x20dfc23d,True,-20.4,38.3,78,9100 4401 685 475 658 475 657 1609 657 478 654 480 653 480 654 480 654 480 654 1615 653 1615 653 480 654 1615 653 1615 653 1615 653 1615 653 1615 652 1615 653 1615 653 481 652 481 653 481 652 481 653 1615 653 481 653 481 653 481 652 1615 653 1615 653 1615 653 1616 652 481 653 1615 653 39937 9097 2166 653,9145 4350 637 463 637 463 637 1628 637 463 637 463 637 463 637 463 637 463 637 1628 637 1628 637 463 637 1628 637 1628 637 1628 637 1628 637 1628 637 1628 637 1628 637 463 637 463 637 463 637 463 637 1628 637 463 637 463 637 463 637 1628 637 1628 637 1628 637 1628 637 463 637 1628 637 39914 9145 2151 637,9184 4315 625 478 626 479 625 1670 632 424 642 459 646 453 575 531 625 480 626 1669 632 1631 633 440 626 1669 633 1629 634 1629 632 1631 599 1664 568 1695 543 1720 590 483 575 530 626 479 627 462 643 1642 651 429 645 454 618 486 601 1694 596 1667 543 1720 566 1697 591 482 575 1720 543 39979 9215 2095 624,9202 4328 612 492 612 492 612 1682 612 492 612 492 612 492 612 492 612 492 612 1682 612 1682 612 492 612 1682 612 1682 612 1682 612 1682 612 1682 612 1682 612 1682 612 492 612 492 612 492 612 492 612 1682 612 492 612 492 612 492 612 1682 612 1682 612 1682 612 1682 612 492 612 1682 612 39992 9202 2108 612
LG_MR21GC_Magic_Remote.ir,Red,NEC 20 bits 0x20df4eb1,1,True,learned fidelity_check (71 timings),NEC 20 bits 0x20df4eb1,True,-11.4,16.8,69,9096 4404 683 477 657 476 657 1611 655 478 654 481 652 482 651 482 651 482 652 1616 652 1616 652 483 651 1616 652 1617 651 1617 651 1617 651 1617 651 483 650 1618 650 483 651 483 650 1617 651 1618 650 1618 650 484 650 1618 650 484 650 1641 627 1641 627 507 627 507 627 507 627 1642 626 39938 9096 2169 650,9096 4404 683 477 657 476 657 1611 655 478 654 481 652 482 651 482 651 482 652 1616 652 1616 652 483 651 1616 652 1617 651 1617 651 1617 651 1617 651 483 650 1618 650 483 651 483 650 1617 651 1618 650 1618 650 484 650 1618 650 484 650 1641 627 1641 627 507 627 507 627 507 627 1642 626 39938 9096 2169 650,9075 4422 709 449 723 409 723 1572 651 448 723 410 721 414 714 419 679 453 618 1670 590 1699 621 478 723 1572 651 1612 652 1611 594 1695 590 1673 651 448 724 1571 651 453 718 416 678 1610 594 1695 566 1697 651 448 724 1571 651 454 684 1632 599 1664 566 559 598 534 626 505 626 1669 635 39908 9067 2225 619,9062 4435 638 462 638 462 638 1677 638 462 638 462 638 462 638 462 638 462 638 1677 638 1677 638 462 638 1677 638 1677 638 1677 638 1677 638 1677 638 462 638 1677 638 462 638 462 638 1677 638 1677 638 1677 638 462 638 1677 638 462 638 1677 638 1677 638 462 638 462 638 462 638 1677 638 39921 9062 2238 638
LG_MR21GC_Magic_Remote.ir,Red,NEC 20 bits 0x20df4eb1,2,True,learned fidelity_check (71 timings),NEC 20 bits 0x20df4eb1,True,-23.5,23.9,71,9096 4404 683 477 657 476 657 1611 655 478 654 481 652 482 651 482 651 482 652 1616 652 1616 652 483 651 1616 652 1617 651 1617 651 1617 651 1617 651 483 650 1618 650 483 651 483 650 1617 651 1618 650 1618 650 484 650 1618 650 484 650 1641 627 1641 627 507 627 507 627 507 627 1642 626 39938 9096 2169 650,9062 4435 638 462 638 462 638 1677 638 462 638 462 638 462 638 462 638 462 638 1677 638 1677 638 462 638 1677 638 1677 638 1677 638 1677 638 1677 638 462 638 1677 638 462 638 462 638 1677 638 1677 638 1677 638 462 638 1677 638 462 638 1677 638 1677 638 462 638 462 638 462 638 1677 638 39921 9062 2238 638,9076 4421 623 460 646 455 646 1698 589 484 575 530 626 479 627 461 644 456 647 1697 590 1726 565 508 575 1772 598 1718 624 1691 627 1689 628 1687 631 442 626 1722 633 424 642 458 676 1666 617 1699 614 1701 591 482 576 1772 570 503 625 1723 633 1682 633 440 626 461 644 456 645 1699 567 39979 9077 2238 572,9064 4434 613 474 613 474 613 1712 613 474 613 474 613 474 613 474 613 474 613 1712 613 1712 613 474 613 1712 613 1712 613 1712 613 1712 613 1712 613 474 613 1712 613 474 613 474 613 1712 613 1712 613 1712 613 474 613 1712 613 474 613 1712 613 1712 613 474 613 474 613 474 613 1712 613 39992 9064 2251 613
LG_MR21GC_Magic_Remote.ir,Left,NEC 20 bits 0x20dfe01f,1,True,learned fidelity_check (71 timings),NEC 20 bits 0x20dfe01f,True,-14.5,24.3,69,9117 4381 682 477 656 478 655 1612 654 481 651 508 625 509 625 509 624 509 625 1643 625 1643 625 509 625 1643 625 1643 625 1643 625 1643 625 1643 625 1643 625 1643 625 1643 625 509 625 509 625 509 625 509 624 509 625 510 624 509 625 510 624 1644 623 1644 624 1644 624 1644 624 1644 624 39940 9092 2197 624,9117 4381 682 477 656 478 655 1612 654 481 651 508 625 509 625 509 624 509 625 1643 625 1643 625 509 625 1643 625 1643 625 1643 625 1643 625 1643 625 1643 625 1643 625 1643 625 509 625 509 625 509 625 509 624 509 625 510 624 509 625 510 624 1644 623 1644 624 1644 624 1644 624 1644 624 39940 9092 2197 624,9113 4383 673 483 612 521 636 1675 616 484 686 472 624 507 626 505 626 506 626 1669 632 1631 596 530 575 1719 595 1668 634 1629 632 1631 631 1632 543 1746 591 1672 633 1630 633 470 622 512 653 481 659 491 631 500 574 557 572 559 598 534 625 1669 634 1629 634 1629 626 1663 538 1725 626 39918 9141 2146 634,9128 4396 613 519 613 519 613 1681 613 519 613 519 613 519 613 519 613 519 613 1681 613 1681 613 519 613 1681 613 1681 613 1681 613 1681 613 1681 613 1681 613 1681 613 1681 613 519 613 519 613 519 613 519 613 519 613 519 613 519 613 519 613 1681 613 1681 613 1681 613 1681 613 1681 613 39931 9128 2159 613
LG_MR21GC_Magic_Remote.ir,Left,NEC 20 bits 0x20dfe01f,2,True,learned fidelity_check (71 timings),NEC 20 bits 0x20dfe01f,True,-24.6,13.9,27,9117 4381 682 477 656 478 655 1612 654 481 651 508 625 509 625 509 624 509 625 1643 625 1643 625 509 625 1643 625 1643 625 1643 625 1643 625 1643 625 1643 625 1643 625 1643 625 509 625 509 625 509 625 509 624 509 625 510 624 509 625 510 624 1644 623 1644 624 1644 624 1644 624 1644 624 39940 9092 2197 624,9128 4396 613 519 613 519 613 1681 613 519 613 519 613 519 613 519 613 519 613 1681 613 1681 613 519 613 1681 613 1681 613 1681 613 1681 613 1681 613 1681 613 1681 613 1681 613 519 613 519 613 519 613 519 613 519 613 519 613 519 613 519 613 1681 613 1681 613 1681 613 1681 613 1681 613 39931 9128 2159 613,9155 4368 546 583 578 554 575 1746 592 511 594 537 618 515 620 512 624 508 653 1662 633 1682 599 501 670 1651 569 1721 537 1751 622 1668 633 1682 598 1691 599 1691 516 1773 587 515 576 555 595 538 594 538 618 514 620 512 624 508 652 480 654 1661 633 1682 598 1691 569 1720 538 1751 623 39895 9158 2159 563,9145 4381 586 528 586 528 586 1704 586 528 586 528 586 528 586 528 586 528 586 1704 586 1704 586 528 586 1704 586 1704 586 1704 586 1704 586 1704 586 1704 586 1704 586 1704 586 528 586 528 586 528 586 528 586 528 586 528 586 528 586 528 586 1704 586 1704 586 1704 586 1704 586 1704 586 39908 9145 2172 586
LG_MR21GC_Magic_Remote.ir,Right,NEC 20 bits 0x20df609f,1,True,learned fidelity_check (71 timings),NEC 20 bits 0x20df609f,True,-15.6,19.4,70,9119 4379 683 477 656 477 656 1611 656 479 653 482 651 484 649 484 650 484 649 1618 650 1618 650 507 627 1641 626 1642 626 1642 626 1642 626 1642 626 508 626 1642 626 1642 626 508 626 508 626 508 626 508 626 508 626 1642 626 508 626 508 625 1643 625 1642 626 1642 626 1643 625 1643 625 39940 9093 2196 625,9119 4379 683 477 656 477 656 1611 656 479 653 482 651 484 649 484 650 484 649 1618 650 1618 650 507 627 1641 626 1642 626 1642 626 1642 626 1642 626 508 626 1642 626 1642 626 508 626 508 626 508 626 508 626 508 626 1642 626 508 626 508 625 1643 625 1642 626 1642 626 1643 625 1643 625 39940 9093 2196 625,9097 4401 624 533 676 454 690 1606 650 449 722 409 723 410 722 412 719 415 680 1609 621 1668 543 582 574 1721 633 1630 633 1630 633 1630 597 1692 563 537 598 1696 634 1629 633 470 623 510 652 483 657 477 617 531 547 1746 630 470 626 505 627 1668 634 1629 631 1632 543 1747 594 1668 634 39908 9075 2244 587,9084 4414 620 490 620 490 620 1681 620 490 620 490 620 490 620 490 620 490 620 1681 620 1681 620 490 620 1681 620 1681 620 1681 620 1681 620 1681 620 490 620 1681 620 1681 620 490 620 490 620 490 620 490 620 490 620 1681 620 490 620 490 620 1681 620 1681 620 1681 620 1681 620 1681 620 39921 9084 2257 620
LG_MR21GC_Magic_Remote.ir,Right,NEC 20 bits 0x20df609f,2,True,learned fidelity_check (71 timings),NEC 20 bits 0x20df609f,True,-4.1,11.3,46,9119 4379 683 477 656 477 656 1611 656 479 653 482 651 484 649 484 650 484 649 1618 650 1618 650 507 627 1641 626 1642 626 1642 626 1642 626 1642 626 508 626 1642 626 1642 626 508 626 508 626 508 626 508 626 508 626 1642 626 508 626 508 625 1643 625 1642 626 1642 626 1643 625 1643 625 39940 9093 2196 625,9084 4414 620 490 620 490 620 1681 620 490 620 490 620 490 620 490 620 490 620 1681 620 1681 620 490 620 1681 620 1681 620 1681 620 1681 620 1681 620 490 620 1681 620 1681 620 490 620 490 620 490 620 490 620 490 620 1681 620 490 620 490 620 1681 620 1681 620 1681 620 1681 620 1681 620 39921 9084 2257 620,9106 4393 547 557 573 533 625 1696 632 467 605 500 573 532 626 484 623 487 687 1652 586 1703 633 466 670 1651 619 1670 633 1683 564 1725 633 1683 516 557 597 1724 632 1683 563 510 626 483 622 488 688 435 667 438 574 1747 634 447 689 435 646 1675 633 1656 633 1683 593 1696 632 1683 563 39954 9142 2201 640,9129 4406 613 500 613 500 613 1696 613 500 613 500 613 500 613 500 613 500 613 1696 613 1696 613 500 613 1696 613 1696 613 1696 613 1696 613 1696 613 500 613 1696 613 1696 613 500 613 500 613 500 613 500 613 500 613 1696 613 500 613 500 613 1696 613 1696 613 1696 613 1696 613 1696 613 39967 9129 2214 613
Panasonic_N2QAYB000926.ir,Vol_up,PANASONIC 30 bits 0x400401000405,1,True,learned fidelity_check (99 timings),PANASONIC 30 bits 0x400401000405,True,-25.0,26.1,111,3596 1604 513 388 429 1282 459 442 428 442 428 442 428 442 428 442 428 441 429 441 429 442 428 442 428 443 426 445 449 1289 452 446 423 447 423 448 422 448 422 448 422 448 422 448 422 448 422 448 422 1319 422 448 422 448 422 448 422 448 422 448 422 448 422 448 423 448 422 448 422 448 422 448 422 448 422 448 422 1319 422 448 422 449 422 448 422 448 422 448 422 448 422 448 422 1319 422 448 422 1320 421,3596 1604 513 388 429 1282 459 442 428 442 428 442 428 442 428 442 428 441 429 441 429 442 428 442 428 443 426 445 449 1289 452 446 423 447 423 448 422 448 422 448 422 448 422 448 422 448 422 448 422 1319 422 448 422 448 422 448 422 448 422 448 422 448 422 448 423 448 422 448 422 448 422 448 422 448 422 448 422 1319 422 448 422 449 422 448 422 448 422 448 422 448 422 448 422 1319 422 448 422 1320 421,3591 1641 490 378 475 1262 478 412 415 453 415 453 416 452 416 453 415 453 414 454 388 481 364 504 382 488 382 489 386 1378 433 439 404 466 429 455 415 453 416 452 416 453 415 453 416 452 416 453 415 1353 415 425 362 508 359 510 380 490 381 490 403 482 413 455 415 453 416 452 416 453 415 453 415 453 416 452 416 1353 387 454 360 511 379 491 380 490 403 482 413 454 416 453 415 1353 424 413 415 1353 423,3578 1654 402 466 402 1366 402 466 402 466 402 466 402 466 402 466 402 466 402 466 402 466 402 466 402 466 402 466 402 1366 402 466 402 466 402 466 402 466 402 466 402 466 402 466 402 466 402 466 402 1366 402 466 402 466 402 466 402 466 402 466 402 466 402 466 402 466 402 466 402 466 402 466 402 466 402 466 402 1366 402 466 402 466 402 466 402 466 402 466 402 466 402 466 402 1366 402 466 402 1366 402
Panasonic_N2QAYB000926.ir,Vol_up,PANASONIC 30 bits 0x400401000405,2,True,learned fidelity_check (99 timings),UNKNOWN,False,-50.4,52.3,54,3596 1604 513 388 429 1282 459 442 428 442 428 442 428 442 428 442 428 441 429 441 429 442 428 442 428 443 426 445 449 1289 452 446 423 447 423 448 422 448 422 448 422 448 422 448 422 448 422 448 422 1319 422 448 422 448 422 448 422 448 422 448 422 448 422 448 423 448 422 448 422 448 422 448 422 448 422 448 422 1319 422 448 422 449 422 448 422 448 422 448 422 448 422 448 422 1319 422 448 422 1320 421,3578 1654 402 466 402 1366 402 466 402 466 402 466 402 466 402 466 402 466 402 466 402 466 402 466 402 466 402 466 402 1366 402 466 402 466 402 466 402 466 402 466 402 466 402 466 402 466 402 466 402 1366 402 466 402 466 402 466 402 466 402 466 402 466 402 466 402 466 402 466 402 466 402 466 402 466 402 466 402 1366 402 466 402 466 402 466 402 466 402 466 402 466 402 466 402 1366 402 466 402 1366 402,3570 1695 332 505 426 1369 353 483 362 506 338 531 337 531 340 529 363 505 364 504 365 503 367 502 366 502 391 477 393 1402 379 459 361 508 361 507 360 508 361 507 361 507 361 507 361 507 337 531 345 1450 413 428 407 461 384 483 385 483 384 485 384 484 359 509 360 508 360 508 360 507 362 506 362 507 361 506 363 1432 421 421 435 432 411 457 410 459 407 461 384 484 383 485 384 1407 423 422 477 1336 387,3557 1708 351 518 351 1420 351 518 351 518 351 518 351 518 351 518 351 518 351 518 351 518 351 518 351 518 351 518 351 1420 351 518 351 518 351 518 351 518 351 518 351 518 351 518 351 518 351 518 351 1420 351 518 351 518 351 518 351 518 351 518 351 518 351 518 351 518 351 518 351 518 351 518 351 518 351 518 351 1420 351 518 351 518 351 518 351 518 351 518 351 518 351 518 351 1420 351 518 351 1420 351
Panasonic_N2QAYB000926.ir,Vol_dn,PANASONIC 30 bits 0x400401008485,1,True,learned fidelity_check (99 timings),PANASONIC 30 bits 0x400401008485,True,-26.0,28.5,83,3480 1715 457 441 429 1284 457 442 428 442 428 442 428 442 428 442 428 441 429 442 428 442 453 417 453 417 453 418 451 1289 451 421 449 447 423 447 423 447 423 447 423 448 422 448 422 448 423 447 423 1318 423 447 423 448 422 448 423 447 423 448 423 448 422 448 422 448 422 1319 422 448 422 448 422 448 423 448 422 1319 422 448 423 448 422 1319 422 448 422 448 422 448 422 448 422 1319 422 448 423 1319 422,3480 1715 457 441 429 1284 457 442 428 442 428 442 428 442 428 442 428 441 429 442 428 442 453 417 453 417 453 418 451 1289 451 421 449 447 423 447 423 447 423 447 423 448 422 448 422 448 423 447 423 1318 423 447 423 448 422 448 423 447 423 448 423 448 422 448 422 448 422 1319 422 448 422 448 422 448 423 448 422 1319 422 448 423 448 422 1319 422 448 422 448 422 448 422 448 422 1319 422 448 423 1319 422,3487 1748 411 452 365 1377 405 461 461 409 467 402 469 401 434 437 432 437 431 453 415 453 513 356 512 356 512 356 513 1256 411 426 476 421 362 508 380 490 380 490 381 490 404 480 415 453 416 452 416 1352 425 412 416 452 416 453 389 481 363 508 379 491 380 491 380 490 403 1381 425 412 415 453 415 453 416 453 415 1353 419 420 362 509 359 1404 381 483 387 481 415 452 416 453 415 1354 423 413 416 1352 417,3474 1761 402 466 402 1367 402 466 402 466 402 466 402 466 402 466 402 466 402 466 402 466 402 466 402 466 402 466 402 1367 402 466 402 466 402 466 402 466 402 466 402 466 402 466 402 466 402 466 402 1367 402 466 402 466 402 466 402 466 402 466 402 466 402 466 402 466 402 1367 402 466 402 466 402 466 402 466 402 1367 402 466 402 466 402 1367 402 466 402 466 402 466 402 466 402 1367 402 466 402 1367 402
Panasonic_N2QAYB000926.ir,Vol_dn,PANASONIC 30 bits 0x400401008485,2,True,learned fidelity_check (99 timings),PANASONIC 30 bits 0x400401008485,True,-4.3,5.4,50,3480 1715 457 441 429 1284 457 442 428 442 428 442 428 442 428 442 428 441 429 442 428 442 453 417 453 417 453 418 451 1289 451 421 449 447 423 447 423 447 423 447 423 448 422 448 422 448 423 447 423 1318 423 447 423 448 422 448 423 447 423 448 423 448 422 448 422 448 422 1319 422 448 422 448 422 448 423 448 422 1319 422 448 423 448 422 1319 422 448 422 448 422 448 422 448 422 1319 422 448 423 1319 422,3474 1761 402 466 402 1367 402 466 402 466 402 466 402 466 402 466 402 466 402 466 402 466 402 466 402 466 402 466 402 1367 402 466 402 466 402 466 402 466 402 466 402 466 402 466 402 466 402 466 402 1367 402 466 402 466 402 466 402 466 402 466 402 466 402 466 402 466 402 1367 402 466 402 466 402 466 402 466 402 1367 402 466 402 466 402 1367 402 466 402 466 402 466 402 466 402 1367 402 466 402 1367 402,3468 1798 387 449 460 1335 331 505 425 444 426 442 429 439 430 439 431 437 453 415 458 411 457 411 458 410 460 408 460 1336 317 519 365 503 367 502 367 501 392 476 394 475 394 474 396 472 422 447 423 1372 377 461 360 508 360 508 360 507 362 507 362 505 363 506 338 530 363 1432 422 420 436 432 411 457 409 459 408 1382 423 424 476 392 476 1335 387 449 460 408 461 408 460 408 460 1335 358 478 434 1361 352,3455 1811 398 470 398 1374 398 470 398 470 398 470 398 470 398 470 398 470 398 470 398 470 398 470 398 470 398 470 398 1374 398 470 398 470 398 470 398 470 398 470 398 470 398 470 398 470 398 470 398 1374 398 470 398 470 398 470 398 470 398 470 398 470 398 470 398 470 398 1374 398 470 398 470 398 470 398 470 398 1374 398 470 398 470 398 1374 398 470 398 470 398 470 398 470 398 1374 398 470 398 1374 398
Panasonic_N2QAYB000926.ir,Mute,PANASONIC 30 bits 0x400401004c4d,1,True,learned fidelity_check (99 timings),PANASONIC 30 bits 0x400401004c4d,True,-25.8,28.8,78,3537 1660 458 441 429 1311 430 442 428 442 428 442 428 442 428 442 428 442 428 442 428 442 428 442 453 417 453 417 453 1287 453 420 449 422 447 447 423 448 422 448 422 448 422 448 422 448 422 448 422 1319 422 448 422 447 423 448 422 448 422 448 422 448 422 448 422 448 423 448 422 1319 422 448 422 448 423 1319 422 1319 423 448 422 448 422 448 422 1319 422 448 422 448 422 1319 422 1319 422 448 422 1319 422,3537 1660 458 441 429 1311 430 442 428 442 428 442 428 442 428 442 428 442 428 442 428 442 428 442 453 417 453 417 453 1287 453 420 449 422 447 447 423 448 422 448 422 448 422 448 422 448 422 448 422 1319 422 448 422 447 423 448 422 448 422 448 422 448 422 448 422 448 423 448 422 1319 422 448 422 448 423 1319 422 1319 423 448 422 448 422 448 422 1319 422 448 422 448 422 1319 422 1319 422 448 422 1319 422,3519 1696 404 460 439 1327 440 406 433 437 431 453 415 453 415 454 415 453 415 453 415 453 414 455 506 362 477 391 444 1324 406 438 457 414 481 414 405 480 415 453 415 453 416 453 415 453 415 453 416 1353 423 413 413 456 364 507 361 510 379 490 370 501 380 490 403 481 415 453 416 1352 424 413 415 453 416 1352 414 1323 355 491 380 490 404 480 415 1353 423 413 419 450 415 1354 423 1313 387 454 360 1405 379,3506 1709 402 466 402 1365 402 466 402 466 402 466 402 466 402 466 402 466 402 466 402 466 402 466 402 466 402 466 402 1365 402 466 402 466 402 466 402 466 402 466 402 466 402 466 402 466 402 466 402 1365 402 466 402 466 402 466 402 466 402 466 402 466 402 466 402 466 402 466 402 1365 402 466 402 466 402 1365 402 1365 402 466 402 466 402 466 402 1365 402 466 402 466 402 1365 402 1365 402 466 402 1365 402
Panasonic_N2QAYB000926.ir,Mute,PANASONIC 30 bits 0x400401004c4d,2,True,learned fidelity_check (99 timings),UNKNOWN,False,41.9,-44.5,359,3537 1660 458 441 429 1311 430 442 428 442 428 442 428 442 428 442 428 442 428 442 428 442 428 442 453 417 453 417 453 1287 453 420 449 422 447 447 423 448 422 448 422 448 422 448 422 448 422 448 422 1319 422 448 422 447 423 448 422 448 422 448 422 448 422 448 422 448 423 448 422 1319 422 448 422 448 423 1319 422 1319 423 448 422 448 422 448 422 1319 422 448 422 448 422 1319 422 1319 422 448 422 1319 422,3506 1709 402 466 402 1365 402 466 402 466 402 466 402 466 402 466 402 466 402 466 402 466 402 466 402 466 402 466 402 1365 402 466 402 466 402 466 402 466 402 466 402 466 402 466 402 466 402 466 402 1365 402 466 402 466 402 466 402 466 402 466 402 466 402 466 402 466 402 466 402 1365 402 466 402 466 402 1365 402 1365 402 466 402 466 402 466 402 1365 402 466 402 466 402 1365 402 1365 402 466 402 1365 402,3562 1677 388 449 460 1334 387 450 460 408 460 408 460 409 460 408 460 409 459 409 460 408 460 408 460 409 460 408 460 1335 387 449 461 408 460 408 460 408 460 408 460 409 460 408 461 407 460 409 459 1336 362 474 460 408 460 409 460 408 460 408 461 407 460 409 460 408 460 409 460 1334 360 477 457 411 458 1337 306 1457 376 461 361 508 361 506 363 1432 414 427 408 460 406 1384 423 1340 423 440 460 1335 387,3549 1350 447 422 447 1350 447 422 447 422 447 422 447 422 447 422 447 422 447 422 447 422 447 422 447 422 447 422 447 1350 447 422 447 422 447 422 447 422 447 422 447 422 447 422 447 422 447 422 447 1350 447 422 447 422 447 422 447 422 447 422 447 422 447 422 447 422 447 422 447 1350 447 422 447 422 447 1350 293 1350 447 422 447 422 447 422 447 1350 447 422 447 422 447 1350 447 1350 447 422 447 1350 447
Panasonic_N2QAYB000926.ir,Ch_next,PANASONIC 30 bits 0x400401002c2d,1,True,learned fidelity_check (99 timings),PANASONIC 30 bits 0x400401002c2d,True,-25.2,29.6,77,3481 1715 457 441 429 1311 430 442 429 442 428 442 428 442 428 442 428 441 429 442 428 442 453 417 453 417 452 419 450 1289 451 422 447 447 423 447 423 447 423 448 422 448 422 448 422 448 422 448 422 1319 422 448 422 448 422 448 422 448 422 448 423 448 422 448 422 448 422 448 422 448 422 1319 422 448 422 1319 422 1319 422 448 422 448 422 448 422 448 422 1319 422 448 422 1319 422 1319 422 448 422 1319 422,3481 1715 457 441 429 1311 430 442 429 442 428 442 428 442 428 442 428 441 429 442 428 442 453 417 453 417 452 419 450 1289 451 422 447 447 423 447 423 447 423 448 422 448 422 448 422 448 422 448 422 1319 422 448 422 448 422 448 422 448 422 448 423 448 422 448 422 448 422 448 422 448 422 1319 422 448 422 1319 422 1319 422 448 422 448 422 448 422 448 422 1319 422 448 422 1319 422 1319 422 448 422 1319 422,3486 1747 383 479 364 1405 380 461 476 395 436 434 433 437 431 454 414 453 416 452 416 452 514 355 512 356 513 356 512 1256 385 455 444 451 361 509 380 490 381 489 404 482 412 456 416 452 416 453 415 1353 424 412 416 453 415 453 415 454 389 482 361 510 378 491 357 514 380 490 403 481 415 1353 424 413 415 1353 424 1313 417 422 361 509 360 510 379 491 380 1381 436 426 415 1354 424 1312 424 413 416 1352 390,3473 1760 402 467 402 1366 402 467 402 467 402 467 402 467 402 467 402 467 402 467 402 467 402 467 402 467 402 467 402 1366 402 467 402 467 402 467 402 467 402 467 402 467 402 467 402 467 402 467 402 1366 402 467 402 467 402 467 402 467 402 467 402 467 402 467 402 467 402 467 402 467 402 1366 402 467 402 1366 402 1366 402 467 402 467 402 467 402 467 402 1366 402 467 402 1366 402 1366 402 467 402 1366 402
Panasonic_N2QAYB000926.ir,Ch_next,PANASONIC 30 bits 0x400401002c2d,2,True,learned fidelity_check (99 timings),PANASONIC 30 bits 0x400401002c2d,True,4.2,-0.6,19,3481 1715 457 441 429 1311 430 442 429 442 428 442 428 442 428 442 428 441 429 442 428 442 453 417 453 417 452 419 450 1289 451 422 447 447 423 447 423 447 423 448 422 448 422 448 422 448 422 448 422 1319 422 448 422 448 422 448 422 448 422 448 423 448 422 448 422 448 422 448 422 448 422 1319 422 448 422 1319 422 1319 422 448 422 448 422 448 422 448 422 1319 422 448 422 1319 422 1319 422 448 422 1319 422,3473 1760 402 467 402 1366 402 467 402 467 402 467 402 467 402 467 402 467 402 467 402 467 402 467 402 467 402 467 402 1366 402 467 402 467 402 467 402 467 402 467 402 467 402 467 402 467 402 467 402 1366 402 467 402 467 402 467 402 467 402 467 402 467 402 467 402 467 402 467 402 467 402 1366 402 467 402 1366 402 1366 402 467 402 467 402 467 402 467 402 1366 402 467 402 1366 402 1366 402 467 402 1366 402,3499 1766 387 449 459 1336 332 504 422 447 393 475 392 476 366 503 364 504 362 506 363 506 362 508 360 509 360 508 385 1407 424 421 478 392 476 393 476 409 459 409 459 408 461 408 460 408 460 408 460 1335 383 454 458 410 432 436 429 440 424 444 419 449 393 476 366 502 364 504 363 505 339 1457 417 425 442 1347 422 1367 387 449 460 408 461 408 460 408 460 1335 306 530 367 1428 381 1382 424 422 477 1335 386,3486 1779 406 462 406 1380 406 462 406 462 406 462 406 462 406 462 406 462 406 462 406 462 406 462 406 462 406 462 406 1380 406 462 406 462 406 462 406 462 406 462 406 462 406 462 406 462 406 462 406 1380 406 462 406 462 406 462 406 462 406 462 406 462 406 462 406 462 406 462 406 462 406 1380 406 462 406 1380 406 1380 406 462 406 462 406 462 406 462 406 1380 406 462 406 1380 406 1380 406 462 406 1380 406
Philips_XXPFL9955H.ir,Home,RC6 4 bits 0x0,1,True,learned fidelity_check (45 timings),RC6 1 bits 0x0,False,8.5,-8727.5,96953,2736 828 493 835 490 421 462 448 408 863 796 640 268 96852 2708 856 491 862 300 585 296 587 296 1030 517 864 210 96965 2707 855 489 864 434 448 464 421 437 916 823 476 428 512 295 721 241,2736 828 493 835 490 421 462 448 408 863 796 640 268 96852 2708 856 491 862 300 585 296 587 296 1030 517 864 210 96965 2707 855 489 864 434 448 464 421 437 916 823 476 428 512 295 721 241,2731 824 561 778 416 484 495 420 362 903 804 641 257 65535 2739 814 530 835 324 550 304 585 354 992 561 802 239 65535 2736 817 532 832 417 453 467 427 434 938 834 451 415 512 302 718 303,2723 791 482 791 482 791 482 791 311 791 821 791 244 12 2723 791 482 791 311 791 311 791 311 791 482 791 244 12 2723 791 482 791 482 791 482 791 482 791 821 791 482 791 311 791 311
Philips_XXPFL9955H.ir,Home,RC6 4 bits 0x0,2,True,learned fidelity_check (41 timings),RC6 1 bits 0x0,False,,,,2736 828 493 835 490 421 462 448 408 863 796 640 268 96852 2708 856 491 862 300 585 296 587 296 1030 517 864 210 96965 2707 855 489 864 434 448 464 421 437 916 823 476 428 512 295 721 241,2723 791 482 791 482 791 482 791 311 791 821 791 244 12 2723 791 482 791 311 791 311 791 311 791 482 791 244 12 2723 791 482 791 482 791 482 791 482 791 821 791 482 791 311 791 311,2680 825 541 743 469 795 437 833 339 764 802 825 3003 759 466 800 308 794 310 795 310 795 442 824 2938 834 482 795 417 851 530 755 468 794 845 766 529 755 282 823 257,2925 808 456 808 456 808 456 808 297 808 832 808 2925 808 456 808 297 808 297 808 297 808 456 808 2925 808 456 808 456 808 456 808 456 808 832 808 456 808 297 808 297
Philips_XXPFL9955H.ir,Vol_dn,RC6 7 bits 0x8,1,True,learned fidelity_check (37 timings),RC6 9 bits 0x20,False,6.9,-5134.1,92383,2737 825 494 832 494 390 492 392 1352 1328 461 450 405 450 435 477 297 587 296 644 295 92395 2734 829 491 836 490 394 491 419 1286 1395 296 587 378 1474 239,2737 825 494 832 494 390 492 392 1352 1328 461 450 405 450 435 477 297 587 296 644 295 92395 2734 829 491 836 490 394 491 419 1286 1395 296 587 378 1474 239,2730 846 436 879 565 330 417 453 1333 1381 461 428 460 382 512 409 355 520 373 567 261 65535 2762 789 562 777 418 454 562 355 1355 1362 282 558 456 1445 224,2749 859 447 859 447 466 447 466 1342 1394 447 466 447 466 447 466 447 466 447 466 269 12 2749 859 447 859 447 466 447 466 1342 1394 269 466 447 1394 211
Philips_XXPFL9955H.ir,Vol_dn,RC6 7 bits 0x8,2,True,learned fidelity_check (35 timings),RC6 9 bits 0x20,False,,,,2737 825 494 832 494 390 492 392 1352 1328 461 450 405 450 435 477 297 587 296 644 295 92395 2734 829 491 836 490 394 491 419 1286 1395 296 587 378 1474 239,2749 859 447 859 447 466 447 466 1342 1394 447 466 447 466 447 466 447 466 447 466 269 12 2749 859 447 859 447 466 447 466 1342 1394 269 466 447 1394 211,2724 877 512 805 481 421 453 460 1405 1364 439 449 513 393 483 429 480 439 513 408 3023 853 427 880 508 413 513 391 1348 1411 282 429 385 1483 113,3010 890 470 890 470 442 470 442 1392 1424 470 442 470 442 470 442 470 442 470 442 3010 890 470 890 470 442 470 442 1392 1424 269 442 470 1424 100
Samsung_BN59-01247A.ir,C,SAMSUNG 20 bits 0xe0e0a857,1,True,learned fidelity_check (67 timings),SAMSUNG 20 bits 0xe0e0a857,True,-19.7,31.2,100,4643 4362 687 1554 685 1553 685 1553 684 433 685 435 632 488 631 487 632 487 632 1606 632 1606 632 1607 631 488 631 488 631 489 656 487 632 487 631 1607 630 489 629 1610 628 491 628 1611 627 492 627 492 627 492 627 492 627 1611 627 492 627 1612 626 492 627 1611 627 1612 626 1611 627,4643 4362 687 1554 685 1553 685 1553 684 433 685 435 632 488 631 487 632 487 632 1606 632 1606 632 1607 631 488 631 488 631 489 656 487 632 487 631 1607 630 489 629 1610 628 491 628 1611 627 492 627 492 627 492 627 492 627 1611 627 492 627 1612 626 492 627 1611 627 1612 626 1611 627,4625 4374 707 1562 686 1550 686 1551 685 415 676 428 625 507 626 481 597 533 625 1643 633 1604 632 1604 633 449 591 531 627 506 647 483 627 489 589 1669 591 509 625 1643 633 466 600 1669 633 446 649 477 626 486 652 472 626 1643 633 450 618 1640 544 556 626 1643 632 1604 633 1604 632,4612 4387 619 1653 619 1653 619 1653 619 496 619 496 619 496 619 496 619 496 619 1653 619 1653 619 1653 619 496 619 496 619 496 619 496 619 496 619 1653 619 496 619 1653 619 496 619 1653 619 496 619 496 619 496 619 496 619 1653 619 496 619 1653 619 496 619 1653 619 1653 619 1653 619
Samsung_BN59-01247A.ir,C,SAMSUNG 20 bits 0xe0e0a857,2,True,learned fidelity_check (67 timings),SAMSUNG 20 bits 0xe0e0a857,True,-6.6,20.3,24,4643 4362 687 1554 685 1553 685 1553 684 433 685 435 632 488 631 487 632 487 632 1606 632 1606 632 1607 631 488 631 488 631 489 656 487 632 487 631 1607 630 489 629 1610 628 491 628 1611 627 492 627 492 627 492 627 492 627 1611 627 492 627 1612 626 492 627 1611 627 1612 626 1611 627,4612 4387 619 1653 619 1653 619 1653 619 496 619 496 619 496 619 496 619 496 619 1653 619 1653 619 1653 619 496 619 496 619 496 619 496 619 496 619 1653 619 496 619 1653 619 496 619 1653 619 496 619 496 619 496 619 496 619 1653 619 496 619 1653 619 496 619 1653 619 1653 619 1653 619,4632 4367 572 1721 634 1629 632 1657 516 558 625 506 670 435 573 537 624 502 642 1653 596 1667 634 1655 543 530 625 489 689 434 574 534 624 505 670 1625 564 514 650 1666 569 504 598 1697 634 465 605 500 626 490 686 435 570 1724 635 466 668 1626 588 491 651 1664 569 1694 620 1643 634,4619 4380 612 1677 612 1677 612 1677 612 515 612 515 612 515 612 515 612 515 612 1677 612 1677 612 1677 612 515 612 515 612 515 612 515 612 515 612 1677 612 515 612 1677 612 515 612 1677 612 515 612 515 612 515 612 515 612 1677 612 515 612 1677 612 515 612 1677 612 1677 612 1677 612
Samsung_BN59-01247A.ir,D,SAMSUNG 20 bits 0xe0e06897,1,True,learned fidelity_check (67 timings),SAMSUNG 20 bits 0xe0e06897,True,-26.1,36.5,105,4643 4363 685 1554 684 1554 684 1555 631 488 631 488 631 488 631 488 631 487 632 1607 631 1607 631 1607 631 488 657 462 658 462 657 464 655 487 631 488 630 1609 629 1610 628 491 628 1611 628 492 627 492 627 492 627 1611 627 492 627 492 627 1611 627 492 628 1611 627 1612 627 1611 627,4643 4363 685 1554 684 1554 684 1555 631 488 631 488 631 488 631 488 631 487 632 1607 631 1607 631 1607 631 488 657 462 658 462 657 464 655 487 631 488 630 1609 629 1610 628 491 628 1611 628 492 627 492 627 492 627 1611 627 492 627 492 627 1611 627 492 628 1611 627 1612 627 1611 627,4573 4455 686 1552 647 1589 595 1642 542 557 626 488 591 532 626 490 612 508 626 1643 633 1603 631 1606 626 474 722 387 652 475 723 391 593 556 626 485 569 1694 543 1693 565 534 627 1642 633 467 598 511 622 505 626 1643 632 448 651 473 627 1642 633 450 591 1668 564 1698 591 1646 621,4560 4468 613 1656 613 1656 613 1656 613 501 613 501 613 501 613 501 613 501 613 1656 613 1656 613 1656 613 501 613 501 613 501 613 501 613 501 613 501 613 1656 613 1656 613 501 613 1656 613 501 613 501 613 501 613 1656 613 501 613 501 613 1656 613 501 613 1656 613 1656 613 1656 613
Samsung_BN59-01247A.ir,D,SAMSUNG 20 bits 0xe0e06897,2,True,learned fidelity_check (67 timings),SAMSUNG 20 bits 0xe0e06897,True,4.8,4.2,34,4643 4363 685 1554 684 1554 684 1555 631 488 631 488 631 488 631 488 631 487 632 1607 631 1607 631 1607 631 488 657 462 658 462 657 464 655 487 631 488 630 1609 629 1610 628 491 628 1611 628 492 627 492 627 492 627 1611 627 492 627 492 627 1611 627 492 628 1611 627 1612 627 1611 627,4560 4468 613 1656 613 1656 613 1656 613 501 613 501 613 501 613 501 613 501 613 1656 613 1656 613 1656 613 501 613 501 613 501 613 501 613 501 613 501 613 1656 613 1656 613 501 613 1656 613 501 613 501 613 501 613 1656 613 501 613 501 613 1656 613 501 613 1656 613 1656 613 1656 613,4539 4488 618 1672 633 1656 597 1667 542 535 619 509 669 435 633 477 619 507 671 1625 571 1691 538 1725 633 467 670 435 602 509 653 472 671 434 602 509 656 1633 632 1657 598 476 573 1722 633 466 671 434 575 537 690 1624 598 475 631 479 624 1666 634 466 644 1651 561 1702 635 1627 634,4526 4501 619 1679 619 1679 619 1679 619 489 619 489 619 489 619 489 619 489 619 1679 619 1679 619 1679 619 489 619 489 619 489 619 489 619 489 619 489 619 1679 619 1679 619 489 619 1679 619 489 619 489 619 489 619 1679 619 489 619 489 619 1679 619 489 619 1679 619 1679 619 1679 619
Samsung_BN59-01247A.ir,Settings,SAMSUNG 20 bits 0xe0e058a7,1,True,learned fidelity_check (67 timings),SAMSUNG 20 bits 0xe0e058a7,True,-25.8,43.9,101,4646 4365 683 1555 682 1554 633 1607 631 487 632 487 632 488 631 488 631 488 631 1606 632 1607 631 1607 659 461 658 461 658 461 658 462 656 486 632 488 630 1609 628 490 629 1611 627 1611 627 492 627 492 627 492 627 1611 627 492 627 1611 627 492 627 492 627 1611 628 1611 627 1611 627,4646 4365 683 1555 682 1554 633 1607 631 487 632 487 632 488 631 488 631 488 631 1606 632 1607 631 1607 659 461 658 461 658 461 658 462 656 486 632 488 630 1609 628 490 629 1611 627 1611 627 492 627 492 627 492 627 1611 627 492 627 1611 627 492 627 492 627 1611 628 1611 627 1611 627,4595 4409 674 1589 648 1589 542 1694 565 534 627 488 590 532 626 506 597 508 625 1643 631 1606 627 1609 569 530 724 388 595 530 723 391 635 514 626 487 593 1668 542 557 627 1642 632 1604 631 468 598 511 623 505 625 1644 632 447 649 1613 624 476 626 487 624 1637 543 1693 565 1698 588,4582 4422 612 1655 612 1655 612 1655 612 519 612 519 612 519 612 519 612 519 612 1655 612 1655 612 1655 612 519 612 519 612 519 612 519 612 519 612 519 612 1655 612 519 612 1655 612 1655 612 519 612 519 612 519 612 1655 612 519 612 1655 612 519 612 519 612 1655 612 1655 612 1655 612
Samsung_BN59-01247A.ir,Settings,SAMSUNG 20 bits 0xe0e058a7,2,True,learned fidelity_check (67 timings),SAMSUNG 20 bits 0xe0e058a7,True,-27.7,8.6,51,4646 4365 683 1555 682 1554 633 1607 631 487 632 487 632 488 631 488 631 488 631 1606 632 1607 631 1607 659 461 658 461 658 461 658 462 656 486 632 488 630 1609 628 490 629 1611 627 1611 627 492 627 492 627 492 627 1611 627 492 627 1611 627 492 627 492 627 1611 628 1611 627 1611 627,4582 4422 612 1655 612 1655 612 1655 612 519 612 519 612 519 612 519 612 519 612 1655 612 1655 612 1655 612 519 612 519 612 519 612 519 612 519 612 519 612 1655 612 519 612 1655 612 1655 612 519 612 519 612 519 612 1655 612 519 612 1655 612 519 612 519 612 1655 612 1655 612 1655 612,4545 4460 658 1630 633 1656 598 1665 598 501 671 461 670 461 670 462 670 461 670 1625 596 1667 516 1746 564 540 569 560 570 560 548 584 573 558 553 578 574 1721 590 512 571 1722 631 1632 632 494 669 446 686 445 687 1624 598 501 670 1625 598 501 671 461 671 1624 570 1693 516 1747 588,4532 4473 585 1678 585 1678 585 1678 585 514 585 514 585 514 585 514 585 514 585 1678 585 1678 585 1678 585 514 585 514 585 514 585 514 585 514 585 514 585 1678 585 514 585 1678 585 1678 585 514 585 514 585 514 585 1678 585 514 585 1678 585 514 585 514 585 1678 585 1678 585 1678 585
Samsung_BN59-01247A.ir,Ad_subt,SAMSUNG 20 bits 0xe0e0a45b,1,True,learned fidelity_check (67 timings),SAMSUNG 20 bits 0xe0e0a45b,True,-23.6,30,104,4646 4363 685 1552 686 1554 683 1553 684 435 632 488 631 487 632 488 631 488 631 1607 631 1607 631 1607 631 488 631 488 657 462 657 464 654 487 631 1607 630 490 628 1610 628 491 628 492 627 1611 627 492 627 492 627 492 627 1611 628 492 627 1612 627 1612 627 492 627 1612 627 1612 627,4646 4363 685 1552 686 1554 683 1553 684 435 632 488 631 487 632 488 631 488 631 1607 631 1607 631 1607 631 488 631 488 657 462 657 464 654 487 631 1607 630 490 628 1610 628 491 628 492 627 1611 627 492 627 492 627 492 627 1611 628 492 627 1612 627 1612 627 492 627 1612 627 1612 627,4685 4339 649 1592 675 1588 682 1555 684 390 622 508 626 481 573 557 626 484 569 1694 543 1694 543 1694 566 533 626 490 667 454 722 409 677 454 626 1643 633 466 574 1695 619 457 623 505 626 1643 632 448 650 475 626 487 652 1608 543 557 627 1641 634 1603 633 466 622 1647 633 1603 633,4672 4352 613 1656 613 1656 613 1656 613 494 613 494 613 494 613 494 613 494 613 1656 613 1656 613 1656 613 494 613 494 613 494 613 494 613 494 613 1656 613 494 613 1656 613 494 613 494 613 1656 613 494 613 494 613 494 613 1656 613 494 613 1656 613 1656 613 494 613 1656 613 1656 613
Samsung_BN59-01247A.ir,Ad_subt,SAMSUNG 20 bits 0xe0e0a45b,2,True,learned fidelity_check (67 timings),SAMSUNG 20 bits 0xe0e0a45b,True,4.8,-12.2,69,4646 4363 685 1552 686 1554 683 1553 684 435 632 488 631 487 632 488 631 488 631 1607 631 1607 631 1607 631 488 631 488 657 462 657 464 654 487 631 1607 630 490 628 1610 628 491 628 492 627 1611 627 492 627 492 627 492 627 1611 628 492 627 1612 627 1612 627 492 627 1612 627 1612 627,4672 4352 613 1656 613 1656 613 1656 613 494 613 494 613 494 613 494 613 494 613 1656 613 1656 613 1656 613 494 613 494 613 494 613 494 613 494 613 1656 613 494 613 1656 613 494 613 494 613 1656 613 494 613 494 613 494 613 1656 613 494 613 1656 613 1656 613 494 613 1656 613 1656 613,4616 4406 640 1653 517 1747 593 1669 633 468 669 435 670 435 670 435 671 434 670 1625 517 1746 627 1636 633 467 670 434 671 434 671 435 670 435 666 1629 562 513 571 1722 632 450 688 435 669 1625 597 476 668 437 636 469 603 1693 593 485 623 1666 633 1657 598 475 669 1625 538 1725 631,4603 4419 620 1679 620 1679 620 1679 620 450 620 450 620 450 620 450 620 450 620 1679 620 1679 620 1679 620 450 620 450 620 450 620 450 620 450 620 1679 620 450 620 1679 620 450 620 450 620 1679 620 450 620 450 620 450 620 1679 620 450 620 1679 620 1679 620 450 620 1679 620 1679 620
Sharp_Aquos_JP.ir,Power,PANASONIC 30 bits 0x555af148688b,1,True,learned fidelity_check (99 timings),PANASONIC 30 bits 0x555af148688b,True,-14.5,25.8,52,3381 1656 439 401 438 1239 439 401 438 1240 439 401 438 1239 440 401 438 1239 440 400 439 1238 440 401 438 1239 440 1240 438 426 438 1240 439 400 439 1240 439 1240 438 1240 438 1240 438 401 438 401 438 402 437 1242 436 402 437 1242 437 402 437 403 436 1242 437 402 437 403 436 403 436 403 436 1242 437 1242 437 403 436 1242 437 403 436 403 436 403 436 1242 437 403 436 403 436 403 436 1243 436 403 436 1242 437 1242 437,3381 1656 439 401 438 1239 439 401 438 1240 439 401 438 1239 440 401 438 1239 440 400 439 1238 440 401 438 1239 440 1240 438 426 438 1240 439 400 439 1240 439 1240 438 1240 438 1240 438 401 438 401 438 402 437 1242 436 402 437 1242 437 402 437 403 436 1242 437 402 437 403 436 403 436 403 436 1242 437 1242 437 403 436 1242 437 403 436 403 436 403 436 1242 437 403 436 403 436 403 436 1243 436 403 436 1242 437 1242 437,3381 1695 380 429 409 1281 413 404 436 1273 438 372 513 1203 407 403 435 1255 384 434 433 1275 437 373 512 1204 410 1274 332 505 388 1301 438 374 511 1203 438 1245 381 1277 384 1300 438 376 508 331 512 330 513 1203 355 454 384 1306 414 404 434 406 469 1241 439 371 513 329 469 373 409 433 365 1325 439 1245 439 374 510 1203 411 399 440 402 408 434 364 1326 439 378 463 375 508 331 512 1203 406 405 433 1257 411 1272 439,3368 1708 423 412 423 1285 423 412 423 1285 423 412 423 1285 423 412 423 1285 423 412 423 1285 423 412 423 1285 423 1285 423 412 423 1285 423 412 423 1285 423 1285 423 1285 423 1285 423 412 423 412 423 412 423 1285 423 412 423 1285 423 412 423 412 423 1285 423 412 423 412 423 412 423 412 423 1285 423 1285 423 412 423 1285 423 412 423 412 423 412 423 1285 423 412 423 412 423 412 423 1285 423 412 423 1285 423 1285 423
Sharp_Aquos_JP.ir,Power,PANASONIC 30 bits 0x555af148688b,2,True,learned fidelity_check (99 timings),PANASONIC 30 bits 0x555af148688b,True,-20.3,39.4,55,3381 1656 439 401 438 1239 439 401 438 1240 439 401 438 1239 440 401 438 1239 440 400 439 1238 440 401 438 1239 440 1240 438 426 438 1240 439 400 439 1240 439 1240 438 1240 438 1240 438 401 438 401 438 402 437 1242 436 402 437 1242 437 402 437 403 436 1242 437 402 437 403 436 403 436 403 436 1242 437 1242 437 403 436 1242 437 403 436 403 436 403 436 1242 437 403 436 403 436 403 436 1243 436 403 436 1242 437 1242 437,3368 1708 423 412 423 1285 423 412 423 1285 423 412 423 1285 423 412 423 1285 423 412 423 1285 423 412 423 1285 423 1285 423 412 423 1285 423 412 423 1285 423 1285 423 1285 423 1285 423 412 423 412 423 412 423 1285 423 412 423 1285 423 412 423 412 423 1285 423 412 423 412 423 412 423 412 423 1285 423 1285 423 412 423 1285 423 412 423 412 423 412 423 1285 423 412 423 412 423 412 423 1285 423 412 423 1285 423 1285 423,3396 1715 423 371 404 1328 380 430 389 1353 425 385 416 1327 424 367 382 1352 355 456 415 1327 424 386 415 1327 425 1259 438 376 380 1359 385 425 415 1327 423 1287 425 1286 423 1260 440 376 380 457 416 426 415 1327 424 367 382 1353 332 478 415 427 416 1326 424 369 404 431 363 477 416 426 415 1301 439 1272 406 406 362 1377 418 393 415 427 415 405 381 1356 359 451 416 426 416 408 381 1353 355 455 415 1328 424 1289 421,3383 1728 402 439 402 1340 402 439 402 1340 402 439 402 1340 402 439 402 1340 402 439 402 1340 402 439 402 1340 402 1340 402 439 402 1340 402 439 402 1340 402 1340 402 1340 402 1340 402 439 402 439 402 439 402 1340 402 439 402 1340 402 439 402 439 402 1340 402 439 402 439 402 439 402 439 402 1340 402 1340 402 439 402 1340 402 439 402 439 402 439 402 1340 402 439 402 439 402 439 402 1340 402 439 402 1340 402 1340 402
Sharp_Aquos_JP.ir,Hud,PANASONIC 30 bits 0x555af148d880,1,True,learned fidelity_check (99 timings),PANASONIC 30 bits 0x555af148d880,True,-17.6,21.3,64,3416 1622 469 373 465 1212 466 373 465 1236 442 397 441 1237 442 398 441 1238 441 398 441 1238 441 398 441 1238 440 1239 440 399 440 1239 440 399 440 1239 440 1239 440 1239 440 1239 440 399 440 400 439 400 439 1239 440 400 439 1239 440 399 440 400 439 1239 440 400 439 400 439 399 440 1239 440 1239 440 400 439 1239 440 1239 440 399 440 400 439 400 439 1239 440 400 439 400 440 399 440 400 439 400 439 399 440 400 439,3416 1622 469 373 465 1212 466 373 465 1236 442 397 441 1237 442 398 441 1238 441 398 441 1238 441 398 441 1238 440 1239 440 399 440 1239 440 399 440 1239 440 1239 440 1239 440 1239 440 399 440 400 439 400 439 1239 440 400 439 1239 440 399 440 400 439 1239 440 400 439 400 439 399 440 1239 440 1239 440 400 439 1239 440 1239 440 399 440 400 439 400 439 1239 440 400 439 400 440 399 440 400 439 400 439 399 440 400 439,3384 1673 475 335 468 1247 466 344 409 1307 411 403 508 1204 438 372 512 1204 406 404 435 1255 385 431 468 1242 439 1245 438 372 506 1210 333 478 364 1325 438 1246 439 1245 439 1244 382 429 409 433 364 462 406 1299 439 374 510 1203 439 372 480 361 438 1252 359 460 431 409 469 369 510 1203 438 1246 406 404 435 1255 384 1300 438 374 510 330 513 329 512 1204 382 428 409 433 365 461 404 436 433 405 480 359 512 329 512,3371 1686 425 417 425 1259 425 417 425 1259 425 417 425 1259 425 417 425 1259 425 417 425 1259 425 417 425 1259 425 1259 425 417 425 1259 425 417 425 1259 425 1259 425 1259 425 1259 425 417 425 417 425 417 425 1259 425 417 425 1259 425 417 425 417 425 1259 425 417 425 417 425 417 425 1259 425 1259 425 417 425 1259 425 1259 425 417 425 417 425 417 425 1259 425 417 425 417 425 417 425 417 425 417 425 417 425 417 425
Sharp_Aquos_JP.ir,Hud,PANASONIC 30 bits 0x555af148d880,2,True,learned fidelity_check (99 timings),UNKNOWN,False,-73.4,71.2,105,3416 1622 469 373 465 1212 466 373 465 1236 442 397 441 1237 442 398 441 1238 441 398 441 1238 441 398 441 1238 440 1239 440 399 440 1239 440 399 440 1239 440 1239 440 1239 440 1239 440 399 440 400 439 400 439 1239 440 400 439 1239 440 399 440 400 439 1239 440 400 439 400 439 399 440 1239 440 1239 440 400 439 1239 440 1239 440 399 440 400 439 400 439 1239 440 400 439 400 440 399 440 400 439 400 439 399 440 400 439,3371 1686 425 417 425 1259 425 417 425 1259 425 417 425 1259 425 417 425 1259 425 417 425 1259 425 417 425 1259 425 1259 425 417 425 1259 425 417 425 1259 425 1259 425 1259 425 1259 425 417 425 417 425 417 425 1259 425 417 425 1259 425 417 425 417 425 1259 425 417 425 417 425 417 425 1259 425 1259 425 417 425 1259 425 1259 425 417 425 417 425 417 425 1259 425 417 425 417 425 417 425 417 425 417 425 417 425 417 425,3390 1692 358 453 365 1350 360 451 365 1350 361 450 364 1352 359 451 364 1351 360 451 365 1351 359 451 364 1352 359 1325 359 451 365 1351 359 451 364 1352 359 1324 360 1325 359 1325 359 451 364 478 365 477 364 1351 360 451 364 1352 358 453 364 477 365 1350 359 452 364 478 364 478 365 1350 360 1325 359 451 364 1352 359 1324 360 451 364 479 363 478 364 1351 360 451 364 479 363 479 363 479 363 478 364 478 365 477 365,3377 1705 350 466 350 1364 350 466 350 1364 350 466 350 1364 350 466 350 1364 350 466 350 1364 350 466 350 1364 350 1364 350 466 350 1364 350 466 350 1364 350 1364 350 1364 350 1364 350 466 350 466 350 466 350 1364 350 466 350 1364 350 466 350 466 350 1364 350 466 350 466 350 466 350 1364 350 1364 350 466 350 1364 350 1364 350 466 350 466 350 466 350 1364 350 466 350 466 350 466 350 466 350 466 350 466 350 466 350
Sharp_Aquos_JP.ir,Timer,PANASONIC 30 bits 0x555af1485888,1,True,learned fidelity_check (99 timings),PANASONIC 30 bits 0x555af1485888,True,-16.6,22.7,85,3412 1626 464 374 465 1238 440 398 441 1238 440 398 441 1239 440 399 440 1239 440 399 440 1239 440 399 440 1239 440 1240 439 399 440 1239 440 400 439 1240 439 1240 438 1240 439 1239 440 399 440 399 440 399 439 1240 439 399 440 1239 440 400 439 400 439 1239 440 400 439 400 439 400 439 400 439 1239 440 400 439 1240 439 1239 439 400 439 400 439 400 439 1239 440 400 439 400 439 399 440 1239 440 400 439 399 440 400 439,3412 1626 464 374 465 1238 440 398 441 1238 440 398 441 1239 440 399 440 1239 440 399 440 1239 440 399 440 1239 440 1240 439 399 440 1239 440 400 439 1240 439 1240 438 1240 439 1239 440 399 440 399 440 399 439 1240 439 399 440 1239 440 400 439 400 439 1239 440 400 439 400 439 400 439 400 439 1239 440 400 439 1240 439 1239 439 400 439 400 439 400 439 1239 440 400 439 400 439 399 440 1239 440 400 439 399 440 400 439,3358 1698 475 335 468 1274 380 430 408 1282 413 401 507 1204 439 372 513 1202 406 405 433 1256 386 432 436 1272 438 1246 438 372 513 1203 355 455 365 1325 414 1270 439 1245 438 1246 381 429 409 434 364 460 432 1275 438 372 513 1202 440 371 472 370 411 1278 385 434 433 405 478 362 510 329 513 1203 409 401 438 1252 359 1325 438 376 507 331 513 329 513 1203 381 429 409 434 364 460 429 1278 438 374 510 330 513 329 513,3345 1711 425 414 425 1269 425 414 425 1269 425 414 425 1269 425 414 425 1269 425 414 425 1269 425 414 425 1269 425 1269 425 414 425 1269 425 414 425 1269 425 1269 425 1269 425 1269 425 414 425 414 425 414 425 1269 425 414 425 1269 425 414 425 414 425 1269 425 414 425 414 425 414 425 414 425 1269 425 414 425 1269 425 1269 425 414 425 414 425 414 425 1269 425 414 425 414 425 414 425 1269 425 414 425 414 425 414 425
Sharp_Aquos_JP.ir,Timer,PANASONIC 30 bits 0x555af1485888,2,True,learned fidelity_check (99 timings),PANASONIC 30 bits 0x555af1485888,True,-21.4,23.5,47,3412 1626 464 374 465 1238 440 398 441 1238 440 398 441 1239 440 399 440 1239 440 399 440 1239 440 399 440 1239 440 1240 439 399 440 1239 440 400 439 1240 439 1240 438 1240 439 1239 440 399 440 399 440 399 439 1240 439 399 440 1239 440 400 439 400 439 1239 440 400 439 400 439 400 439 400 439 1239 440 400 439 1240 439 1239 439 400 439 400 439 400 439 1239 440 400 439 400 439 399 440 1239 440 400 439 399 440 400 439,3345 1711 425 414 425 1269 425 414 425 1269 425 414 425 1269 425 414 425 1269 425 414 425 1269 425 414 425 1269 425 1269 425 414 425 1269 425 414 425 1269 425 1269 425 1269 425 1269 425 414 425 414 425 414 425 1269 425 414 425 1269 425 414 425 414 425 1269 425 414 425 414 425 414 425 414 425 1269 425 414 425 1269 425 1269 425 414 425 414 425 414 425 1269 425 414 425 414 425 414 425 1269 425 414 425 414 425 414 425,3368 1714 423 387 416 1300 361 449 413 1303 407 408 429 1308 426 386 414 1301 424 385 416 1301 332 477 365 1351 438 1272 425 386 415 1301 386 424 415 1301 405 1305 425 1259 360 1324 440 378 406 433 429 409 364 1351 439 380 430 1303 425 385 416 427 415 1300 424 386 416 427 415 426 416 411 431 1300 425 386 415 1300 333 1351 440 379 410 428 431 409 380 1333 440 380 432 407 429 410 405 1308 441 379 431 408 406 433 429,3355 1727 403 421 403 1316 403 421 403 1316 403 421 403 1316 403 421 403 1316 403 421 403 1316 403 421 403 1316 403 1316 403 421 403 1316 403 421 403 1316 403 1316 403 1316 403 1316 403 421 403 421 403 421 403 1316 403 421 403 1316 403 421 403 421 403 1316 403 421 403 421 403 421 403 421 403 1316 403 421 403 1316 403 1316 403 421 403 421 403 421 403 1316 403 421 403 421 403 421 403 1316 403 421 403 421 403 421 403
Sharp_Aquos_JP.ir,Alarm,PANASONIC 30 bits 0x555af1489884,1,True,learned fidelity_check (99 timings),PANASONIC 30 bits 0x555af1489884,True,-17.0,14.1,79,3354 1682 413 425 414 1265 414 426 413 1264 415 425 414 1265 414 425 414 1265 414 425 414 1265 414 425 414 1265 414 1265 470 372 467 1209 470 372 467 1209 470 1209 469 1210 413 1265 414 425 414 425 414 425 414 1265 414 425 414 1264 415 424 415 424 415 1264 415 424 415 424 415 424 415 1264 414 425 414 425 414 1265 439 1240 439 400 439 401 438 401 438 1241 438 401 438 401 438 401 438 401 438 1241 438 401 438 401 438,3354 1682 413 425 414 1265 414 426 413 1264 415 425 414 1265 414 425 414 1265 414 425 414 1265 414 425 414 1265 414 1265 470 372 467 1209 470 372 467 1209 470 1209 469 1210 413 1265 414 425 414 425 414 425 414 1265 414 425 414 1264 415 424 415 424 415 1264 415 424 415 424 415 424 415 1264 414 425 414 425 414 1265 439 1240 439 400 439 401 438 401 438 1241 438 401 438 401 438 401 438 401 438 1241 438 401 438 401 438,3364 1691 423 387 415 1301 377 432 365 1325 420 396 441 1269 425 385 416 1300 413 397 363 1327 386 431 478 1231 425 1259 477 333 469 1247 470 340 415 1274 438 1246 478 1206 426 1259 408 402 362 480 390 435 448 1258 425 386 415 1300 425 385 414 428 363 1327 360 457 475 365 413 425 414 1301 424 386 415 427 362 1328 383 1301 438 376 507 332 511 330 512 1204 404 406 433 409 365 478 388 435 433 1275 438 371 513 329 513,3351 1704 410 410 410 1288 410 410 410 1288 410 410 410 1288 410 410 410 1288 410 410 410 1288 410 410 410 1288 410 1288 410 410 410 1288 410 410 410 1288 410 1288 410 1288 410 1288 410 410 410 410 410 410 410 1288 410 410 410 1288 410 410 410 410 410 1288 410 410 410 410 410 410 410 1288 410 410 410 410 410 1288 410 1288 410 410 410 410 410 410 410 1288 410 410 410 410 410 410 410 410 410 1288 410 410 410 410 410
Sharp_Aquos_JP.ir,Alarm,PANASONIC 30 bits 0x555af1489884,2,True,learned fidelity_check (99 timings),UNKNOWN,False,-3.1,1.2,117,3354 1682 413 425 414 1265 414 426 413 1264 415 425 414 1265 414 425 414 1265 414 425 414 1265 414 425 414 1265 414 1265 470 372 467 1209 470 372 467 1209 470 1209 469 1210 413 1265 414 425 414 425 414 425 414 1265 414 425 414 1264 415 424 415 424 415 1264 415 424 415 424 415 424 415 1264 414 425 414 425 414 1265 439 1240 439 400 439 401 438 401 438 1241 438 401 438 401 438 401 438 401 438 1241 438 401 438 401 438,3351 1704 410 410 410 1288 410 410 410 1288 410 410 410 1288 410 410 410 1288 410 410 410 1288 410 410 410 1288 410 1288 410 410 410 1288 410 410 410 1288 410 1288 410 1288 410 1288 410 410 410 410 410 410 410 1288 410 410 410 1288 410 410 410 410 410 1288 410 410 410 410 410 410 410 1288 410 410 410 410 410 1288 410 1288 410 410 410 410 410 410 410 1288 410 410 410 410 410 410 410 410 410 1288 410 410 410 410 410,3397 1680 423 387 431 1285 426 364 440 1297 352 431 414 1302 423 387 393 1323 424 368 478 1257 381 402 416 1326 357 1327 424 365 443 1294 353 431 415 1301 423 1287 425 1286 357 1326 425 365 439 381 476 356 426 1290 424 366 442 1294 376 408 415 403 413 1327 306 478 362 453 416 403 413 1326 306 478 362 453 416 1301 412 1297 425 365 439 381 476 356 427 1289 425 366 441 378 476 355 425 391 362 1354 425 370 475 356 412,3384 1693 411 394 411 1314 411 394 411 1314 411 394 411 1314 411 394 411 1314 411 394 411 1314 411 394 411 1314 411 1314 411 394 411 1314 411 394 411 1314 411 1314 411 1314 411 1314 411 394 411 394 411 394 411 1314 411 394 411 1314 411 394 411 394 411 1314 293 394 411 394 411 394 411 1314 293 394 411 394 411 1314 411 1314 411 394 411 394 411 394 411 1314 411 394 411 394 411 394 411 394 411 1314 411 394 411 394 411
Sony_RMT_TX200U.ir,Center,SONY 0 bits 0xa70,1,True,learned fidelity_check (155 timings),SONY 0 bits 0xa70,True,-3.1,11.7,85,2549 455 1349 455 744 458 1348 455 745 457 746 456 1349 455 1295 508 1350 454 745 457 744 458 692 510 745 25084 2551 426 1323 508 743 458 1296 508 745 458 691 485 1373 429 1322 508 1295 509 691 483 719 510 692 483 719 25136 2552 453 1296 508 744 431 1323 480 772 432 718 510 1295 508 1295 508 1296 481 719 510 745 457 692 510 692 25160 2580 425 1324 508 745 456 1296 481 771 458 692 484 1322 508 1295 508 1296 509 691 510 692 510 692 510 692 25188 2499 478 1323 508 692 510 1295 508 692 511 691 510 1296 508 1295 481 1322 508 692 510 746 456 692 485 717 25187 2552 425 1324 508 692 482 1323 508 692 510 692 510 1296 508 1295 482 1321 508 692 484 718 510 691 511 691,2549 455 1349 455 744 458 1348 455 745 457 746 456 1349 455 1295 508 1350 454 745 457 744 458 692 510 745 25084 2551 426 1323 508 743 458 1296 508 745 458 691 485 1373 429 1322 508 1295 509 691 483 719 510 692 483 719 25136 2552 453 1296 508 744 431 1323 480 772 432 718 510 1295 508 1295 508 1296 481 719 510 745 457 692 510 692 25160 2580 425 1324 508 745 456 1296 481 771 458 692 484 1322 508 1295 508 1296 509 691 510 692 510 692 510 692 25188 2499 478 1323 508 692 510 1295 508 692 511 691 510 1296 508 1295 481 1322 508 692 510 746 456 692 485 717 25187 2552 425 1324 508 692 482 1323 508 692 510 692 510 1296 508 1295 482 1321 508 692 484 718 510 691 511 691,2481 530 1407 383 725 485 1406 389 786 418 724 487 1406 386 1254 558 1407 388 786 419 680 530 679 513 750 25082 2584 389 1329 512 732 460 1372 436 680 530 680 485 1380 429 1310 512 1373 436 650 534 776 439 738 441 735 25131 2578 421 1355 440 785 393 1259 541 844 359 700 534 1353 445 1372 434 1323 451 791 438 784 423 653 559 678 25161 2604 399 1397 440 704 508 1353 409 705 532 678 489 1327 505 1373 443 1354 435 673 537 678 515 696 507 698 25193 2529 443 1310 515 696 506 1259 556 679 512 729 474 1291 525 1354 409 1259 584 678 510 796 409 628 556 776 25121 2546 427 1369 468 628 556 1311 505 700 510 678 517 1370 435 1286 503 1310 505 698 486 776 445 694 508 696,2565 498 1341 498 687 498 1341 498 687 498 687 498 1341 498 1341 498 1341 498 687 498 687 498 687 498 687 25144 2565 498 1341 498 687 498 1341 498 687 498 687 498 1341 498 1341 498 1341 498 687 498 687 498 687 498 687 25144 2565 498 1341 498 687 498 1341 498 687 498 687 498 1341 498 1341 498 1341 498 687 498 687 498 687 498 687 25144 2565 498 1341 498 687 498 1341 498 687 498 687 498 1341 498 1341 498 1341 498 687 498 687 498 687 498 687 25144 2565 498 1341 498 687 498 1341 498 687 498 687 498 1341 498 1341 498 1341 498 687 498 687 498 687 498 687 25144 2565 498 1341 498 687 498 1341 498 687 498 687 498 1341 498 1341 498 1341 498 687 498 687 498 687 498 687
Sony_RMT_TX200U.ir,Center,SONY 0 bits 0xa70,2,True,learned fidelity_check (155 timings),SONY 0 bits 0xa70,True,10.5,20.6,53,2549 455 1349 455 744 458 1348 455 745 457 746 456 1349 455 1295 508 1350 454 745 457 744 458 692 510 745 25084 2551 426 1323 508 743 458 1296 508 745 458 691 485 1373 429 1322 508 1295 509 691 483 719 510 692 483 719 25136 2552 453 1296 508 744 431 1323 480 772 432 718 510 1295 508 1295 508 1296 481 719 510 745 457 692 510 692 25160 2580 425 1324 508 745 456 1296 481 771 458 692 484 1322 508 1295 508 1296 509 691 510 692 510 692 510 692 25188 2499 478 1323 508 692 510 1295 508 692 511 691 510 1296 508 1295 481 1322 508 692 510 746 456 692 485 717 25187 2552 425 1324 508 692 482 1323 508 692 510 692 510 1296 508 1295 482 1321 508 692 484 718 510 691 511 691,2565 498 1341 498 687 498 1341 498 687 498 687 498 1341 498 1341 498 1341 498 687 498 687 498 687 498 687 25144 2565 498 1341 498 687 498 1341 498 687 498 687 498 1341 498 1341 498 1341 498 687 498 687 498 687 498 687 25144 2565 498 1341 498 687 498 1341 498 687 498 687 498 1341 498 1341 498 1341 498 687 498 687 498 687 498 687 25144 2565 498 1341 498 687 498 1341 498 687 498 687 498 1341 498 1341 498 1341 498 687 498 687 498 687 498 687 25144 2565 498 1341 498 687 498 1341 498 687 498 687 498 1341 498 1341 498 1341 498 687 498 687 498 687 498 687 25144 2565 498 1341 498 687 498 1341 498 687 498 687 498 1341 498 1341 498 1341 498 687 498 687 498 687 498 687,2493 561 1372 467 627 557 1405 436 676 508 652 533 1406 435 1407 435 1407 435 679 505 678 506 679 505 679 25160 2617 435 1407 435 679 506 1406 435 679 505 679 505 1407 435 1407 435 1407 435 679 505 679 505 679 505 678 25142 2636 435 1407 435 679 505 1407 436 677 506 677 507 1407 435 1368 456 1347 493 668 517 668 516 669 517 691 25142 2603 472 1368 456 693 493 1348 490 669 517 668 517 1346 493 1279 560 1371 467 628 558 626 558 626 560 643 25193 2517 540 1280 560 643 542 1364 474 627 559 625 559 1374 465 1407 435 1407 435 678 506 679 505 679 505 678 25162 2550 501 1407 435 678 506 1408 434 679 505 679 505 1407 435 1407 435 1407 435 678 506 679 505 678 506 679,2590 518 1394 518 665 518 1394 518 665 518 665 518 1394 518 1394 518 1394 518 665 518 665 518 665 518 665 25173 2590 518 1394 518 665 518 1394 518 665 518 665 518 1394 518 1394 518 1394 518 665 518 665 518 665 518 665 25173 2590 518 1394 518 665 518 1394 518 665 518 665 518 1394 518 1394 518 1394 518 665 518 665 518 665 518 665 25173 2590 518 1394 518 665 518 1394 518 665 518 665 518 1394 518 1394 518 1394 518 665 518 665 518 665 518 665 25173 2590 518 1394 518 665 518 1394 518 665 518 665 518 1394 518 1394 518 1394 518 665 518 665 518 665 518 665 25173 2590 518 1394 518 665 518 1394 518 665 518 665 518 1394 518 1394 518 1394 518 665 518 665 518 665 518 665
Sony_RMT_TX200U.ir,Down,SONY 0 bits 0xaf0,1,True,learned fidelity_check (129 timings),SONY 0 bits 0xaf0,True,-12.1,3.7,70,2467 509 1292 539 660 517 1288 513 687 514 1291 512 1322 482 1321 484 1319 484 716 485 717 482 719 485 716 24503 2526 481 1319 480 720 509 1296 508 691 483 1322 484 1319 483 1320 481 1321 483 717 486 715 510 691 485 716 24507 2525 479 1322 482 717 484 1322 483 716 510 1295 482 1321 483 1320 484 1319 509 691 486 716 484 717 511 690 24573 2499 480 1321 483 716 484 1321 508 691 486 1319 483 1320 509 1294 484 1319 483 716 487 715 512 689 513 688 24550 2525 481 1320 483 716 486 1320 509 690 512 1293 510 1293 485 1318 511 1291 512 688 515 637 565 637 565 637,2467 509 1292 539 660 517 1288 513 687 514 1291 512 1322 482 1321 484 1319 484 716 485 717 482 719 485 716 24503 2526 481 1319 480 720 509 1296 508 691 483 1322 484 1319 483 1320 481 1321 483 717 486 715 510 691 485 716 24507 2525 479 1322 482 717 484 1322 483 716 510 1295 482 1321 483 1320 484 1319 509 691 486 716 484 717 511 690 24573 2499 480 1321 483 716 484 1321 508 691 486 1319 483 1320 509 1294 484 1319 483 716 487 715 512 689 513 688 24550 2525 481 1320 483 716 486 1320 509 690 512 1293 510 1293 485 1318 511 1291 512 688 515 637 565 637 565 637,2416 557 1354 466 596 583 1355 444 692 509 1351 464 1311 481 1301 512 1311 483 698 508 746 449 791 413 674 24558 2553 444 1309 487 764 465 1261 555 679 483 1356 456 1310 486 1325 483 1311 485 792 412 710 527 678 485 727 24501 2553 446 1279 537 776 413 1358 453 774 447 1370 408 1259 557 1310 480 1259 582 680 484 756 448 743 494 679 24583 2527 444 1285 532 775 408 1278 564 679 486 1300 508 1310 513 1334 448 1311 487 793 409 682 554 680 514 695 24560 2548 447 1310 486 793 410 1260 583 678 510 1228 583 1355 415 1299 536 1354 443 669 533 576 635 626 568 642,2535 498 1297 498 682 498 1297 498 682 498 1297 498 1297 498 1297 498 1297 498 682 498 682 498 682 498 682 24573 2535 498 1297 498 682 498 1297 498 682 498 1297 498 1297 498 1297 498 1297 498 682 498 682 498 682 498 682 24573 2535 498 1297 498 682 498 1297 498 682 498 1297 498 1297 498 1297 498 1297 498 682 498 682 498 682 498 682 24573 2535 498 1297 498 682 498 1297 498 682 498 1297 498 1297 498 1297 498 1297 498 682 498 682 498 682 498 682 24573 2535 498 1297 498 682 498 1297 498 682 498 1297 498 1297 498 1297 498 1297 498 682 498 682 498 682 498 682
Sony_RMT_TX200U.ir,Down,SONY 0 bits 0xaf0,2,True,learned fidelity_check (129 timings),SONY 0 bits 0xaf0,True,10.4,21.7,47,2467 509 1292 539 660 517 1288 513 687 514 1291 512 1322 482 1321 484 1319 484 716 485 717 482 719 485 716 24503 2526 481 1319 480 720 509 1296 508 691 483 1322 484 1319 483 1320 481 1321 483 717 486 715 510 691 485 716 24507 2525 479 1322 482 717 484 1322 483 716 510 1295 482 1321 483 1320 484 1319 509 691 486 716 484 717 511 690 24573 2499 480 1321 483 716 484 1321 508 691 486 1319 483 1320 509 1294 484 1319 483 716 487 715 512 689 513 688 24550 2525 481 1320 483 716 486 1320 509 690 512 1293 510 1293 485 1318 511 1291 512 688 515 637 565 637 565 637,2535 498 1297 498 682 498 1297 498 682 498 1297 498 1297 498 1297 498 1297 498 682 498 682 498 682 498 682 24573 2535 498 1297 498 682 498 1297 498 682 498 1297 498 1297 498 1297 498 1297 498 682 498 682 498 682 498 682 24573 2535 498 1297 498 682 498 1297 498 682 498 1297 498 1297 498 1297 498 1297 498 682 498 682 498 682 498 682 24573 2535 498 1297 498 682 498 1297 498 682 498 1297 498 1297 498 1297 498 1297 498 682 498 682 498 682 498 682 24573 2535 498 1297 498 682 498 1297 498 682 498 1297 498 1297 498 1297 498 1297 498 682 498 682 498 682 498 682,2521 505 1353 436 679 505 1324 465 679 506 1290 501 1254 541 1373 434 1355 435 679 505 678 507 624 539 649 24607 2542 491 1371 438 674 508 1354 434 679 506 1354 435 1354 435 1261 531 1280 516 617 563 648 531 678 506 678 24584 2549 474 1233 562 649 530 1257 539 647 532 1279 516 1373 435 1354 435 1352 437 679 505 680 504 680 505 650 24613 2517 506 1354 435 678 506 1354 435 679 505 1354 435 1260 534 1278 516 1371 436 678 506 625 539 650 530 675 24585 2488 540 1334 478 624 539 1371 438 650 516 1372 435 1354 436 1327 462 1232 563 648 531 679 504 679 505 679,2508 518 1341 518 665 518 1341 518 665 518 1341 518 1341 518 1341 518 1341 518 665 518 665 518 665 518 665 24620 2508 518 1341 518 665 518 1341 518 665 518 1341 518 1341 518 1341 518 1341 518 665 518 665 518 665 518 665 24620 2508 518 1341 518 665 518 1341 518 665 518 1341 518 1341 518 1341 518 1341 518 665 518 665 518 665 518 665 24620 2508 518 1341 518 665 518 1341 518 665 518 1341 518 1341 518 1341 518 1341 518 665 518 665 518 665 518 665 24620 2508 518 1341 518 665 518 1341 518 665 518 1341 518 1341 518 1341 518 1341 518 665 518 665 518 665 518 665
