file,signal,protocol,generation,learned,status,decoded,same_code,mark_bias_us,space_bias_us,worst_difference_us,original,sent,captured,heard
Fujitsu_AC.ir,POWER,FUJITSU_AC 80 bits 1463001010fe0930610000000000204f,1,True,learned fidelity_check (259 timings),FUJITSU_AC 80 bits 1463001010fe0930610000000000204f,True,-9.4,12.0,76,3302 1644 408 419 410 416 413 1233 405 423 406 1239 409 419 410 417 412 415 414 1232 406 1241 407 419 410 417 412 416 413 1233 405 1241 407 394 435 419 410 417 412 416 413 387 432 422 407 420 409 418 411 416 413 415 404 423 406 421 408 420 409 1237 411 416 413 413 406 422 407 420 409 418 411 417 412 415 414 1232 406 421 408 420 409 418 411 416 413 1232 406 1240 408 1238 410 1236 412 1234 414 1232 406 1240 408 1238 410 417 412 416 413 1233 405 422 407 421 408 419 410 417 412 414 404 397 432 421 408 420 409 1237 411 1234 414 387 432 422 407 1239 409 418 411 416 413 414 405 423 406 1240 408 1237 411 417 412 415 414 414 405 422 407 421 408 418 411 416 413 414 405 423 406 421 408 419 410 417 412 416 413 414 405 422 407 421 408 419 410 416 413 414 405 423 406 421 408 419 410 417 412 416 413 414 404 423 406 421 408 419 410 417 412 414 405 423 406 421 408 419 410 417 412 416 413 414 404 423 406 421 408 419 410 417 412 416 413 413 406 422 407 420 409 418 411 416 413 1233 405 422 407 421 408 1237 411 1235 413 1206 432 1240 408 420 409 418 411 1235 413 415 414,3302 1644 408 419 410 416 413 1233 405 423 406 1239 409 419 410 417 412 415 414 1232 406 1241 407 419 410 417 412 416 413 1233 405 1241 407 394 435 419 410 417 412 416 413 387 432 422 407 420 409 418 411 416 413 415 404 423 406 421 408 420 409 1237 411 416 413 413 406 422 407 420 409 418 411 417 412 415 414 1232 406 421 408 420 409 418 411 416 413 1232 406 1240 408 1238 410 1236 412 1234 414 1232 406 1240 408 1238 410 417 412 416 413 1233 405 422 407 421 408 419 410 417 412 414 404 397 432 421 408 420 409 1237 411 1234 414 387 432 422 407 1239 409 418 411 416 413 414 405 423 406 1240 408 1237 411 417 412 415 414 414 405 422 407 421 408 418 411 416 413 414 405 423 406 421 408 419 410 417 412 416 413 414 405 422 407 421 408 419 410 416 413 414 405 423 406 421 408 419 410 417 412 416 413 414 404 423 406 421 408 419 410 417 412 414 405 423 406 421 408 419 410 417 412 416 413 414 404 423 406 421 408 419 410 417 412 416 413 413 406 422 407 420 409 418 411 416 413 1233 405 422 407 421 408 1237 411 1235 413 1206 432 1240 408 420 409 418 411 1235 413 415 414,3287 1691 359 424 416 410 448 1231 353 443 475 1203 418 376 476 356 414 408 448 1235 326 1305 426 385 363 458 443 393 363 1300 425 1233 327 437 467 395 362 457 413 426 363 426 474 395 460 355 388 436 479 355 388 433 442 395 431 386 414 426 431 1232 425 386 365 450 364 462 476 356 362 460 448 387 364 456 413 1272 332 456 413 426 420 396 415 427 395 1267 384 1274 360 1272 424 1233 353 1279 425 1232 307 1325 424 1234 414 377 479 355 412 1251 425 385 366 456 442 394 365 453 414 426 460 329 437 414 478 355 363 1301 425 1232 426 340 434 426 365 1298 427 384 362 458 438 400 458 359 414 1273 307 1325 426 384 363 454 414 427 460 355 388 455 459 356 388 434 447 389 432 387 413 425 431 385 415 428 429 385 416 420 467 355 366 456 443 393 365 452 415 426 460 356 362 463 477 355 388 434 445 391 387 432 411 428 459 356 416 427 458 357 415 407 446 390 420 399 413 425 396 420 416 426 394 422 363 461 477 357 343 477 440 397 362 456 413 427 460 358 385 438 477 355 388 434 445 1238 307 483 442 394 391 1272 428 1229 425 1181 411 1272 381 412 453 381 363 1300 428 382 416,3277 1701 353 444 415 395 415 1282 353 444 415 1282 415 395 415 395 415 395 415 1282 353 1282 415 395 353 444 415 395 353 1282 415 1282 353 444 415 395 353 444 415 444 353 444 415 395 415 395 415 444 469 395 415 444 415 395 415 395 415 444 415 1282 415 395 353 444 353 444 415 395 353 444 415 395 353 444 415 1282 353 444 415 444 415 395 415 444 415 1282 415 1282 353 1282 415 1282 353 1282 415 1282 353 1282 415 1282 415 395 469 395 415 1282 415 395 353 444 415 395 353 444 415 444 415 395 415 444 469 395 353 1282 415 1282 415 395 415 444 353 1282 415 395 353 444 415 395 415 395 415 1282 353 1282 415 395 353 444 415 444 415 395 415 444 415 395 415 444 415 395 415 395 415 444 415 395 415 444 415 395 415 444 415 395 353 444 415 395 353 444 415 444 415 395 353 444 415 395 415 444 415 395 415 444 415 444 415 395 415 444 415 395 415 395 415 395 415 395 415 444 415 444 415 444 415 444 353 444 415 395 353 444 415 395 353 444 415 444 415 395 415 444 415 395 415 444 415 1282 353 444 415 395 415 1282 415 1282 415 1282 415 1282 353 395 415 395 353 1282 415 395 415
Fujitsu_AC.ir,Mode_auto,FUJITSU_AC 80 bits 1463001010fe09306000000000002050,1,True,learned fidelity_check (259 timings),UNKNOWN,False,-5.4,3.2,85,3296 1651 412 415 414 414 405 1240 408 420 409 1237 411 416 413 415 414 413 406 1240 408 1238 410 419 410 417 412 415 414 1232 406 1214 434 420 409 418 411 417 412 415 414 413 406 423 406 421 408 419 410 418 411 416 413 414 405 423 406 421 408 1237 411 416 413 415 414 414 405 423 406 421 408 419 410 417 412 1234 414 413 406 422 407 420 409 418 411 1235 413 1233 415 1205 433 1214 434 1212 436 1210 438 1208 440 1207 431 423 406 421 408 1238 410 417 412 415 414 414 405 422 407 420 409 419 410 418 411 416 413 1232 406 1241 407 420 409 418 411 417 412 415 414 413 406 422 407 421 408 1237 411 1235 413 414 415 413 406 422 407 420 409 418 411 416 413 414 405 424 405 422 407 420 409 419 410 417 412 415 414 413 406 422 407 420 409 418 411 416 413 414 405 424 405 422 407 420 409 418 411 416 413 415 404 423 406 421 408 419 410 418 411 416 413 414 405 424 405 422 407 420 409 418 411 416 413 414 405 423 406 421 408 419 410 417 412 415 414 414 405 423 406 421 408 420 409 1236 412 415 414 414 405 422 407 420 409 419 410 417 412 1233 405 424 405 1240 408 420 409,3296 1651 412 415 414 414 405 1240 408 420 409 1237 411 416 413 415 414 413 406 1240 408 1238 410 419 410 417 412 415 414 1232 406 1214 434 420 409 418 411 417 412 415 414 413 406 423 406 421 408 419 410 418 411 416 413 414 405 423 406 421 408 1237 411 416 413 415 414 414 405 423 406 421 408 419 410 417 412 1234 414 413 406 422 407 420 409 418 411 1235 413 1233 415 1205 433 1214 434 1212 436 1210 438 1208 440 1207 431 423 406 421 408 1238 410 417 412 415 414 414 405 422 407 420 409 419 410 418 411 416 413 1232 406 1241 407 420 409 418 411 417 412 415 414 413 406 422 407 421 408 1237 411 1235 413 414 415 413 406 422 407 420 409 418 411 416 413 414 405 424 405 422 407 420 409 419 410 417 412 415 414 413 406 422 407 420 409 418 411 416 413 414 405 424 405 422 407 420 409 418 411 416 413 415 404 423 406 421 408 419 410 418 411 416 413 414 405 424 405 422 407 420 409 418 411 416 413 414 405 423 406 421 408 419 410 417 412 415 414 414 405 423 406 421 408 420 409 1236 412 415 414 414 405 422 407 420 409 419 410 417 412 1233 405 424 405 1240 408 420 409,3302 1671 423 387 362 455 387 1301 358 427 414 1274 306 479 415 427 364 451 363 1301 423 1234 424 386 424 392 415 412 436 1242 381 1250 423 388 415 427 458 357 416 408 475 359 393 429 447 389 391 428 412 426 391 425 416 427 459 356 362 462 477 1203 419 373 479 356 414 407 443 393 427 392 413 427 422 393 416 1274 327 456 386 457 459 356 387 436 479 1203 425 1206 361 1271 406 1252 420 1211 438 1220 355 1276 438 1219 355 463 478 356 367 1297 425 385 363 456 413 426 460 356 414 428 460 355 416 410 475 357 416 1247 425 1232 384 410 477 356 387 435 449 386 388 431 413 426 433 384 414 1274 306 1325 427 384 363 453 388 454 460 356 412 412 478 355 412 410 441 395 426 393 413 425 424 393 414 428 421 394 415 409 478 355 363 459 444 392 362 456 413 427 460 356 388 454 460 355 389 435 478 356 388 433 442 394 432 386 414 426 430 386 415 412 442 388 365 460 478 355 364 457 441 396 363 454 415 426 460 355 364 462 476 356 387 435 447 389 387 432 412 426 433 384 415 426 432 1231 427 384 390 425 363 462 477 356 363 459 449 386 364 1299 441 370 427 1236 427 383 364,3292 1681 410 403 353 467 410 1260 353 403 410 1260 353 467 410 403 353 467 353 1260 410 1260 410 403 410 403 410 403 410 1260 410 1260 410 403 410 403 410 403 410 403 468 403 410 403 410 403 410 403 410 403 410 403 410 403 410 403 353 467 468 1260 410 403 468 403 410 403 410 403 410 403 410 403 410 403 410 1260 353 467 410 467 410 403 410 403 468 1260 410 1260 353 1260 410 1260 410 1260 410 1260 353 1260 410 1260 353 467 468 403 353 1260 410 403 353 467 410 403 410 403 410 403 410 403 410 403 468 403 410 1260 410 1260 410 403 468 403 410 403 410 403 410 403 410 403 410 403 410 1260 353 1260 410 403 353 467 410 467 410 403 410 403 468 403 410 403 410 403 410 403 410 403 410 403 410 403 410 403 410 403 468 403 353 467 410 403 353 467 410 403 410 403 410 467 410 403 410 403 468 403 410 403 410 403 410 403 410 403 410 403 410 403 410 403 353 467 468 403 353 467 410 403 353 467 410 403 410 403 353 467 468 403 410 403 410 403 410 403 410 403 410 403 410 403 410 1260 410 403 410 403 353 467 468 403 353 467 410 403 353 1260 410 403 410 1260 410 403 353
Fujitsu_AC.ir,Eco,FUJITSU_AC 38 bits 146300101009f6,1,True,learned fidelity_check (115 timings),FUJITSU_AC 38 bits 146300101009f6,True,-21.3,23.5,84,3303 1642 411 417 412 415 414 1205 433 421 408 1211 437 417 412 415 414 414 405 1214 434 1213 435 417 412 415 414 414 405 1214 434 1213 435 418 411 416 413 414 405 423 406 420 409 418 411 416 413 414 405 423 406 421 408 419 410 417 412 415 414 1231 407 421 408 418 411 416 413 415 414 413 406 421 408 419 410 1209 439 415 414 413 406 422 407 1212 436 416 413 415 414 1205 433 421 408 419 410 417 412 415 414 413 406 1214 434 1212 436 416 413 1207 431 1215 433 1213 435 1211 437,3303 1642 411 417 412 415 414 1205 433 421 408 1211 437 417 412 415 414 414 405 1214 434 1213 435 417 412 415 414 414 405 1214 434 1213 435 418 411 416 413 414 405 423 406 420 409 418 411 416 413 414 405 423 406 421 408 419 410 417 412 415 414 1231 407 421 408 418 411 416 413 415 414 413 406 421 408 419 410 1209 439 415 414 413 406 422 407 1212 436 416 413 415 414 1205 433 421 408 419 410 417 412 415 414 413 406 1214 434 1212 436 416 413 1207 431 1215 433 1213 435 1211 437,3371 1599 422 388 363 456 413 1246 388 427 412 1246 333 481 413 426 362 454 387 1276 422 1209 439 398 392 423 416 427 459 1177 409 1249 417 393 416 411 444 387 365 458 479 355 365 455 412 426 365 450 363 480 460 356 362 461 479 355 387 433 413 1272 307 481 412 426 395 421 416 427 392 422 363 461 479 355 362 1275 438 399 388 431 412 426 431 1206 439 398 365 450 416 1248 424 386 414 413 475 355 416 408 475 359 424 1213 439 1219 381 434 440 1218 386 1246 438 1219 405 1226 414,3361 1609 406 421 353 468 406 1256 406 421 406 1256 353 468 406 421 353 468 406 1256 406 1256 406 421 406 421 406 421 406 1256 406 1256 406 421 406 421 406 421 353 468 406 421 353 468 406 421 353 468 353 468 406 421 353 468 406 421 406 421 406 1256 353 468 406 421 406 421 406 421 406 421 353 468 406 421 353 1256 406 421 406 421 406 421 406 1256 406 421 353 468 406 1256 406 421 406 421 406 421 406 421 406 421 406 1256 406 1256 353 421 406 1256 406 1256 406 1256 406 1256 406
Fujitsu_AC.ir,Mode_cool,FUJITSU_AC 80 bits 1463001010fe0930600100000000204f,1,True,learned fidelity_check (259 timings),UNKNOWN,False,-14.7,4.8,87,3296 1649 414 414 405 422 407 1239 409 418 411 1234 414 414 405 422 407 420 409 1237 411 1208 440 415 414 413 406 421 408 1238 410 1235 413 415 404 423 406 421 408 419 410 417 412 416 413 415 404 423 406 421 408 419 410 417 412 415 414 413 406 1240 408 419 410 417 412 415 414 413 406 422 407 420 409 418 411 1234 414 413 406 422 407 420 409 418 411 1234 414 1233 405 1241 407 1238 410 1210 438 1207 431 1215 433 1240 408 419 410 418 411 1234 414 413 406 422 407 420 409 418 411 416 413 414 405 424 405 422 407 1238 410 1235 413 414 415 387 432 421 408 419 410 417 412 415 414 415 404 1241 407 1238 410 418 411 1234 414 413 406 422 407 420 409 418 411 417 412 415 414 413 406 421 408 419 410 417 412 415 414 413 406 422 407 420 409 418 411 416 413 415 404 423 406 421 408 419 410 417 412 415 414 413 406 421 408 419 410 417 412 415 414 413 406 422 407 420 409 418 411 416 413 414 405 423 406 420 409 418 411 416 413 414 405 423 406 420 409 419 410 417 412 415 414 413 406 1240 408 419 410 417 412 1233 405 1241 407 1213 435 1211 437 416 413 415 414 1231 407 421 408,3296 1649 414 414 405 422 407 1239 409 418 411 1234 414 414 405 422 407 420 409 1237 411 1208 440 415 414 413 406 421 408 1238 410 1235 413 415 404 423 406 421 408 419 410 417 412 416 413 415 404 423 406 421 408 419 410 417 412 415 414 413 406 1240 408 419 410 417 412 415 414 413 406 422 407 420 409 418 411 1234 414 413 406 422 407 420 409 418 411 1234 414 1233 405 1241 407 1238 410 1210 438 1207 431 1215 433 1240 408 419 410 418 411 1234 414 413 406 422 407 420 409 418 411 416 413 414 405 424 405 422 407 1238 410 1235 413 414 415 387 432 421 408 419 410 417 412 415 414 415 404 1241 407 1238 410 418 411 1234 414 413 406 422 407 420 409 418 411 417 412 415 414 413 406 421 408 419 410 417 412 415 414 413 406 422 407 420 409 418 411 416 413 415 404 423 406 421 408 419 410 417 412 415 414 413 406 421 408 419 410 417 412 415 414 413 406 422 407 420 409 418 411 416 413 414 405 423 406 420 409 418 411 416 413 414 405 423 406 420 409 419 410 417 412 415 414 413 406 1240 408 419 410 417 412 1233 405 1241 407 1213 435 1211 437 416 413 415 414 1231 407 421 408,3283 1693 422 368 450 385 396 1267 426 385 363 1300 425 385 458 360 413 427 456 1207 425 1206 356 458 412 427 460 355 413 1277 357 1274 426 385 460 355 363 462 478 355 363 458 443 394 363 456 413 426 459 356 415 427 459 357 415 408 477 357 395 1268 425 386 362 457 413 425 363 453 388 454 460 356 388 436 478 1203 424 367 479 356 365 455 438 399 366 1298 424 1233 333 1299 424 1234 379 1226 413 1244 332 1300 439 1244 425 386 458 358 415 1248 360 450 362 462 478 355 363 458 440 397 363 454 387 454 460 355 390 1300 358 1273 425 386 364 425 439 412 478 355 362 459 443 394 363 457 412 1273 331 1300 425 385 362 1301 425 386 458 359 414 427 457 358 416 411 472 359 415 407 449 386 392 427 413 426 367 449 415 412 475 355 363 461 479 355 363 457 413 425 460 357 413 428 460 355 416 409 476 357 416 405 441 396 420 398 413 427 394 421 416 409 477 356 362 460 450 385 364 455 413 426 460 356 388 439 475 356 389 433 475 360 430 390 414 424 427 389 415 427 425 390 416 408 478 1203 381 411 479 355 386 1277 449 1209 351 1253 415 1243 413 408 447 385 416 1247 451 360 362,3273 1703 417 396 417 396 353 1277 417 396 353 1277 417 396 417 396 417 396 417 1277 417 1277 353 467 417 396 417 396 417 1277 353 1277 417 396 417 396 353 467 417 396 353 467 417 396 353 467 417 396 417 396 417 396 417 396 417 396 417 396 353 1277 417 396 353 467 417 396 353 467 353 467 417 396 353 396 417 1277 417 396 417 396 353 467 417 396 353 1277 417 1277 353 1277 417 1277 353 1277 417 1277 353 1277 417 1277 417 396 417 396 417 1277 353 467 353 467 417 396 353 467 417 396 353 467 353 467 417 396 353 1277 353 1277 417 396 353 396 417 396 417 396 353 467 417 396 353 467 417 1277 353 1277 417 396 353 1277 417 396 417 396 417 396 417 396 417 396 417 396 417 396 417 396 353 396 417 396 353 467 417 396 417 396 353 467 417 396 353 467 417 396 417 396 417 396 417 396 417 396 417 396 417 396 417 396 417 396 417 396 353 396 417 396 417 396 353 467 417 396 353 467 417 396 417 396 353 396 417 396 353 396 417 396 417 396 417 396 417 396 417 396 417 396 417 396 417 1277 353 396 417 396 353 1277 417 1277 353 1277 417 1277 417 396 417 396 417 1277 417 396 353
GREE_YAPOF.ir,Power_on,GREE 40 bits 7b09205010400030,1,True,learned fidelity_check (279 timings),GREE 40 bits 7b09205010400030,True,-9.6,16.9,105,8997 4543 627 1660 627 1659 627 582 627 1660 627 1659 628 1659 628 1684 629 555 628 1659 628 554 629 581 628 1659 628 555 628 582 627 555 628 554 628 581 628 554 628 554 629 581 628 554 628 1659 628 581 628 554 629 554 628 581 628 554 629 554 629 1659 628 581 628 1658 629 554 629 581 628 1659 628 554 629 20037 628 555 628 581 628 554 629 554 629 1659 628 581 628 555 628 554 629 580 629 554 629 556 627 580 629 553 630 556 626 1690 623 554 629 554 629 582 627 555 628 554 628 581 628 556 627 556 627 581 628 555 628 555 628 580 629 554 629 1660 627 1659 628 580 629 555 628 40020 8996 4518 626 1686 627 1659 628 556 627 1658 629 1687 626 1660 627 1661 626 555 627 1685 628 555 628 556 627 1686 627 555 627 555 627 583 652 529 654 530 653 555 654 530 653 530 653 555 654 1633 654 529 654 555 628 556 653 529 654 555 628 556 653 1633 654 1633 654 1660 653 528 655 530 653 1634 652 555 654 19985 653 556 653 529 653 529 653 555 654 529 653 529 654 556 653 530 653 529 653 557 652 529 654 529 654 556 653 530 652 530 653 556 653 529 654 530 653 557 652 528 654 530 653 555 654 1634 653 1634 653 529 654 556 653 529 654 530 653 556 653 1634 653 529 654 1661 652,8997 4543 627 1660 627 1659 627 582 627 1660 627 1659 628 1659 628 1684 629 555 628 1659 628 554 629 581 628 1659 628 555 628 582 627 555 628 554 628 581 628 554 628 554 629 581 628 554 628 1659 628 581 628 554 629 554 628 581 628 554 629 554 629 1659 628 581 628 1658 629 554 629 581 628 1659 628 554 629 20037 628 555 628 581 628 554 629 554 629 1659 628 581 628 555 628 554 629 580 629 554 629 556 627 580 629 553 630 556 626 1690 623 554 629 554 629 582 627 555 628 554 628 581 628 556 627 556 627 581 628 555 628 555 628 580 629 554 629 1660 627 1659 628 580 629 555 628 40020 8996 4518 626 1686 627 1659 628 556 627 1658 629 1687 626 1660 627 1661 626 555 627 1685 628 555 628 556 627 1686 627 555 627 555 627 583 652 529 654 530 653 555 654 530 653 530 653 555 654 1633 654 529 654 555 628 556 653 529 654 555 628 556 653 1633 654 1633 654 1660 653 528 655 530 653 1634 652 555 654 19985 653 556 653 529 653 529 653 555 654 529 653 529 654 556 653 530 653 529 653 557 652 529 654 529 654 556 653 530 652 530 653 556 653 529 654 530 653 557 652 528 654 530 653 555 654 1634 653 1634 653 529 654 556 653 529 654 530 653 556 653 1634 653 529 654 1661 652,9026 4526 624 1694 588 1676 542 645 620 1692 623 1666 631 1659 632 1683 633 519 627 1694 634 518 627 584 625 1696 633 519 625 585 599 586 597 587 572 623 563 618 619 563 596 614 624 558 622 1695 633 546 626 558 626 558 626 584 626 558 626 558 627 1694 635 544 626 1695 594 559 573 637 572 1722 543 617 597 20080 657 525 626 584 624 560 599 585 597 1698 565 623 565 618 593 590 621 588 619 563 620 565 650 558 625 556 627 559 624 1721 662 490 627 558 626 584 626 558 626 558 626 585 624 559 599 585 598 613 573 612 572 595 564 644 596 587 620 1694 631 1658 663 517 625 559 625 40028 9026 4498 548 1772 601 1688 635 523 625 1690 665 1650 666 1623 666 1623 666 488 626 1720 666 487 624 561 598 1747 591 564 548 618 620 591 592 588 652 532 655 553 719 465 719 464 721 487 723 1597 623 530 722 489 626 558 722 462 722 489 625 559 720 1599 594 1669 643 1672 591 571 593 592 593 1718 620 563 695 19959 596 614 618 549 590 591 595 614 654 529 691 491 695 514 697 486 698 486 697 512 699 486 698 486 699 511 698 487 698 486 692 518 656 529 652 531 646 564 620 547 592 593 591 617 593 1697 642 1645 653 527 690 520 688 495 663 521 687 524 684 1606 653 530 685 1631 657,9016 4536 614 1700 614 1700 614 603 614 1700 614 1700 614 1700 614 1700 614 540 614 1700 614 540 614 603 614 1700 614 540 614 603 614 603 614 603 614 603 614 603 614 540 614 603 614 540 614 1700 614 540 614 540 614 540 614 603 614 540 614 540 614 1700 614 540 614 1700 614 540 614 603 614 1700 614 603 614 20090 614 540 614 603 614 540 614 603 614 1700 614 603 614 603 614 603 614 603 614 540 614 540 614 540 614 540 614 540 614 1700 614 540 614 540 614 603 614 540 614 540 614 603 614 540 614 603 614 603 614 603 614 603 614 603 614 603 614 1700 614 1700 614 540 614 540 614 40038 9016 4536 614 1700 614 1700 614 540 614 1700 614 1700 614 1700 614 1700 614 540 614 1700 614 540 614 540 614 1700 614 540 614 603 614 603 614 603 614 540 614 540 688 540 688 540 688 540 688 1700 614 540 688 540 614 540 688 540 688 540 614 540 688 1700 614 1700 614 1700 614 540 614 603 614 1700 614 540 688 20090 614 603 614 540 614 603 614 603 614 540 688 540 688 540 688 540 688 540 688 540 688 540 688 540 688 540 688 540 688 540 688 540 614 540 614 540 614 540 614 540 614 603 614 603 614 1700 614 1700 614 540 688 540 688 540 614 540 688 540 688 1700 614 540 688 1700 614
GREE_YAPOF.ir,Off,GREE 40 bits 73092050104000b0,1,True,learned fidelity_check (279 timings),TECO 23 bits 0x250200973,False,-10.7,17.1,92,8995 4545 627 1658 629 1660 627 581 628 554 629 1660 627 1659 628 1685 628 555 628 1659 628 581 628 554 629 1660 627 554 629 581 628 555 628 554 629 581 628 555 628 555 628 581 628 555 628 1660 627 581 628 554 629 555 627 581 628 554 628 556 627 1686 627 555 627 1660 627 557 626 581 628 1658 629 555 628 20037 627 555 628 581 628 555 628 556 627 1687 626 556 627 555 628 582 627 556 627 556 626 582 627 555 628 557 626 581 628 1659 628 555 628 555 628 581 628 554 628 556 627 584 625 556 626 556 627 582 627 557 625 555 627 582 627 555 627 1661 625 1686 627 556 653 1632 655 39992 8996 4518 650 1660 653 1635 627 556 627 583 625 1660 628 1661 626 1660 627 581 628 1658 629 557 625 557 626 1686 627 556 627 555 628 582 627 556 627 556 627 582 627 555 628 557 626 582 627 1661 626 557 626 583 626 556 627 556 627 581 628 556 627 1661 626 1660 627 1687 626 555 628 556 627 1688 625 557 626 20012 626 581 628 556 627 556 626 583 626 556 626 556 627 583 626 556 627 557 626 582 627 555 628 556 627 582 627 556 627 556 627 583 626 556 626 556 627 584 625 556 627 556 627 581 628 1661 626 1661 626 582 627 556 627 555 628 583 626 557 625 1660 627 557 626 583 626,8995 4545 627 1658 629 1660 627 581 628 554 629 1660 627 1659 628 1685 628 555 628 1659 628 581 628 554 629 1660 627 554 629 581 628 555 628 554 629 581 628 555 628 555 628 581 628 555 628 1660 627 581 628 554 629 555 627 581 628 554 628 556 627 1686 627 555 627 1660 627 557 626 581 628 1658 629 555 628 20037 627 555 628 581 628 555 628 556 627 1687 626 556 627 555 628 582 627 556 627 556 626 582 627 555 628 557 626 581 628 1659 628 555 628 555 628 581 628 554 628 556 627 584 625 556 626 556 627 582 627 557 625 555 627 582 627 555 627 1661 625 1686 627 556 653 1632 655 39992 8996 4518 650 1660 653 1635 627 556 627 583 625 1660 628 1661 626 1660 627 581 628 1658 629 557 625 557 626 1686 627 556 627 555 628 582 627 556 627 556 627 582 627 555 628 557 626 582 627 1661 626 557 626 583 626 556 627 556 627 581 628 556 627 1661 626 1660 627 1687 626 555 628 556 627 1688 625 557 626 20012 626 581 628 556 627 556 626 583 626 556 626 556 627 583 626 556 627 557 626 582 627 555 628 556 627 582 627 556 627 556 627 583 626 556 626 556 627 584 625 556 627 556 627 581 628 1661 626 1661 626 582 627 556 627 555 628 583 626 557 625 1660 627 557 626 583 626,9020 4524 658 1636 616 1673 566 623 564 618 594 1718 598 1692 630 1685 661 493 625 1695 660 518 627 557 626 1695 660 493 626 584 626 558 626 558 626 584 599 585 598 587 572 639 571 596 564 1746 574 612 624 558 620 564 624 585 623 558 627 557 626 1721 664 488 627 1694 663 490 626 584 626 1694 624 529 573 20085 659 523 627 583 626 558 626 558 626 1721 628 525 597 588 572 639 559 624 548 620 619 588 653 529 624 561 654 554 623 1693 665 488 626 558 627 583 627 558 626 558 626 584 627 557 626 558 625 586 599 584 574 611 548 646 592 590 625 1686 612 1704 641 514 696 1620 624 40002 9038 4468 644 1694 623 1665 641 513 627 583 631 1688 642 1622 667 1621 668 539 624 1666 572 611 548 636 548 1771 601 562 627 554 625 586 626 557 628 555 627 582 630 552 629 555 631 579 631 1660 668 514 631 581 632 551 631 553 631 580 625 558 622 1669 619 1669 548 1769 603 560 625 559 629 1687 663 518 654 19997 548 664 574 592 619 563 652 559 656 526 656 525 654 557 655 527 657 527 658 554 657 526 657 528 661 549 662 522 663 521 666 545 665 519 653 530 623 588 616 564 575 610 575 635 578 1695 653 1634 662 546 657 527 651 531 624 587 623 565 619 1665 627 557 651 559 653,9028 4534 616 1698 616 1698 616 646 616 646 616 1698 616 1698 616 1698 616 568 616 1698 616 568 616 568 616 1698 616 568 616 568 616 568 616 568 616 568 616 568 616 568 616 646 616 568 616 1698 616 568 616 568 616 568 616 568 616 568 616 568 616 1698 616 568 616 1698 616 568 616 568 616 1698 616 568 616 20095 616 568 616 568 616 568 616 568 616 1698 616 568 616 568 616 646 616 646 616 646 616 568 616 568 616 568 616 568 616 1698 616 568 616 568 616 568 616 568 616 568 616 568 616 568 616 568 616 568 616 568 616 568 616 646 616 568 616 1698 616 1698 616 568 686 1698 616 40012 9028 4534 616 1698 616 1698 616 568 616 568 616 1698 616 1698 616 1698 616 568 616 1698 616 568 616 646 616 1698 616 568 616 568 616 568 616 568 616 568 616 568 616 568 616 568 616 568 616 1698 616 568 616 568 616 568 616 568 616 568 616 568 616 1698 616 1698 616 1698 616 568 616 568 616 1698 616 568 616 20095 616 646 616 568 616 568 616 568 616 568 616 568 616 568 616 568 616 568 616 568 616 568 616 568 616 568 616 568 616 568 616 568 616 568 616 568 616 568 616 568 616 568 616 646 616 1698 616 1698 616 568 616 568 616 568 616 568 616 568 616 1698 616 568 616 568 616
GREE_YAPOF.ir,Auto,GREE 40 bits 38092050004000f0,1,True,learned fidelity_check (279 timings),TECO 23 bits 0x250200938,False,-11.3,16.1,90,8995 4545 626 554 628 555 627 581 628 1661 625 1659 628 1660 626 581 628 555 627 1660 627 581 628 556 626 1661 625 582 627 556 626 555 627 581 628 555 627 555 628 582 627 556 626 555 627 1687 626 555 628 554 629 581 628 555 627 555 627 581 628 1659 628 555 628 1660 626 581 628 556 627 1659 627 580 629 20008 627 555 628 582 627 556 627 555 627 581 628 556 627 554 628 581 628 557 625 556 626 582 627 555 627 557 626 581 627 1661 626 556 626 582 627 555 627 556 626 581 628 556 626 555 628 581 628 556 627 555 627 583 626 556 626 556 627 1685 628 1659 628 1659 628 1659 628 40017 8992 4544 626 556 626 555 627 582 627 1660 627 1660 626 1660 626 581 628 556 626 1658 629 582 601 582 627 1660 626 556 627 583 626 556 627 556 626 582 627 555 627 555 627 581 628 556 626 1660 627 582 627 555 627 554 629 582 627 555 627 556 626 1687 626 1660 627 1660 627 555 627 582 627 1659 627 555 628 20036 627 556 626 554 628 582 627 555 627 556 627 581 628 556 626 554 628 584 625 557 626 556 627 582 627 555 628 556 626 582 627 556 626 554 629 582 627 556 626 556 626 1685 628 1659 628 556 627 1685 628 555 628 555 627 582 627 556 627 555 627 1661 626 1685 628 556 627,8995 4545 626 554 628 555 627 581 628 1661 625 1659 628 1660 626 581 628 555 627 1660 627 581 628 556 626 1661 625 582 627 556 626 555 627 581 628 555 627 555 628 582 627 556 626 555 627 1687 626 555 628 554 629 581 628 555 627 555 627 581 628 1659 628 555 628 1660 626 581 628 556 627 1659 627 580 629 20008 627 555 628 582 627 556 627 555 627 581 628 556 627 554 628 581 628 557 625 556 626 582 627 555 627 557 626 581 627 1661 626 556 626 582 627 555 627 556 626 581 628 556 626 555 628 581 628 556 627 555 627 583 626 556 626 556 627 1685 628 1659 628 1659 628 1659 628 40017 8992 4544 626 556 626 555 627 582 627 1660 627 1660 626 1660 626 581 628 556 626 1658 629 582 601 582 627 1660 626 556 627 583 626 556 627 556 626 582 627 555 627 555 627 581 628 556 626 1660 627 582 627 555 627 554 629 582 627 555 627 556 626 1687 626 1660 627 1660 627 555 627 582 627 1659 627 555 628 20036 627 556 626 554 628 582 627 555 627 556 627 581 628 556 626 554 628 584 625 557 626 556 627 582 627 555 628 556 626 582 627 556 626 554 629 582 627 556 626 556 626 1685 628 1659 628 556 627 1685 628 555 628 555 627 582 627 556 627 555 627 1661 626 1685 628 556 627,9026 4524 603 559 623 560 623 585 624 1694 665 1623 666 1623 667 513 628 557 626 1693 627 554 573 611 547 1745 601 587 629 554 628 553 623 585 625 558 626 558 627 584 626 558 626 558 626 1719 640 514 599 586 597 613 573 611 548 619 619 589 626 1686 611 547 623 1693 642 538 627 557 626 1692 643 539 626 20005 667 515 626 584 627 558 626 558 627 582 628 556 627 558 624 586 598 587 572 612 549 646 590 591 626 557 632 576 626 1666 658 520 626 583 631 553 628 555 631 581 656 527 633 551 626 585 622 562 595 588 549 662 547 638 602 564 626 1686 631 1656 655 1633 661 1627 662 39991 8963 4563 662 522 670 514 669 542 669 1619 668 1621 654 1634 594 615 575 609 579 1691 659 553 567 616 665 1621 668 515 669 541 669 515 667 517 668 542 667 517 667 518 659 551 648 536 615 1672 574 636 572 596 590 591 595 615 618 565 621 562 623 1690 654 1635 629 1661 626 558 627 583 623 1666 594 588 596 20061 653 532 653 532 620 589 596 587 594 590 593 618 569 615 572 591 617 596 619 563 645 537 622 588 622 560 625 560 624 586 624 561 620 564 622 609 602 582 597 589 569 1721 594 1696 592 592 592 1722 594 590 594 590 596 614 596 588 595 589 596 1693 595 1721 594 590 595,9016 4573 615 574 615 574 615 574 615 1696 615 1696 615 1696 615 574 615 574 615 1696 615 574 615 574 615 1696 615 574 615 574 615 574 615 574 615 574 615 574 615 574 615 574 615 574 615 1696 615 574 615 574 615 574 615 574 615 574 615 574 615 1696 615 574 615 1696 615 574 615 574 615 1696 615 574 615 20071 615 574 615 574 615 574 615 574 615 574 615 574 615 574 615 574 615 574 615 574 615 672 615 574 615 574 615 574 615 1696 615 574 615 574 615 574 615 574 615 574 615 574 615 574 615 574 615 574 615 574 615 672 615 574 615 574 615 1696 615 1696 615 1696 615 1696 615 40001 9016 4573 615 574 615 574 615 574 615 1696 615 1696 615 1696 615 574 615 574 615 1696 615 574 615 574 615 1696 615 574 615 574 615 574 615 574 615 574 615 574 615 574 615 574 615 574 615 1696 615 574 615 574 615 574 615 574 615 574 615 574 615 1696 615 1696 615 1696 615 574 615 574 615 1696 615 574 615 20071 615 574 615 574 615 574 615 574 615 574 615 574 615 574 615 574 615 574 615 574 615 574 615 574 615 574 615 574 615 574 615 574 615 574 615 574 615 574 615 574 615 1696 615 1696 615 574 615 1696 615 574 615 574 615 574 615 574 615 574 615 1696 615 1696 615 574 615
GREE_YAPOF.ir,25,GREE 40 bits 3909205000400000,1,True,learned fidelity_check (279 timings),KELVINATOR 80 bits 3909205000400000390920700000b070,False,-22.3,22.9,68,8997 4542 625 1663 624 558 602 606 626 1662 625 1661 626 1660 626 584 625 555 628 1661 626 582 627 557 626 1662 625 582 627 556 627 556 627 584 625 557 626 556 627 583 626 556 627 556 627 1660 626 584 625 556 626 555 628 583 626 556 626 556 627 1687 626 557 626 1661 625 582 627 557 626 1662 625 555 628 20039 625 556 627 582 627 555 627 556 627 582 627 556 626 557 625 582 627 557 626 557 626 585 624 555 628 556 626 582 627 1660 627 557 625 584 625 558 625 556 626 582 627 556 627 556 626 581 628 555 628 555 628 582 627 556 626 557 626 581 628 555 628 556 627 582 627 40020 8970 4542 626 1661 625 555 628 583 626 1661 626 1659 628 1661 626 582 626 556 626 1660 627 582 627 555 627 1660 627 583 626 557 626 555 628 583 626 556 627 556 626 582 627 554 628 558 625 1686 625 559 626 555 628 584 623 560 624 555 628 582 626 1660 628 1660 627 1660 627 582 652 531 652 1633 653 531 652 20012 652 529 654 555 654 529 654 529 654 556 653 529 653 529 654 555 654 529 653 530 652 556 653 529 654 530 653 556 653 530 653 531 652 557 652 531 651 530 652 556 653 1634 653 1634 653 532 651 1661 652 531 651 533 650 556 653 530 652 1636 651 1662 651 1634 653 531 652,8997 4542 625 1663 624 558 602 606 626 1662 625 1661 626 1660 626 584 625 555 628 1661 626 582 627 557 626 1662 625 582 627 556 627 556 627 584 625 557 626 556 627 583 626 556 627 556 627 1660 626 584 625 556 626 555 628 583 626 556 626 556 627 1687 626 557 626 1661 625 582 627 557 626 1662 625 555 628 20039 625 556 627 582 627 555 627 556 627 582 627 556 626 557 625 582 627 557 626 557 626 585 624 555 628 556 626 582 627 1660 627 557 625 584 625 558 625 556 626 582 627 556 627 556 626 581 628 555 628 555 628 582 627 556 626 557 626 581 628 555 628 556 627 582 627 40020 8970 4542 626 1661 625 555 628 583 626 1661 626 1659 628 1661 626 582 626 556 626 1660 627 582 627 555 627 1660 627 583 626 557 626 555 628 583 626 556 627 556 626 582 627 554 628 558 625 1686 625 559 626 555 628 584 623 560 624 555 628 582 626 1660 628 1660 627 1660 627 582 652 531 652 1633 653 531 652 20012 652 529 654 555 654 529 654 529 654 556 653 529 653 529 654 555 654 529 653 530 652 556 653 529 654 530 653 556 653 530 653 531 652 557 652 531 651 530 652 556 653 1634 653 1634 653 532 651 1661 652 531 651 533 650 556 653 530 652 1636 651 1662 651 1634 653 531 652,9033 4494 657 1632 665 515 643 568 657 1635 668 1620 669 1621 624 584 571 613 548 1741 576 616 623 561 628 1683 636 549 652 530 629 554 630 582 654 528 629 554 631 580 633 550 630 555 630 1661 667 543 626 556 619 565 573 638 547 637 600 566 621 1695 654 528 659 1630 658 547 632 552 632 1657 666 518 634 20029 660 521 655 554 654 528 657 526 659 553 656 527 657 527 658 553 661 522 660 525 631 580 623 560 618 566 595 613 549 1743 577 606 638 572 648 518 663 518 666 542 667 516 667 517 667 544 665 518 665 519 651 560 624 560 622 562 620 590 594 588 596 588 595 616 569 40065 8933 4587 649 1640 616 565 595 618 592 1694 571 1719 572 1716 598 594 619 563 621 1688 602 586 625 559 625 1686 603 586 624 560 624 560 619 592 602 582 593 588 594 617 570 614 571 613 572 1743 600 584 599 584 600 611 599 585 598 585 598 613 598 1690 599 1691 598 1691 597 613 596 588 595 1670 619 566 619 20060 624 560 623 588 620 563 597 565 619 591 619 565 619 565 618 592 619 565 620 563 623 587 622 562 621 563 622 589 621 562 621 564 620 591 620 564 619 566 616 595 615 1698 566 1698 588 597 587 1729 585 598 586 598 585 625 585 599 585 1705 585 1729 587 1703 585 599 586,9023 4597 610 1701 610 575 610 575 610 1701 610 1701 610 1701 610 575 610 575 610 1701 610 575 610 575 610 1701 610 575 610 575 610 575 610 575 610 575 610 575 610 575 610 575 610 575 610 1701 610 575 610 575 610 575 610 575 610 575 610 575 610 1701 610 575 610 1701 610 575 610 575 610 1701 610 575 610 20070 610 575 610 575 610 575 610 575 610 575 610 575 610 575 610 575 610 575 610 575 610 575 610 575 610 575 610 575 610 1701 610 575 610 575 610 575 610 575 610 575 610 575 610 575 610 575 610 575 610 575 610 575 610 575 610 575 610 575 610 575 610 575 610 575 610 40075 9023 4597 610 1701 610 575 610 575 610 1701 610 1701 610 1701 610 575 610 575 610 1701 610 575 610 575 610 1701 610 575 610 575 610 575 610 575 610 575 610 575 610 575 610 575 610 575 610 1701 610 575 610 575 610 575 610 575 610 575 610 575 610 1701 610 1701 610 1701 610 575 610 575 610 1701 610 575 610 20070 610 575 610 575 610 575 610 575 610 575 610 575 610 575 610 575 610 575 610 575 610 575 610 575 610 575 610 575 610 575 610 575 610 575 610 575 610 575 610 575 610 1701 610 1701 610 575 610 1701 610 575 610 575 610 575 610 575 610 1701 610 1701 610 1701 610 575 610
Haier_AC_HWE08XCR-L.ir,POWER,NEC 20 bits 0x19f69867,1,True,learned fidelity_check (67 timings),NEC 20 bits 0x19f69867,True,-18.1,10.4,73,8714 4338 579 538 551 540 549 542 557 1613 555 1615 553 538 551 540 549 1619 549 1620 558 1612 556 1614 554 1617 551 540 559 1611 557 1612 556 531 558 1613 555 536 553 538 551 1620 558 1612 556 535 554 537 552 535 554 537 552 1618 550 1620 558 533 556 536 553 1617 551 1617 551 1608 549,8714 4338 579 538 551 540 549 542 557 1613 555 1615 553 538 551 540 549 1619 549 1620 558 1612 556 1614 554 1617 551 540 559 1611 557 1612 556 531 558 1613 555 536 553 538 551 1620 558 1612 556 535 554 537 552 535 554 537 552 1618 550 1620 558 533 556 536 553 1617 551 1617 551 1608 549,8651 4400 585 544 575 505 588 517 591 1568 546 1638 541 536 587 498 489 1691 545 1614 538 1644 545 1613 542 1642 543 534 495 1688 591 1568 523 561 569 1610 548 535 490 610 584 1579 561 1619 547 534 542 560 581 498 579 508 556 1620 550 1615 606 491 582 504 532 1646 575 1585 547 1612 547,8641 4410 538 544 538 544 538 544 538 1625 538 1625 538 544 538 544 538 1625 538 1625 538 1625 538 1625 538 1625 538 544 538 1625 538 1625 538 544 538 1625 538 544 538 544 538 1625 538 1625 538 544 538 544 538 544 538 544 538 1625 538 1625 538 544 538 544 538 1625 538 1625 538 1625 538
Haier_AC_HWE08XCR-L.ir,MODE,NEC 20 bits 0x19f610ef,1,True,learned fidelity_check (67 timings),NEC 20 bits 0x19f610ef,True,-6.2,16.1,68,8710 4341 576 541 558 533 556 535 554 1616 552 1618 550 542 557 533 556 1612 556 1614 554 1616 552 1618 550 1621 557 534 555 1615 553 1616 552 536 553 538 551 541 558 533 556 1613 555 537 552 539 550 541 558 528 550 1619 559 1610 557 1612 556 536 553 1616 552 1618 550 1619 559 1598 559,8710 4341 576 541 558 533 556 535 554 1616 552 1618 550 542 557 533 556 1612 556 1614 554 1616 552 1618 550 1621 557 534 555 1615 553 1616 552 536 553 538 551 541 558 533 556 1613 555 537 552 539 550 541 558 528 550 1619 559 1610 557 1612 556 536 553 1616 552 1618 550 1619 559 1598 559,8774 4277 520 585 579 510 634 461 618 1571 511 1673 543 512 619 479 617 1572 485 1699 518 1639 518 1666 512 1646 464 610 617 1571 543 1615 539 535 618 466 518 582 618 465 514 1697 518 532 583 519 614 466 520 566 488 1719 519 1639 536 1648 518 532 578 1635 518 1639 519 1639 609 1549 584,8764 4287 508 595 607 522 607 522 607 1649 508 1649 508 522 607 522 607 1649 508 1649 508 1649 508 1649 508 1649 508 595 607 1649 508 1649 508 522 607 522 508 595 607 522 508 1649 508 522 607 522 607 522 508 522 508 1649 508 1649 508 1649 508 522 607 1649 508 1649 508 1649 607 1649 607
Haier_AC_HWE08XCR-L.ir,SPEED,NEC 20 bits 0x19f620df,1,True,learned fidelity_check (67 timings),NEC 20 bits 0x19f620df,True,4.4,-3.0,66,8716 4334 583 534 555 536 553 539 550 1619 559 1611 557 535 554 536 553 1615 553 1617 551 1619 559 1611 557 1613 555 536 553 1617 551 1618 550 537 552 540 549 542 557 1612 556 536 553 538 551 540 549 541 558 528 550 1618 550 1619 559 532 557 1612 556 1614 554 1615 553 1616 552 1606 551,8716 4334 583 534 555 536 553 539 550 1619 559 1611 557 535 554 536 553 1615 553 1617 551 1619 559 1611 557 1613 555 536 553 1617 551 1618 550 537 552 540 549 542 557 1612 556 536 553 538 551 540 549 541 558 528 550 1618 550 1619 559 532 557 1612 556 1614 554 1615 553 1616 552 1606 551,8792 4260 561 560 618 465 546 555 618 1572 511 1673 545 503 582 522 618 1572 544 1613 488 1696 517 1641 572 1611 547 506 490 1720 546 1612 544 530 578 500 617 473 633 1572 545 510 562 534 618 468 513 585 618 461 618 1572 485 1699 518 535 567 1642 546 1612 464 1720 545 1613 546 1611 546,8782 4270 535 520 608 520 535 520 608 1623 535 1623 535 520 608 520 608 1623 535 1623 535 1623 535 1623 535 1623 535 520 535 1623 535 1623 535 520 608 520 608 520 608 1623 535 520 535 520 608 520 535 595 608 520 608 1623 535 1623 535 520 535 1623 535 1623 535 1623 535 1623 535 1623 535
Haier_AC_HWE08XCR-L.ir,TIMER,NEC 20 bits 0x19f658a7,1,True,learned fidelity_check (67 timings),NEC 20 bits 0x19f658a7,True,11.9,1.1,64,8717 4334 583 534 555 537 552 539 550 1620 558 1611 557 535 554 536 553 1615 553 1617 551 1619 559 1611 557 1613 555 537 552 1617 551 1619 559 528 550 541 558 1612 556 535 554 1616 552 1619 549 543 556 534 555 532 557 1614 554 537 552 1619 559 533 556 535 554 1616 552 1617 551 1608 549,8717 4334 583 534 555 537 552 539 550 1620 558 1611 557 535 554 536 553 1615 553 1617 551 1619 559 1611 557 1613 555 537 552 1617 551 1619 559 528 550 541 558 1612 556 535 554 1616 552 1619 549 543 556 534 555 532 557 1614 554 537 552 1619 559 533 556 535 554 1616 552 1617 551 1608 549,8708 4344 604 505 537 562 618 466 546 1665 545 1612 485 589 618 461 613 1576 569 1615 546 1611 581 1603 544 1614 539 534 618 1572 463 1720 546 502 617 488 618 1572 515 558 614 1575 546 1612 485 588 616 471 598 498 619 1571 464 610 618 1571 536 537 618 463 578 1636 545 1613 545 1612 546,8698 4354 607 512 535 512 607 512 535 1622 535 1622 535 599 607 512 607 1622 535 1622 535 1622 607 1622 535 1622 535 512 607 1622 535 1622 535 512 607 512 607 1622 535 512 607 1622 535 1622 535 599 607 512 607 512 607 1622 535 599 607 1622 535 512 607 512 607 1622 535 1622 535 1622 535
Hisense_room_AC.ir,POWER,KELON168 0 bits 830664710000803100000080193d00010000080009,1,True,learned fidelity_check (343 timings),KELON168 0 bits 830664710000803100000080193d00010000080009,True,-12.8,23.6,103,9115 4510 641 1653 641 1632 614 531 611 539 608 543 608 546 608 550 608 1673 608 529 608 1666 608 1670 607 540 607 544 607 570 584 574 584 564 584 553 584 557 584 1694 584 563 584 567 584 1704 584 1708 583 564 583 1686 584 557 584 560 584 564 583 1701 583 1704 584 1708 584 564 584 553 583 557 583 561 583 564 583 567 584 571 584 574 584 564 583 553 584 557 583 561 583 564 584 568 583 572 583 575 583 546 583 8052 583 554 583 557 583 561 583 565 583 568 583 572 582 575 583 1699 582 1688 583 558 583 561 583 565 582 1702 583 1706 582 575 583 565 583 555 582 558 582 562 582 565 582 569 582 572 582 576 582 566 582 555 582 558 582 562 581 565 582 569 581 573 581 576 581 566 581 555 582 559 581 562 582 566 581 570 581 573 581 577 581 566 581 556 581 560 581 563 581 567 580 570 581 574 580 578 580 1701 580 1690 581 560 580 564 580 1701 580 1704 580 575 580 579 579 568 579 1691 579 561 580 1698 579 1702 578 1705 579 1709 579 580 578 575 554 8080 554 582 555 586 554 589 555 593 554 596 555 600 554 604 554 593 555 1717 554 586 554 590 554 593 554 597 554 601 554 604 554 593 555 583 554 586 554 590 554 594 554 597 554 601 553 604 554 594 553 584 553 587 554 591 553 594 554 598 553 602 553 605 553 595 553 584 553 588 552 592 552 1729 553 599 552 602 553 606 552 595 552 585 552 588 552 592 552 620 527 599 552 628 526 631 527 621 526 1744 526 614 526 618 526 1754 526 624 527 628 526 631 527 604 526,9115 4510 641 1653 641 1632 614 531 611 539 608 543 608 546 608 550 608 1673 608 529 608 1666 608 1670 607 540 607 544 607 570 584 574 584 564 584 553 584 557 584 1694 584 563 584 567 584 1704 584 1708 583 564 583 1686 584 557 584 560 584 564 583 1701 583 1704 584 1708 584 564 584 553 583 557 583 561 583 564 583 567 584 571 584 574 584 564 583 553 584 557 583 561 583 564 584 568 583 572 583 575 583 546 583 8052 583 554 583 557 583 561 583 565 583 568 583 572 582 575 583 1699 582 1688 583 558 583 561 583 565 582 1702 583 1706 582 575 583 565 583 555 582 558 582 562 582 565 582 569 582 572 582 576 582 566 582 555 582 558 582 562 581 565 582 569 581 573 581 576 581 566 581 555 582 559 581 562 582 566 581 570 581 573 581 577 581 566 581 556 581 560 581 563 581 567 580 570 581 574 580 578 580 1701 580 1690 581 560 580 564 580 1701 580 1704 580 575 580 579 579 568 579 1691 579 561 580 1698 579 1702 578 1705 579 1709 579 580 578 575 554 8080 554 582 555 586 554 589 555 593 554 596 555 600 554 604 554 593 555 1717 554 586 554 590 554 593 554 597 554 601 554 604 554 593 555 583 554 586 554 590 554 594 554 597 554 601 553 604 554 594 553 584 553 587 554 591 553 594 554 598 553 602 553 605 553 595 553 584 553 588 552 592 552 1729 553 599 552 602 553 606 552 595 552 585 552 588 552 592 552 620 527 599 552 628 526 631 527 621 526 1744 526 614 526 618 526 1754 526 624 527 628 526 631 527 604 526,9123 4502 627 1694 630 1634 588 537 671 467 613 539 638 520 670 487 670 1651 598 501 671 1625 561 1728 599 509 649 502 603 579 572 586 572 586 573 558 573 559 540 1780 581 524 592 562 521 1799 570 1719 517 609 573 1721 578 527 593 560 573 566 588 1725 490 1800 490 1799 513 612 575 557 523 616 565 585 574 567 591 559 565 591 522 636 522 635 574 558 573 562 564 590 573 564 592 560 523 635 572 586 571 560 574 8059 572 562 588 565 574 557 523 635 573 568 590 565 564 593 589 1726 577 1686 539 587 573 560 540 616 574 1747 610 1653 597 556 572 561 564 574 588 561 573 562 565 589 573 585 573 567 587 571 588 561 546 590 563 590 574 557 547 611 573 566 540 614 538 619 519 635 574 558 574 564 562 590 573 566 563 588 521 635 574 584 572 586 573 558 574 560 520 635 574 563 537 616 573 584 574 584 574 1719 570 1718 613 493 519 635 574 1718 518 1773 549 578 573 586 573 583 575 1718 589 520 515 1770 615 1672 570 1702 512 1776 541 615 515 639 547 8087 534 618 588 544 581 556 535 617 582 577 576 580 587 571 588 545 544 1744 578 555 555 581 508 645 575 584 551 604 586 571 588 546 520 637 514 619 544 588 492 665 544 610 591 567 543 615 543 591 544 591 490 661 589 545 545 613 545 610 518 622 514 645 534 616 578 557 540 612 546 588 548 1742 572 583 518 623 532 643 516 617 546 589 515 638 542 591 546 637 517 596 508 674 509 667 490 667 494 1769 495 639 489 666 495 1771 513 643 489 668 491 667 491 641 491,9113 4512 628 1735 628 1735 555 572 628 572 628 572 628 572 628 572 628 1735 555 572 628 1735 555 1735 555 572 628 572 555 572 555 572 555 572 555 572 555 572 555 1735 555 572 555 572 555 1735 555 1735 555 627 555 1735 555 572 555 572 555 572 555 1735 555 1735 555 1735 555 627 555 572 555 627 555 572 555 572 555 572 555 627 555 627 555 627 555 572 555 572 555 627 555 572 555 572 555 627 555 572 555 572 555 8097 555 572 555 572 555 572 555 627 555 572 555 572 555 627 555 1735 555 1735 555 627 555 572 555 627 555 1735 628 1735 555 572 555 572 555 572 555 572 555 572 555 627 555 572 555 572 555 572 555 572 555 627 555 627 555 572 555 627 555 572 555 627 555 627 555 627 555 572 555 572 555 627 555 572 555 627 555 627 555 572 555 572 555 572 555 572 555 627 555 572 555 627 555 572 555 572 555 1735 555 1735 628 572 555 627 555 1735 555 1735 555 572 555 572 555 572 555 1735 555 572 555 1735 628 1735 555 1735 555 1735 555 627 555 627 555 8097 555 627 555 572 555 572 555 627 555 572 555 572 555 572 555 572 555 1735 555 572 555 572 555 627 555 572 555 627 555 572 555 572 555 627 555 627 555 627 555 627 555 627 555 572 555 627 555 627 555 627 555 627 555 572 555 627 555 627 555 627 555 627 555 627 555 572 555 627 555 627 555 1735 555 572 555 627 555 627 555 627 555 627 555 627 555 627 555 627 555 627 555 627 555 627 555 627 555 1735 555 627 555 627 555 1735 555 627 555 627 555 627 555 627 555
Hisense_room_AC.ir,MODE,KELON168 0 bits 8306008200008034000000801aac0006000008000e,1,True,learned fidelity_check (343 timings),KELON168 0 bits 8306008200008034000000801aac0006000008000e,True,-32.9,43.4,129,9131 4483 666 1627 640 1632 637 506 609 564 582 568 582 572 582 575 582 1697 581 554 581 1690 581 1693 581 565 581 568 582 571 582 575 582 565 581 554 582 558 581 561 581 565 581 568 582 572 581 576 581 565 582 555 581 1690 581 562 581 565 581 569 581 573 580 576 581 1698 581 555 580 559 581 562 581 565 581 569 581 573 580 576 581 566 580 555 581 559 580 563 580 566 580 570 580 573 581 577 580 549 580 8048 580 556 580 560 580 563 579 567 580 570 580 574 580 578 579 1700 579 556 580 560 579 1696 579 567 580 1703 579 1706 580 578 579 567 579 557 579 560 580 564 579 567 579 571 578 574 579 578 579 568 579 558 578 561 579 565 578 568 578 572 578 576 578 580 577 569 578 558 578 562 577 565 577 569 577 572 578 577 576 580 577 593 553 583 552 586 553 590 553 594 552 597 553 601 552 604 553 1726 552 583 552 1719 552 590 552 1726 552 1730 552 601 552 605 551 594 552 584 552 587 552 1723 551 1727 551 598 551 1733 552 605 552 1709 551 8074 551 584 552 588 551 592 551 595 551 599 551 602 551 606 551 596 550 585 550 1721 550 1725 550 596 550 600 550 603 550 607 550 597 549 611 525 591 549 618 525 622 524 625 524 628 525 632 525 622 524 611 524 615 524 618 525 622 524 625 524 629 524 633 523 622 524 612 524 616 523 619 523 1756 522 627 522 630 523 634 522 648 498 638 498 642 497 645 498 649 497 653 497 656 497 660 497 649 497 639 497 1775 497 1779 496 1782 497 679 471 683 470 687 470 634 495,9131 4483 666 1627 640 1632 637 506 609 564 582 568 582 572 582 575 582 1697 581 554 581 1690 581 1693 581 565 581 568 582 571 582 575 582 565 581 554 582 558 581 561 581 565 581 568 582 572 581 576 581 565 582 555 581 1690 581 562 581 565 581 569 581 573 580 576 581 1698 581 555 580 559 581 562 581 565 581 569 581 573 580 576 581 566 580 555 581 559 580 563 580 566 580 570 580 573 581 577 580 549 580 8048 580 556 580 560 580 563 579 567 580 570 580 574 580 578 579 1700 579 556 580 560 579 1696 579 567 580 1703 579 1706 580 578 579 567 579 557 579 560 580 564 579 567 579 571 578 574 579 578 579 568 579 558 578 561 579 565 578 568 578 572 578 576 578 580 577 569 578 558 578 562 577 565 577 569 577 572 578 577 576 580 577 593 553 583 552 586 553 590 553 594 552 597 553 601 552 604 553 1726 552 583 552 1719 552 590 552 1726 552 1730 552 601 552 605 551 594 552 584 552 587 552 1723 551 1727 551 598 551 1733 552 605 552 1709 551 8074 551 584 552 588 551 592 551 595 551 599 551 602 551 606 551 596 550 585 550 1721 550 1725 550 596 550 600 550 603 550 607 550 597 549 611 525 591 549 618 525 622 524 625 524 628 525 632 525 622 524 611 524 615 524 618 525 622 524 625 524 629 524 633 523 622 524 612 524 616 523 619 523 1756 522 627 522 630 523 634 522 648 498 638 498 642 497 645 498 649 497 653 497 656 497 660 497 649 497 639 497 1775 497 1779 496 1782 497 679 471 683 470 687 470 634 495,9121 4481 601 1716 569 1693 623 505 647 538 573 561 538 617 546 612 572 1746 590 512 574 1719 557 1704 572 558 572 585 575 583 574 584 573 559 522 614 562 590 574 558 574 584 573 562 539 615 572 587 572 585 573 558 575 1692 604 549 574 558 571 587 575 583 602 555 578 1691 516 617 539 611 576 556 546 612 577 561 539 615 518 639 520 636 579 552 578 557 518 636 579 556 518 636 579 579 580 578 581 550 579 8052 573 558 579 553 576 582 545 586 579 580 581 576 583 575 604 1663 569 565 538 612 603 1663 574 582 603 1686 544 1725 514 644 539 612 607 526 608 530 538 613 611 527 538 613 617 542 616 542 615 539 544 590 616 515 616 540 521 613 613 545 612 542 546 612 544 590 571 564 516 635 570 564 576 580 544 592 569 587 597 560 574 609 541 592 546 586 544 594 532 619 547 611 556 600 514 643 515 1772 523 590 540 1743 516 640 520 1745 515 1773 517 641 519 638 520 615 514 640 518 615 518 1746 514 1774 516 642 515 1750 513 646 511 1750 513 8117 514 619 511 645 512 620 512 645 510 648 484 673 481 677 481 677 481 650 481 1783 480 1784 506 650 481 677 480 677 482 676 482 650 480 679 454 676 480 678 454 703 455 678 455 701 456 702 455 703 455 677 455 676 454 680 477 678 455 704 453 704 454 704 453 678 455 678 453 703 454 678 454 1835 430 702 454 704 453 704 454 730 405 727 428 703 428 706 427 728 426 733 427 729 404 754 404 729 427 704 427 1862 411 1853 427 1861 428 731 401 756 401 758 400 705 426,9111 4491 559 1756 559 1756 559 592 637 592 559 592 559 592 559 592 559 1756 559 592 559 1756 559 1756 559 592 559 592 559 592 559 592 559 592 559 592 559 592 559 592 559 592 559 592 559 592 559 592 559 592 559 592 559 1756 559 592 559 592 559 592 559 592 559 592 559 1756 559 592 559 592 559 592 559 592 559 592 559 592 559 688 559 688 559 592 559 592 559 688 559 592 559 688 559 592 559 592 559 592 559 8127 559 592 559 592 559 592 559 592 559 592 559 592 559 592 559 1756 559 592 559 592 559 1756 559 592 559 1756 559 1756 559 688 559 592 559 592 559 592 559 592 559 592 559 592 559 592 559 592 559 592 559 592 559 592 559 592 559 592 559 592 559 592 559 592 559 592 559 592 559 688 559 592 559 592 559 592 559 592 559 592 559 592 559 592 559 592 559 592 559 592 559 592 559 592 559 688 559 1756 559 592 559 1756 559 688 559 1756 559 1756 559 688 559 688 559 592 559 688 559 592 559 1756 559 1756 559 688 559 1756 559 688 559 1756 559 8127 559 592 559 688 559 592 559 688 559 688 444 688 444 688 444 688 444 688 444 1756 444 1756 559 688 444 688 444 688 444 688 444 688 444 688 444 688 444 688 444 688 444 688 444 688 444 688 444 688 444 688 444 688 444 688 444 688 444 688 444 688 444 688 444 688 444 688 444 688 444 688 444 1756 444 688 444 688 444 688 444 688 444 688 444 688 444 688 444 688 444 688 444 688 444 688 444 688 444 688 444 1756 444 1756 444 1756 444 688 444 688 444 688 444 688 444
Hisense_room_AC.ir,SUPER,KELON168 0 bits 8306010200908034000000801abd0004000008000c,1,True,learned fidelity_check (343 timings),UNKNOWN,False,-53.4,44.0,154,9140 4486 667 1628 640 1634 638 507 609 565 582 569 582 572 582 576 582 1699 582 555 582 1692 582 1695 582 566 581 569 582 573 582 576 582 565 582 1689 581 559 581 562 582 566 581 569 582 573 581 576 581 566 581 555 581 1692 581 562 581 566 581 570 581 573 581 577 581 566 581 555 581 559 581 563 580 567 580 570 581 573 581 577 581 567 581 556 580 560 580 563 581 567 580 1704 580 574 580 578 580 1683 580 8054 580 557 579 560 580 564 579 568 579 571 580 575 579 578 580 1701 579 557 579 561 579 1697 579 568 579 1705 578 1708 578 579 579 568 579 558 579 562 578 565 578 569 578 572 579 576 578 580 578 569 578 559 578 562 578 566 577 570 577 574 577 577 577 605 553 594 553 560 576 587 553 591 552 594 553 598 553 602 552 605 553 595 552 584 553 588 552 592 552 595 552 599 552 602 552 606 552 1729 551 585 552 1722 552 592 552 1729 552 1732 552 602 552 606 552 595 551 1719 550 589 551 1725 551 1730 550 1733 551 1737 550 607 551 1713 550 8084 550 587 550 590 550 594 549 598 549 625 525 629 525 633 524 622 524 611 525 615 525 1752 525 622 525 626 525 630 524 633 524 623 524 612 524 616 524 619 524 623 523 627 523 630 524 634 523 624 523 614 523 617 523 621 522 650 497 629 522 657 497 661 497 650 497 640 497 643 497 647 496 1783 497 654 496 657 497 662 496 651 496 666 470 670 470 674 470 677 470 681 470 684 470 688 470 678 469 668 468 671 469 1834 442 1838 442 709 442 712 442 716 441 688 443,9140 4486 667 1628 640 1634 638 507 609 565 582 569 582 572 582 576 582 1699 582 555 582 1692 582 1695 582 566 581 569 582 573 582 576 582 565 582 1689 581 559 581 562 582 566 581 569 582 573 581 576 581 566 581 555 581 1692 581 562 581 566 581 570 581 573 581 577 581 566 581 555 581 559 581 563 580 567 580 570 581 573 581 577 581 567 581 556 580 560 580 563 581 567 580 1704 580 574 580 578 580 1683 580 8054 580 557 579 560 580 564 579 568 579 571 580 575 579 578 580 1701 579 557 579 561 579 1697 579 568 579 1705 578 1708 578 579 579 568 579 558 579 562 578 565 578 569 578 572 579 576 578 580 578 569 578 559 578 562 578 566 577 570 577 574 577 577 577 605 553 594 553 560 576 587 553 591 552 594 553 598 553 602 552 605 553 595 552 584 553 588 552 592 552 595 552 599 552 602 552 606 552 1729 551 585 552 1722 552 592 552 1729 552 1732 552 602 552 606 552 595 551 1719 550 589 551 1725 551 1730 550 1733 551 1737 550 607 551 1713 550 8084 550 587 550 590 550 594 549 598 549 625 525 629 525 633 524 622 524 611 525 615 525 1752 525 622 525 626 525 630 524 633 524 623 524 612 524 616 524 619 524 623 523 627 523 630 524 634 523 624 523 614 523 617 523 621 522 650 497 629 522 657 497 661 497 650 497 640 497 643 497 647 496 1783 497 654 496 657 497 662 496 651 496 666 470 670 470 674 470 677 470 681 470 684 470 688 470 678 469 668 468 671 469 1834 442 1838 442 709 442 712 442 716 441 688 443,9072 4558 650 1639 627 1663 623 505 644 541 573 562 540 615 521 637 520 1769 615 516 574 1716 569 1695 613 543 579 558 539 616 518 639 539 616 579 1687 576 563 561 586 579 579 573 562 518 637 572 585 574 584 604 527 582 1686 517 636 580 556 517 636 580 579 605 554 604 552 545 588 604 526 606 552 544 588 606 552 606 552 607 550 607 529 515 638 543 588 608 528 516 638 608 1681 609 547 547 611 547 1716 547 8084 611 523 615 517 579 577 616 519 575 579 616 543 616 541 617 1670 545 589 617 514 616 1671 545 589 615 1673 615 1674 614 545 611 526 532 617 601 533 572 566 513 638 574 584 599 556 545 613 568 566 573 565 535 616 597 536 596 560 572 584 542 598 535 647 512 642 543 563 570 611 515 640 523 611 515 641 517 641 519 638 520 638 520 612 519 612 517 641 518 615 515 641 518 641 515 642 517 1749 514 642 515 1748 514 643 514 1752 511 1777 512 645 512 647 510 647 509 1779 481 650 481 1809 480 1783 482 1807 481 1808 481 677 481 1782 480 8151 480 652 481 676 480 651 481 677 480 679 454 704 454 703 455 702 454 678 453 679 454 1835 453 680 453 702 455 704 453 704 454 703 454 678 454 678 453 704 454 679 453 704 454 704 454 704 454 678 454 702 430 703 453 678 453 731 427 704 453 731 403 754 403 730 427 705 427 729 427 706 426 1887 402 731 402 731 426 756 402 755 402 756 376 756 377 781 376 756 376 781 352 806 352 806 352 805 352 779 353 779 353 1963 325 1938 326 832 325 832 327 831 326 805 326,9062 4568 570 1759 570 1759 570 573 570 573 570 573 570 573 471 689 471 1759 570 573 570 1759 570 1759 570 573 570 573 570 573 471 689 570 573 570 1759 570 573 570 573 570 573 570 573 471 689 570 573 570 573 570 573 570 1759 471 689 570 573 471 689 570 573 570 573 570 573 570 573 570 573 570 573 570 573 570 573 570 573 570 573 570 573 471 689 570 573 570 573 471 689 570 1759 570 573 570 573 570 1759 570 8161 570 573 570 573 570 573 570 573 570 573 570 573 570 573 570 1759 570 573 570 573 570 1759 570 573 570 1759 570 1759 570 573 570 573 570 573 570 573 570 573 471 689 570 573 570 573 570 573 570 573 570 573 570 573 570 573 570 573 570 573 570 573 570 689 471 689 570 573 570 573 471 689 471 573 471 689 471 689 471 689 471 689 471 573 471 573 471 689 471 573 471 689 471 689 471 689 471 1759 471 689 471 1759 471 689 471 1759 471 1759 471 689 471 689 471 689 471 1759 471 689 471 1759 471 1759 471 1759 471 1759 471 689 471 1759 471 8161 471 689 471 689 471 689 471 689 471 689 471 689 471 689 471 689 471 689 471 689 471 1759 471 689 471 689 471 689 471 689 471 689 471 689 471 689 471 689 471 689 471 689 471 689 471 689 471 689 471 689 471 689 471 689 471 689 471 689 471 689 343 689 343 689 471 689 471 689 471 689 471 1759 343 689 343 689 471 689 343 689 343 689 343 689 343 689 343 689 343 689 343 816 343 816 343 816 343 689 343 689 343 1759 343 1759 343 816 343 816 343 816 343 816 343
Hisense_room_AC.ir,SMART,KELON168 0 bits 8306007180008035000000801ade0017000008001f,1,True,learned fidelity_check (343 timings),UNKNOWN,False,-44.8,43.3,156,9117 4511 667 1628 641 1633 638 506 610 539 608 568 582 571 583 575 583 1698 582 554 582 1691 583 1694 583 564 583 568 583 572 582 575 583 565 582 554 583 558 582 561 583 565 582 568 583 572 582 576 582 565 582 1688 582 558 582 562 581 565 582 1702 581 1706 581 1709 581 566 581 555 582 559 581 562 582 566 581 569 582 573 581 577 581 1700 581 556 581 559 581 563 581 566 581 570 581 574 580 577 581 549 581 8053 579 556 580 560 580 563 580 567 580 570 580 574 580 578 579 1700 579 1690 579 560 580 1697 579 567 580 1704 580 1707 579 578 580 568 579 557 580 561 580 565 579 568 579 572 578 575 579 579 579 569 578 558 578 562 578 565 578 569 578 573 578 576 578 580 578 570 577 559 578 587 553 567 577 594 553 597 554 601 553 604 553 594 553 584 553 587 553 591 553 594 553 598 553 602 553 605 553 1728 553 584 553 1721 553 591 553 1728 552 1732 552 602 552 605 553 595 552 584 552 1722 551 1725 552 1728 552 1732 551 603 551 1739 551 1712 551 8083 551 585 551 589 551 593 551 596 551 599 551 603 551 607 550 596 551 1719 550 1747 525 1751 525 598 548 1758 525 629 525 632 525 622 525 611 526 615 525 619 525 622 525 626 524 630 524 633 524 623 524 612 525 616 524 619 525 623 524 626 524 630 524 633 524 623 524 613 523 617 523 620 524 1758 523 652 499 657 497 660 498 650 498 639 498 643 497 646 498 650 497 654 497 657 497 661 497 650 497 1773 496 1777 496 1806 470 1809 470 1813 470 684 470 687 470 660 470,9117 4511 667 1628 641 1633 638 506 610 539 608 568 582 571 583 575 583 1698 582 554 582 1691 583 1694 583 564 583 568 583 572 582 575 583 565 582 554 583 558 582 561 583 565 582 568 583 572 582 576 582 565 582 1688 582 558 582 562 581 565 582 1702 581 1706 581 1709 581 566 581 555 582 559 581 562 582 566 581 569 582 573 581 577 581 1700 581 556 581 559 581 563 581 566 581 570 581 574 580 577 581 549 581 8053 579 556 580 560 580 563 580 567 580 570 580 574 580 578 579 1700 579 1690 579 560 580 1697 579 567 580 1704 580 1707 579 578 580 568 579 557 580 561 580 565 579 568 579 572 578 575 579 579 579 569 578 558 578 562 578 565 578 569 578 573 578 576 578 580 578 570 577 559 578 587 553 567 577 594 553 597 554 601 553 604 553 594 553 584 553 587 553 591 553 594 553 598 553 602 553 605 553 1728 553 584 553 1721 553 591 553 1728 552 1732 552 602 552 605 553 595 552 584 552 1722 551 1725 552 1728 552 1732 551 603 551 1739 551 1712 551 8083 551 585 551 589 551 593 551 596 551 599 551 603 551 607 550 596 551 1719 550 1747 525 1751 525 598 548 1758 525 629 525 632 525 622 525 611 526 615 525 619 525 622 525 626 524 630 524 633 524 623 524 612 525 616 524 619 525 623 524 626 524 630 524 633 524 623 524 613 523 617 523 620 524 1758 523 652 499 657 497 660 498 650 498 639 498 643 497 646 498 650 497 654 497 657 497 661 497 650 497 1773 496 1777 496 1806 470 1809 470 1813 470 684 470 687 470 660 470,9069 4560 600 1691 620 1666 626 505 632 526 643 523 563 589 563 596 540 1747 614 516 573 1717 572 1691 585 572 578 559 565 591 538 618 541 614 602 530 573 566 564 586 578 563 587 562 521 636 573 586 572 586 602 1661 612 523 517 635 581 557 538 1747 584 1704 611 1679 584 574 605 525 606 529 568 586 573 563 517 637 603 556 606 552 607 1680 572 561 607 525 580 575 573 562 571 585 606 552 610 549 612 519 611 8018 611 522 614 522 542 610 613 525 539 613 617 541 617 541 617 1669 546 1719 616 516 616 1670 570 565 615 1673 614 1675 614 545 612 543 543 591 571 560 573 583 566 568 574 583 599 559 599 559 574 561 539 613 542 591 598 537 565 590 570 585 544 614 541 617 542 592 571 564 538 640 517 613 547 612 544 613 515 642 493 665 518 639 520 612 518 615 513 644 517 616 514 642 516 642 516 642 516 1773 516 615 516 1749 512 645 514 1774 487 1779 511 646 510 648 510 649 504 650 481 1783 482 1807 481 1784 504 1783 482 675 482 1808 482 1781 481 8150 481 652 504 652 480 652 480 677 481 676 481 653 480 678 480 676 480 1783 481 1810 479 1808 455 677 480 1810 454 703 454 704 454 704 453 678 453 679 454 703 454 680 453 702 454 704 454 704 454 703 455 678 452 679 453 704 454 678 454 704 453 705 453 705 453 703 429 703 429 704 452 704 429 1860 428 732 426 730 428 730 428 729 403 729 403 754 402 730 403 754 402 731 408 749 403 755 403 754 378 1886 403 1886 378 1911 353 1936 353 1936 352 781 375 782 377 755 375,9059 4570 589 1784 589 1784 589 575 589 575 589 575 589 575 589 575 483 1784 589 575 589 1784 589 1784 589 575 589 575 589 575 483 575 483 575 589 575 589 575 589 575 589 575 589 575 483 690 589 575 589 575 589 1784 589 575 483 690 589 575 483 1784 589 1784 589 1784 589 575 589 575 589 575 589 575 589 575 483 690 589 575 589 575 589 1784 589 575 589 575 589 575 589 575 589 575 589 575 589 575 589 575 589 8160 589 575 589 575 483 575 589 575 483 575 589 575 589 575 589 1784 483 1784 589 575 589 1784 589 575 589 1784 589 1784 589 575 589 575 483 575 589 575 589 575 589 575 589 575 589 575 589 575 589 575 483 575 483 575 589 575 589 575 589 575 483 575 483 575 483 575 589 575 483 690 483 575 483 575 483 575 483 690 483 690 483 690 483 575 483 575 483 690 483 575 483 690 483 690 483 690 483 1784 483 575 483 1784 483 690 483 1784 483 1784 483 690 483 690 483 690 483 690 483 1784 483 1784 483 1784 483 1784 483 690 483 1784 483 1784 483 8160 483 690 483 690 483 690 483 690 483 690 483 690 483 690 483 690 483 1784 483 1784 483 1784 483 690 483 1784 483 690 483 690 483 690 483 690 483 690 483 690 483 690 483 690 483 690 483 690 483 690 483 690 483 690 483 690 483 690 483 690 483 690 483 690 483 690 393 690 393 690 483 690 393 1784 393 690 393 690 393 690 393 690 393 690 393 690 393 690 393 690 393 690 393 690 393 690 393 690 393 1784 393 1784 393 1784 393 1784 393 1784 393 690 393 690 393 690 393
Hitach_RAK-18QH8.ir,Dh,HITACHI_AC296 128 bits 01100040bfff00cc33926d13ec5ca300ff00ff00ff00ff00ff25daf10e00ff00ff00ff03fc,1,True,learned fidelity_check (555 timings),UNKNOWN,False,,,,3295 1683 467 1196 440 407 467 404 470 407 467 405 469 406 467 405 468 409 468 407 467 406 468 405 469 405 469 1168 468 403 470 406 468 411 467 404 470 406 468 404 469 406 468 405 469 406 467 404 470 409 469 405 469 404 470 405 468 406 468 407 467 405 468 1167 469 410 467 1168 468 1167 469 1167 469 1167 468 1168 468 1167 469 407 467 1173 467 1168 468 1169 467 1166 470 1168 468 1168 468 1168 468 1167 469 1171 469 405 469 409 464 404 470 432 441 405 469 404 470 407 467 410 468 404 470 405 468 1169 467 1168 468 404 469 405 469 1167 469 1169 471 1167 469 1167 469 405 469 403 470 1167 469 1168 468 406 468 409 469 404 469 1168 468 404 469 404 469 1168 468 406 467 406 468 1171 469 1169 467 404 469 1167 469 1167 469 404 469 1169 467 1195 441 409 469 1169 467 1168 468 405 469 404 470 1168 468 404 470 405 469 409 469 405 469 404 470 1167 469 1169 467 403 470 1169 467 1168 468 1171 469 404 469 405 469 1168 468 1168 468 1168 468 404 470 1169 467 408 469 1169 467 1167 469 404 470 405 469 405 468 1168 468 405 468 1173 467 406 467 406 468 407 466 406 468 406 468 406 468 406 468 410 468 1168 468 1168 468 1168 468 1169 467 1169 467 1168 468 1169 467 1172 468 405 468 406 468 407 467 407 467 406 468 405 469 406 468 411 466 1168 468 1167 469 1168 468 1169 467 1195 440 1169 467 1168 468 1171 469 405 469 407 467 407 467 406 467 407 467 406 468 406 467 410 468 1168 468 1169 467 1169 467 1169 467 1168 468 1168 468 1167 469 1172 468 407 467 404 469 405 469 405 468 406 468 406 468 406 467 410 468 1169 467 1169 467 1168 468 1168 468 1167 469 1168 468 1167 469 1172 468 405 468 405 469 407 466 406 468 407 466 406 468 406 468 410 468 1168 468 1168 468 1170 466 1168 468 1168 468 1168 468 1168 468 1173 467 1168 468 405 468 1169 467 406 467 406 468 1168 468 406 468 410 467 408 466 1168 468 407 467 1168 468 1170 466 406 468 1169 467 1173 467 1169 467 405 468 406 467 407 467 1170 466 1170 466 1170 466 1173 467 406 468 1169 467 1171 465 1169 467 406 468 406 467 406 467 411 467 406 468 406 467 407 467 407 466 407 467 407 467 408 466 412 465 1170 466 1170 466 1169 467 1169 467 1170 466 1170 466 1169 467 1174 466 407 466 408 466 408 466 407 466 407 467 407 466 406 468 411 467 1170 466 1170 466 1171 465 1168 468 1170 466 1169 467 1170 466 1174 466 407 467 408 466 407 466 407 467 407 467 408 466 407 466 412 466 1171 465 1169 467 1170 465 1170 466 1171 465 1170 465 1171 465 1174 466 1170 466 1169 467 408 465 408 465 408 465 408 466 408 465 414 464 408 466 407 467 1170 466 1170 466 1170 466 1170 466 1171 465 1174 465,3295 1683 467 1196 440 407 467 404 470 407 467 405 469 406 467 405 468 409 468 407 467 406 468 405 469 405 469 1168 468 403 470 406 468 411 467 404 470 406 468 404 469 406 468 405 469 406 467 404 470 409 469 405 469 404 470 405 468 406 468 407 467 405 468 1167 469 410 467 1168 468 1167 469 1167 469 1167 468 1168 468 1167 469 407 467 1173 467 1168 468 1169 467 1166 470 1168 468 1168 468 1168 468 1167 469 1171 469 405 469 409 464 404 470 432 441 405 469 404 470 407 467 410 468 404 470 405 468 1169 467 1168 468 404 469 405 469 1167 469 1169 471 1167 469 1167 469 405 469 403 470 1167 469 1168 468 406 468 409 469 404 469 1168 468 404 469 404 469 1168 468 406 467 406 468 1171 469 1169 467 404 469 1167 469 1167 469 404 469 1169 467 1195 441 409 469 1169 467 1168 468 405 469 404 470 1168 468 404 470 405 469 409 469 405 469 404 470 1167 469 1169 467 403 470 1169 467 1168 468 1171 469 404 469 405 469 1168 468 1168 468 1168 468 404 470 1169 467 408 469 1169 467 1167 469 404 470 405 469 405 468 1168 468 405 468 1173 467 406 467 406 468 407 466 406 468 406 468 406 468 406 468 410 468 1168 468 1168 468 1168 468 1169 467 1169 467 1168 468 1169 467 1172 468 405 468 406 468 407 467 407 467 406 468 405 469 406 468 411 466 1168 468 1167 469 1168 468 1169 467 1195 440 1169 467 1168 468 1171 469 405 469 407 467 407 467 406 467 407 467 406 468 406 467 410 468 1168 468 1169 467 1169 467 1169 467 1168 468 1168 468 1167 469 1172 468 407 467 404 469 405 469 405 468 406 468 406 468 406 467 410 468 1169 467 1169 467 1168 468 1168 468 1167 469 1168 468 1167 469 1172 468 405 468 405 469 407 466 406 468 407 466 406 468 406 468 410 468 1168 468 1168 468 1170 466 1168 468 1168 468 1168 468 1168 468 1173 467 1168 468 405 468 1169 467 406 467 406 468 1168 468 406 468 410 467 408 466 1168 468 407 467 1168 468 1170 466 406 468 1169 467 1173 467 1169 467 405 468 406 467 407 467 1170 466 1170 466 1170 466 1173 467 406 468 1169 467 1171 465 1169 467 406 468 406 467 406 467 411 467 406 468 406 467 407 467 407 466 407 467 407 467 408 466 412 465 1170 466 1170 466 1169 467 1169 467 1170 466 1170 466 1169 467 1174 466 407 466 408 466 408 466 407 466 407 467 407 466 406 468 411 467 1170 466 1170 466 1171 465 1168 468 1170 466 1169 467 1170 466 1174 466 407 467 408 466 407 466 407 467 407 467 408 466 407 466 412 466 1171 465 1169 467 1170 465 1170 466 1171 465 1170 465 1171 465 1174 466 1170 466 1169 467 408 465 408 465 408 465 408 466 408 465 414 464 408 466 407 467 1170 466 1170 466 1170 466 1170 466 1171 465 1174 465,3297 1698 477 1209 359 452 466 403 468 404 466 406 470 417 415 453 466 403 468 407 499 389 416 452 442 426 468 1194 484 358 464 427 416 451 469 400 468 408 469 402 435 449 441 427 469 402 466 405 464 426 440 428 468 400 469 406 468 421 416 452 465 404 467 1192 485 365 466 1211 432 1199 482 1150 483 1148 484 1148 483 1147 445 421 415 1246 483 1149 481 1150 453 1177 415 1245 442 1189 482 1149 483 1150 478 1148 391 477 466 403 468 400 468 434 432 429 390 478 466 402 469 407 474 414 389 479 464 1170 509 1123 507 362 468 406 459 1192 464 1167 508 1125 501 1135 498 388 390 478 442 1192 508 1124 504 367 494 394 440 429 470 1164 508 360 470 403 497 1153 391 478 442 426 470 1168 501 1151 444 424 438 1196 506 1125 505 363 501 1157 487 1168 409 434 505 1129 510 1125 507 364 461 425 480 1153 510 357 511 361 508 383 462 406 507 362 505 1131 503 1148 416 452 438 1197 466 1164 468 1169 463 425 412 457 460 1173 491 1141 465 1170 462 408 431 1243 413 432 493 1161 470 1162 467 403 410 460 460 408 464 1190 446 404 463 1214 410 436 462 406 462 411 457 431 413 480 412 456 441 427 441 430 435 1196 435 1221 437 1195 439 1192 439 1194 436 1196 433 1223 410 1222 436 432 436 435 432 460 408 461 435 433 434 436 431 462 407 463 431 1224 403 1229 402 1229 402 1231 402 1281 352 1253 402 1229 402 1230 402 468 401 491 403 466 402 467 402 467 401 468 401 491 402 467 402 1230 401 1231 402 1255 400 1231 403 1228 402 1230 402 1229 402 1256 400 468 402 467 401 467 402 468 402 490 401 468 402 466 402 469 400 1256 376 1255 401 1231 401 1230 402 1230 401 1255 377 1255 400 1232 401 467 402 467 401 493 376 493 400 468 402 466 401 493 376 493 401 1231 401 1230 401 1256 376 1255 376 1257 399 1233 401 1254 377 1255 376 1256 376 494 399 1257 376 492 375 470 400 1256 375 518 352 516 376 493 375 1257 375 495 374 1282 375 1256 353 515 352 1280 352 1305 352 1280 352 516 352 516 353 517 375 1282 350 1282 351 1280 351 1280 352 542 351 1281 351 1281 352 1280 351 517 351 542 326 543 350 519 352 517 350 543 326 543 350 519 351 542 326 542 327 542 326 568 326 1306 326 1305 326 1306 326 1305 326 1332 323 1309 325 1306 326 1306 325 569 299 570 324 544 327 542 324 569 300 569 299 595 299 569 300 1332 302 1329 299 1359 273 1359 298 1359 272 1360 272 1359 272 1386 246 622 272 597 271 597 272 622 246 648 222 647 246 622 245 624 245 1439 193 1438 194 1491 140 1491 139,3287 1501 435 1240 365 488 435 416 435 416 435 416 435 416 435 488 435 416 435 416 435 416 435 488 435 416 435 1240 435 416 435 416 435 488 435 416 435 416 435 416 435 488 435 416 435 416 435 416 435 416 435 416 435 416 435 416 435 416 435 488 435 416 435 1240 435 416 435 1240 435 1240 435 1240 435 1240 435 1240 435 1240 435 416 435 1240 435 1240 435 1240 435 1240 435 1240 435 1240 435 1240 435 1240 435 1240 365 488 435 416 435 416 435 416 435 416 365 488 435 416 435 416 435 416 365 488 435 1240 497 1240 497 416 435 416 435 1240 435 1240 497 1240 497 1240 435 416 365 488 435 1240 497 1240 497 416 435 416 435 416 435 1240 497 416 435 416 435 1240 365 488 435 416 435 1240 497 1240 435 416 435 1240 497 1240 497 416 497 1240 435 1240 435 416 497 1240 497 1240 497 416 435 416 435 1240 497 416 497 416 497 416 435 416 497 416 497 1240 497 1240 435 488 435 1240 435 1240 435 1240 435 416 435 488 435 1240 435 1240 435 1240 435 416 435 1240 435 416 435 1240 435 1240 435 416 435 488 435 416 435 1240 435 416 435 1240 435 416 435 416 435 416 435 416 435 488 435 488 435 416 435 416 435 1240 435 1240 435 1240 435 1240 435 1240 435 1240 435 1240 435 1240 435 416 435 416 435 488 435 488 435 416 435 416 435 488 435 488 435 1240 435 1240 435 1240 435 1240 435 1240 365 1240 435 1240 435 1240 435 488 365 488 435 488 435 488 435 488 365 488 365 488 435 488 435 1240 365 1240 435 1240 365 1240 435 1240 435 1240 435 1240 435 1240 365 488 435 488 365 488 435 488 435 488 365 488 435 488 435 488 365 1240 365 1240 365 1240 365 1240 435 1240 365 1240 365 1240 365 1240 365 488 435 488 365 488 365 488 365 488 435 488 365 488 365 488 365 1240 365 1240 365 1240 365 1240 365 1240 365 1240 365 1240 365 1240 365 1240 365 488 365 1240 365 488 365 488 365 1240 365 488 365 488 365 488 365 1240 365 488 365 1240 365 1240 365 488 365 1240 365 1240 365 1240 365 488 365 488 365 488 365 1240 365 1240 365 1240 365 1240 365 488 365 1240 365 1240 365 1240 365 488 365 488 365 488 365 488 365 488 365 488 365 488 365 488 365 488 365 488 365 488 365 607 365 1240 365 1240 365 1240 365 1240 365 1240 365 1240 365 1240 365 1240 365 607 262 607 365 488 365 488 365 607 262 607 262 607 262 607 262 1240 262 1240 262 1240 262 1240 262 1240 262 1240 262 1240 262 1240 262 607 262 607 262 607 262 607 262 607 184 607 262 607 262 607 262 1501 184 1501 184 1501 130 1501 130
Hitach_RAK-18QH8.ir,Cool_hi,HITACHI_AC296 128 bits 01100040bfff00cc33926d13ec40bf00ff00ff00ff00ff00ff53acf10e00ff00ff00ff03fc,1,True,learned fidelity_check (523 timings),UNKNOWN,False,,,,3376 1605 463 1172 464 411 463 408 466 407 466 412 462 409 465 409 465 415 463 409 464 411 463 408 465 409 464 1171 465 410 463 410 464 413 464 437 437 411 462 410 464 409 464 410 463 410 464 410 463 413 465 409 465 413 460 410 464 409 465 410 464 409 465 1173 463 415 462 1171 465 1174 462 1174 462 1173 463 1173 463 1174 462 412 462 1177 463 1175 461 1173 462 1172 464 1173 463 1174 462 1172 464 1174 462 1177 463 411 463 409 464 410 464 411 463 410 464 410 463 411 463 414 463 410 463 412 462 1174 462 1174 462 410 464 412 462 1173 463 1177 463 1174 462 1173 463 411 462 411 463 1174 462 1174 462 413 460 417 461 414 459 1174 462 411 463 413 460 1174 462 412 461 413 461 1179 461 1175 461 412 462 1172 464 1174 462 414 460 1174 462 1172 464 414 464 1172 464 1172 464 409 465 409 465 1172 464 409 464 408 466 415 463 408 465 410 464 1171 465 1171 465 408 466 1172 464 1172 464 1176 464 409 464 409 465 409 465 409 465 409 465 409 465 1172 464 412 466 1172 464 1171 465 1174 462 1171 465 1172 464 1172 464 409 465 1176 464 411 463 408 465 408 466 408 466 409 465 409 465 409 464 414 464 1172 464 1172 464 1172 464 1172 464 1173 463 1171 465 1174 462 1177 462 409 465 409 465 411 462 410 464 410 464 409 465 409 464 414 464 1172 464 1172 464 1172 464 1171 465 1173 463 1173 463 1172 464 1176 464 409 464 410 464 410 463 410 463 410 464 410 464 409 464 414 464 1172 464 1173 463 1173 463 1172 464 1172 464 1173 463 1173 463 1176 464 410 463 411 463 411 463 409 465 409 464 411 462 411 463 414 463 1173 463 1172 464 1173 463 1172 464 1172 464 1173 463 1174 461 1178 462 410 463 410 463 412 462 411 463 410 463 409 464 411 463 415 463 1173 463 1174 462 1173 463 1173 462 1173 463 1174 462 1172 464 1178 462 1171 465 1174 462 411 462 411 463 1174 462 410 463 1173 463 414 463 412 462 410 463 1174 462 1173 463 411 463 1173 463 410 464 1177 463 1174 462 411 463 411 462 411 463 1174 462 1174 462 1175 461 1178 462 412 461 1173 463 1172 464 1175 461 412 462 411 462 411 463 415 462 411 463 412 462 412 461 412 462 412 462 411 463 412 462 416 461 1174 462 1173 463 1174 462 1174 461 1174 462 1175 461 1174 462 1181 459 412 462 411 463 412 462 412 461 411 462 411 463 413 460 415 463 1174 462 1175 461 1176 460 1176 460 1174 462 1174 461 1174 462 1178 461 413 461 413 460 413 460 414 460 412 461 412 462 412 462 417 460 1175 461 1175 461 1175 461 1175 460 1176 460 1175 461 1174 462 1179 461 1175 460 1177 435 436 461 413 460 413 437 437 460 412 438 440 461 414 436 437 437 1199 460 1177 459 1176 460 1176 437 1199 437 1202 437,3376 1605 463 1172 464 411 463 408 466 407 466 412 462 409 465 409 465 415 463 409 464 411 463 408 465 409 464 1171 465 410 463 410 464 413 464 437 437 411 462 410 464 409 464 410 463 410 464 410 463 413 465 409 465 413 460 410 464 409 465 410 464 409 465 1173 463 415 462 1171 465 1174 462 1174 462 1173 463 1173 463 1174 462 412 462 1177 463 1175 461 1173 462 1172 464 1173 463 1174 462 1172 464 1174 462 1177 463 411 463 409 464 410 464 411 463 410 464 410 463 411 463 414 463 410 463 412 462 1174 462 1174 462 410 464 412 462 1173 463 1177 463 1174 462 1173 463 411 462 411 463 1174 462 1174 462 413 460 417 461 414 459 1174 462 411 463 413 460 1174 462 412 461 413 461 1179 461 1175 461 412 462 1172 464 1174 462 414 460 1174 462 1172 464 414 464 1172 464 1172 464 409 465 409 465 1172 464 409 464 408 466 415 463 408 465 410 464 1171 465 1171 465 408 466 1172 464 1172 464 1176 464 409 464 409 465 409 465 409 465 409 465 409 465 1172 464 412 466 1172 464 1171 465 1174 462 1171 465 1172 464 1172 464 409 465 1176 464 411 463 408 465 408 466 408 466 409 465 409 465 409 464 414 464 1172 464 1172 464 1172 464 1172 464 1173 463 1171 465 1174 462 1177 462 409 465 409 465 411 462 410 464 410 464 409 465 409 464 414 464 1172 464 1172 464 1172 464 1171 465 1173 463 1173 463 1172 464 1176 464 409 464 410 464 410 463 410 463 410 464 410 464 409 464 414 464 1172 464 1173 463 1173 463 1172 464 1172 464 1173 463 1173 463 1176 464 410 463 411 463 411 463 409 465 409 464 411 462 411 463 414 463 1173 463 1172 464 1173 463 1172 464 1172 464 1173 463 1174 461 1178 462 410 463 410 463 412 462 411 463 410 463 409 464 411 463 415 463 1173 463 1174 462 1173 463 1173 462 1173 463 1174 462 1172 464 1178 462 1171 465 1174 462 411 462 411 463 1174 462 410 463 1173 463 414 463 412 462 410 463 1174 462 1173 463 411 463 1173 463 410 464 1177 463 1174 462 411 463 411 462 411 463 1174 462 1174 462 1175 461 1178 462 412 461 1173 463 1172 464 1175 461 412 462 411 462 411 463 415 462 411 463 412 462 412 461 412 462 412 462 411 463 412 462 416 461 1174 462 1173 463 1174 462 1174 461 1174 462 1175 461 1174 462 1181 459 412 462 411 463 412 462 412 461 411 462 411 463 413 460 415 463 1174 462 1175 461 1176 460 1176 460 1174 462 1174 461 1174 462 1178 461 413 461 413 460 413 460 414 460 412 461 412 462 412 462 417 460 1175 461 1175 461 1175 461 1175 460 1176 460 1175 461 1174 462 1179 461 1175 460 1177 435 436 461 413 460 413 437 437 460 412 438 440 461 414 436 437 437 1199 460 1177 459 1176 460 1176 437 1199 437 1202 437,3379 1617 485 1176 361 477 416 452 469 401 467 427 485 382 445 424 440 433 467 405 504 382 446 423 415 453 468 1194 482 363 506 381 477 391 441 455 485 364 501 371 497 386 443 425 440 429 468 405 493 397 447 421 438 432 467 403 469 404 506 380 445 424 440 1195 508 366 504 1145 453 1180 434 1198 498 1134 504 1132 504 1146 487 381 416 1218 504 1134 501 1131 504 1145 485 1148 387 1244 437 1194 506 1129 501 1151 487 382 390 478 465 404 499 376 506 380 481 388 390 479 472 402 505 384 488 381 389 1243 463 1169 508 362 506 384 489 1145 388 1243 508 1127 507 1128 505 380 490 380 433 1200 495 1137 510 364 505 382 389 479 459 1173 510 360 509 382 487 1145 486 383 433 436 502 1136 505 1144 485 386 388 1243 459 1173 506 368 461 1189 471 1159 419 452 463 1169 468 1167 465 424 444 425 410 1223 459 408 468 403 465 427 413 455 437 432 493 1162 446 1186 444 425 412 1243 412 1220 441 1192 443 426 442 428 434 435 460 408 463 411 457 431 412 1243 411 457 441 1191 441 1192 437 1218 388 1244 412 1220 439 1192 439 432 435 1221 408 460 434 434 437 433 435 437 431 459 408 461 434 434 435 460 406 1226 406 1227 430 1224 404 1228 403 1229 401 1231 402 1254 378 1254 402 466 402 468 400 493 377 491 402 467 401 467 402 468 400 493 401 1230 402 1231 401 1230 401 1231 401 1256 377 1254 402 1230 401 1231 400 493 377 492 380 488 402 467 401 468 400 493 377 492 377 491 402 1230 401 1232 400 1256 376 1255 401 1231 401 1230 401 1232 400 1256 376 492 402 467 401 468 400 493 376 493 377 491 401 468 401 492 377 1256 376 1256 376 1257 398 1232 401 1255 376 1256 375 1259 374 1280 376 468 401 492 376 494 375 494 375 493 400 493 375 493 376 495 374 1281 376 1256 375 1256 375 1257 375 1256 376 1282 350 1281 351 1280 353 1279 352 1305 350 519 350 518 352 1280 352 516 352 1281 351 542 351 517 352 517 352 1297 335 1305 326 542 351 1306 326 517 353 1305 325 1331 325 519 351 517 352 542 326 1306 326 1331 301 1331 324 1307 326 542 326 1307 325 1332 299 1332 325 543 326 543 326 568 300 569 324 544 325 543 326 568 300 570 298 595 298 570 300 569 299 570 299 1358 297 1335 298 1333 299 1333 299 1358 273 1385 246 1386 248 1383 272 596 272 623 245 623 247 622 271 598 271 622 245 650 194 674 244 1414 193 1438 194 1464 167 1465 166,3369 1474 436 1241 366 502 436 414 436 414 436 414 436 414 436 414 436 414 436 414 496 414 436 414 436 502 436 1241 436 414 496 414 436 414 436 502 436 414 436 414 436 414 436 414 436 414 436 414 436 414 436 414 436 414 436 414 436 414 496 414 436 414 436 1241 496 414 496 1241 436 1241 436 1241 436 1241 496 1241 496 1241 436 414 436 1241 496 1241 436 1241 496 1241 436 1241 366 1241 436 1241 496 1241 436 1241 436 414 366 502 436 414 436 414 496 414 436 414 366 502 436 414 496 414 436 414 366 1241 436 1241 496 414 496 414 436 1241 366 1241 496 1241 496 1241 496 414 436 414 436 1241 436 1241 496 414 496 414 366 502 436 1241 496 414 496 414 436 1241 436 414 436 414 496 1241 496 1241 436 414 366 1241 436 1241 496 414 436 1241 436 1241 436 414 436 1241 436 1241 436 414 436 414 436 1241 436 414 436 414 436 414 436 502 436 414 436 1241 436 1241 436 414 436 1241 436 1241 436 1241 436 414 436 414 436 414 436 414 436 414 436 414 436 1241 436 502 436 1241 436 1241 436 1241 366 1241 436 1241 436 1241 436 414 436 1241 436 502 436 414 436 414 436 414 436 502 436 502 436 414 436 502 436 1241 436 1241 436 1241 436 1241 436 1241 366 1241 366 1241 366 1241 366 502 366 502 366 502 366 502 366 502 366 502 366 502 366 502 366 1241 366 1241 366 1241 366 1241 366 1241 366 1241 366 1241 366 1241 366 502 366 502 366 502 366 502 366 502 366 502 366 502 366 502 366 1241 366 1241 366 1241 366 1241 366 1241 366 1241 366 1241 366 1241 366 502 366 502 366 502 366 502 366 502 366 502 366 502 366 502 366 1241 366 1241 366 1241 366 1241 366 1241 366 1241 366 1241 366 1241 366 502 366 502 366 502 366 502 366 502 366 502 366 502 366 502 366 1241 366 1241 366 1241 366 1241 366 1241 366 1241 366 1241 366 1241 366 1241 366 1241 366 502 366 502 366 1241 366 502 366 1241 366 502 366 502 366 502 366 1241 366 1241 366 502 366 1241 366 502 366 1241 366 1241 366 502 366 502 366 502 366 1241 366 1241 288 1241 366 1241 366 502 366 1241 366 1241 288 1241 366 502 366 502 366 502 288 608 366 502 366 502 366 502 288 608 288 608 288 608 288 608 288 608 288 1241 288 1241 288 1241 288 1241 288 1241 288 1241 288 1241 288 1241 288 608 288 608 288 608 288 608 288 608 288 608 288 608 183 608 288 1474 183 1474 183 1474 183 1474 183
Hitach_RAK-18QH8.ir,Cool_lo,HITACHI_AC296 128 bits 01100040bfff00cc33926d13ec5ca300ff00ff00ff00ff00ff53acf10e00ff00ff00ff03fc,1,True,learned fidelity_check (509 timings),UNKNOWN,False,,,,3376 1603 465 1198 438 408 489 384 490 382 468 407 467 408 466 407 467 439 438 408 490 384 489 384 466 435 439 1169 467 408 466 408 489 388 467 411 463 406 467 409 465 408 490 385 465 409 488 383 467 412 489 383 467 407 466 409 465 408 466 408 466 408 466 1173 463 412 466 1171 465 1170 466 1171 465 1170 466 1170 466 1170 466 408 466 1175 465 1169 467 1171 465 1171 465 1173 463 1172 464 1170 466 1170 466 1176 463 409 465 409 465 410 463 407 467 409 465 411 462 407 467 413 464 407 466 410 464 1172 464 1173 463 408 466 411 463 1171 465 1175 465 1171 465 1171 465 408 465 410 464 1171 465 1172 463 408 465 413 465 408 466 1171 465 409 465 408 465 1173 463 410 464 408 465 1175 465 1169 467 409 464 1172 464 1172 463 408 466 1172 464 1172 464 412 466 1171 465 1172 464 409 464 409 464 1171 465 411 462 410 464 414 463 409 464 411 463 1172 463 1174 462 411 463 1173 463 1173 463 1177 463 410 463 411 463 1172 464 1173 463 1178 458 411 462 1172 464 416 462 1174 462 1173 463 412 461 411 463 411 463 1174 462 411 462 1178 462 411 462 410 464 413 461 411 463 410 464 412 462 411 463 417 461 1173 463 1175 461 1173 463 1173 463 1172 464 1173 463 1175 461 1177 463 411 463 410 464 410 463 410 464 410 464 411 463 410 463 414 464 1173 463 1173 463 1174 462 1172 464 1175 461 1173 463 1175 461 1176 464 411 463 410 463 412 461 411 462 411 463 411 462 414 460 415 463 1174 462 1174 462 1173 463 1173 463 1174 462 1173 463 1173 463 1178 462 410 463 411 463 411 463 411 463 412 462 410 463 411 462 416 462 1173 463 1174 462 1174 462 1174 462 1173 463 1174 462 1173 463 1177 463 410 463 438 436 410 463 412 462 410 463 411 463 412 461 416 462 1174 462 1174 462 1175 461 1173 463 1174 462 1173 463 1174 462 1179 461 1175 461 1174 462 411 463 412 462 1176 459 412 462 1174 461 415 463 411 462 411 463 1175 461 1174 462 411 463 1175 460 412 462 1178 461 1176 460 411 463 412 461 412 462 1174 462 1174 462 1174 462 1179 461 412 461 1174 462 1174 462 1175 461 413 460 412 462 412 462 417 461 411 463 412 462 412 461 413 460 412 462 412 462 413 461 416 461 1176 461 1175 461 1174 462 1175 461 1174 462 1176 460 1174 461 1180 460 412 461 414 460 412 462 414 459 413 461 413 461 413 460 417 461 1176 459 1176 460 1177 459 1176 460 1175 460 1175 461 1176 437 1203 460 414 459 413 461 413 460 413 437 436 461 413 438 437 437 440 461 1176 437 1198 438 1198 438 1198 461 1175 461 1177 459 1177 436 1203 437 1201 458 1175 438 436 438 436 438 437 436 437 437 436 437 441 437 438 436 436 438 1198 438 1200 436 1199 437 1199 437 1199 437 1203 436,3376 1603 465 1198 438 408 489 384 490 382 468 407 467 408 466 407 467 439 438 408 490 384 489 384 466 435 439 1169 467 408 466 408 489 388 467 411 463 406 467 409 465 408 490 385 465 409 488 383 467 412 489 383 467 407 466 409 465 408 466 408 466 408 466 1173 463 412 466 1171 465 1170 466 1171 465 1170 466 1170 466 1170 466 408 466 1175 465 1169 467 1171 465 1171 465 1173 463 1172 464 1170 466 1170 466 1176 463 409 465 409 465 410 463 407 467 409 465 411 462 407 467 413 464 407 466 410 464 1172 464 1173 463 408 466 411 463 1171 465 1175 465 1171 465 1171 465 408 465 410 464 1171 465 1172 463 408 465 413 465 408 466 1171 465 409 465 408 465 1173 463 410 464 408 465 1175 465 1169 467 409 464 1172 464 1172 463 408 466 1172 464 1172 464 412 466 1171 465 1172 464 409 464 409 464 1171 465 411 462 410 464 414 463 409 464 411 463 1172 463 1174 462 411 463 1173 463 1173 463 1177 463 410 463 411 463 1172 464 1173 463 1178 458 411 462 1172 464 416 462 1174 462 1173 463 412 461 411 463 411 463 1174 462 411 462 1178 462 411 462 410 464 413 461 411 463 410 464 412 462 411 463 417 461 1173 463 1175 461 1173 463 1173 463 1172 464 1173 463 1175 461 1177 463 411 463 410 464 410 463 410 464 410 464 411 463 410 463 414 464 1173 463 1173 463 1174 462 1172 464 1175 461 1173 463 1175 461 1176 464 411 463 410 463 412 461 411 462 411 463 411 462 414 460 415 463 1174 462 1174 462 1173 463 1173 463 1174 462 1173 463 1173 463 1178 462 410 463 411 463 411 463 411 463 412 462 410 463 411 462 416 462 1173 463 1174 462 1174 462 1174 462 1173 463 1174 462 1173 463 1177 463 410 463 438 436 410 463 412 462 410 463 411 463 412 461 416 462 1174 462 1174 462 1175 461 1173 463 1174 462 1173 463 1174 462 1179 461 1175 461 1174 462 411 463 412 462 1176 459 412 462 1174 461 415 463 411 462 411 463 1175 461 1174 462 411 463 1175 460 412 462 1178 461 1176 460 411 463 412 461 412 462 1174 462 1174 462 1174 462 1179 461 412 461 1174 462 1174 462 1175 461 413 460 412 462 412 462 417 461 411 463 412 462 412 461 413 460 412 462 412 462 413 461 416 461 1176 461 1175 461 1174 462 1175 461 1174 462 1176 460 1174 461 1180 460 412 461 414 460 412 462 414 459 413 461 413 461 413 460 417 461 1176 459 1176 460 1177 459 1176 460 1175 460 1175 461 1176 437 1203 460 414 459 413 461 413 460 413 437 436 461 413 438 437 437 440 461 1176 437 1198 438 1198 438 1198 461 1175 461 1177 459 1177 436 1203 437 1201 458 1175 438 436 438 436 438 437 436 437 437 436 437 441 437 438 436 436 438 1198 438 1200 436 1199 437 1199 437 1199 437 1203 436,3363 1612 467 1193 437 402 537 336 519 353 462 423 439 429 468 404 464 453 364 478 462 407 531 338 467 434 434 1191 446 421 439 430 531 343 495 393 446 423 415 453 469 402 535 339 505 381 442 426 440 430 538 335 496 378 471 412 414 455 470 399 471 403 507 1146 388 479 474 1159 502 1134 501 1151 486 1147 433 1198 466 1165 507 362 498 1157 450 1183 436 1196 500 1132 509 1127 506 1145 488 1142 443 1191 461 1172 506 364 509 380 484 386 434 434 508 361 511 365 505 363 499 387 497 372 512 360 509 1145 486 1146 389 479 465 403 511 1124 509 1143 478 1156 433 1199 500 367 509 364 505 1148 485 1147 389 479 458 411 507 366 495 1155 449 421 435 434 501 1132 506 367 464 423 446 1187 462 1170 502 368 464 1172 460 1188 443 427 412 1221 463 1169 492 382 488 1160 414 1222 435 431 470 400 492 1163 448 420 417 453 410 459 466 405 462 429 442 1213 412 1219 411 435 466 1189 438 1194 438 1218 388 481 412 456 441 1191 440 1193 437 1219 410 458 411 1221 437 433 437 1195 434 1221 409 460 410 458 436 435 433 1222 410 459 408 1224 434 435 433 438 429 462 407 462 407 462 427 466 401 468 401 493 401 1230 402 1230 402 1230 401 1231 401 1256 375 1256 401 1230 402 1230 401 493 376 492 385 484 402 466 402 467 401 493 376 492 401 467 402 1231 401 1231 400 1257 376 1255 401 1230 402 1230 401 1232 400 1256 376 492 402 466 402 468 401 492 376 493 376 492 401 468 401 493 375 1256 377 1255 400 1232 401 1231 399 1234 398 1256 376 1257 375 1257 400 468 400 493 376 493 376 492 401 468 400 469 400 493 375 494 377 1256 399 1256 376 1256 375 1258 374 1281 351 1280 376 1256 377 1255 376 494 375 544 325 517 375 494 352 516 352 517 375 519 351 517 352 1280 352 1279 353 1305 350 1281 351 1280 352 1280 353 1280 351 1306 349 1282 351 1281 351 517 352 542 325 1307 325 543 350 1307 326 542 327 542 326 543 350 1306 327 1305 326 542 327 1305 326 568 300 1333 324 1307 325 543 326 568 299 570 323 1309 324 1308 324 1306 326 1333 298 570 322 1320 313 1333 299 1333 299 570 298 595 273 596 298 570 299 570 298 596 273 596 297 571 299 569 298 597 272 622 247 622 272 1359 272 1360 271 1386 246 1386 246 1411 245 1387 220 1411 226 1458 167 701 194 695 174 700 168 701 166 1632 128,3353 1468 460 1240 460 390 460 390 460 390 460 477 460 477 460 390 460 477 390 477 460 390 460 390 460 477 460 1240 460 390 460 477 460 390 460 390 460 477 390 477 460 390 460 390 460 390 460 477 460 477 460 390 460 390 460 390 390 477 460 390 460 390 460 1240 390 477 460 1240 460 1240 460 1240 460 1240 390 1240 460 1240 460 390 460 1240 460 1240 460 1240 460 1240 460 1240 460 1240 460 1240 460 1240 460 1240 460 390 460 390 460 390 460 477 460 390 460 390 460 390 460 390 460 390 460 390 460 1240 460 1240 390 477 460 390 460 1240 460 1240 460 1240 390 1240 460 390 460 390 460 1240 460 1240 390 477 460 390 460 390 460 1240 460 390 460 477 460 1240 460 390 460 477 460 1240 460 1240 460 390 460 1240 460 1240 460 477 390 1240 460 1240 460 390 460 1240 390 1240 460 477 460 390 460 1240 460 390 390 477 390 477 460 390 460 477 460 1240 390 1240 390 477 460 1240 460 1240 460 1240 390 477 390 477 460 1240 460 1240 460 1240 390 477 390 1240 460 477 460 1240 460 1240 390 477 390 477 460 477 390 1240 390 477 390 1240 460 477 390 477 390 477 390 477 390 477 390 477 390 477 390 477 390 1240 390 1240 390 1240 390 1240 390 1240 390 1240 390 1240 390 1240 390 477 390 477 390 477 390 477 390 477 390 477 390 477 390 477 390 1240 390 1240 390 1240 390 1240 390 1240 390 1240 390 1240 390 1240 390 477 390 477 390 477 390 477 390 477 390 477 390 477 390 477 390 1240 390 1240 390 1240 390 1240 390 1240 390 1240 390 1240 390 1240 390 477 390 477 390 477 390 477 390 477 390 477 390 477 390 477 390 1240 390 1240 390 1240 390 1240 390 1240 390 1240 390 1240 390 1240 390 477 390 580 313 477 390 477 390 477 390 477 390 477 390 477 390 1240 390 1240 390 1240 390 1240 390 1240 390 1240 390 1240 390 1240 390 1240 390 1240 390 477 390 580 313 1240 313 580 390 1240 313 580 313 580 313 580 390 1240 313 1240 313 580 313 1240 313 580 313 1240 313 1240 313 580 313 580 313 580 313 1240 313 1240 313 1240 313 1240 313 580 313 1240 313 1240 313 1240 313 580 313 580 313 580 313 580 313 580 313 580 313 580 313 580 313 580 313 580 237 580 237 580 237 1240 237 1240 237 1240 237 1240 237 1468 237 1240 237 1468 237 1468 158 711 158 711 158 711 158 711 158 1468 118
Hitach_RAK-18QH8.ir,Heat_hi,HITACHI_AC296 128 bits 01100040bfff00cc33926d13ec807f00ff00ff00ff00ff00ff56a9f10e00ff00ff00ff03fc,1,True,learned fidelity_check (507 timings),UNKNOWN,False,,,,3297 1684 411 1224 412 461 413 462 412 460 413 461 413 461 413 463 411 466 412 461 412 461 413 461 413 461 413 1223 413 461 412 465 409 466 412 461 412 462 467 406 412 461 413 462 467 407 466 406 412 465 467 406 468 406 468 406 468 405 468 408 466 406 467 1168 412 493 440 1167 469 1168 468 1168 468 1167 468 1168 468 1168 468 407 466 1171 469 1167 469 1170 466 1168 468 1168 468 1168 468 1168 468 1168 468 1173 467 407 466 407 467 408 465 406 468 406 468 404 470 405 469 409 469 405 468 406 468 1168 468 1167 469 406 468 405 468 1166 470 1172 468 1166 470 1171 465 406 467 406 468 1168 468 1168 468 405 469 410 467 405 469 1167 469 406 468 405 469 1168 468 405 468 406 468 1173 467 1169 467 406 467 1169 467 1169 467 407 467 1169 467 1169 467 412 466 1167 469 1169 467 408 466 407 467 1169 467 408 465 408 466 411 466 407 467 409 465 1171 465 1169 467 406 467 1197 439 1171 465 1174 466 434 440 405 468 406 468 405 469 407 467 407 466 406 468 1172 468 1170 466 1168 468 1168 468 1167 469 1169 467 1167 469 1171 465 411 467 405 469 405 469 408 466 405 469 407 466 405 469 405 469 410 468 1168 468 1168 468 1168 468 1169 467 1169 467 1168 468 1169 467 1173 467 406 468 405 468 406 467 407 467 405 469 406 468 406 467 411 467 1169 467 1168 468 1168 468 1167 469 1168 468 1168 468 1169 467 1173 467 406 468 405 468 404 470 405 469 406 468 405 468 406 468 409 468 1168 468 1168 468 1169 467 1169 467 1168 468 1170 465 1169 467 1172 468 405 468 407 467 406 467 406 467 407 467 406 467 406 468 410 467 1168 468 1170 466 1168 468 1168 468 1169 467 1169 467 1168 468 1173 467 406 468 406 468 407 467 406 468 408 466 406 468 406 468 411 466 1170 466 1170 466 1168 468 1169 467 1169 467 1170 466 1169 467 1174 466 406 468 1169 467 1168 468 406 468 1168 468 406 468 1169 467 410 467 1170 466 407 467 406 468 1169 467 406 467 1169 467 407 466 1172 468 1170 466 409 465 407 467 407 466 1169 467 1170 466 1169 467 1173 467 407 466 1172 464 1171 465 1169 467 407 466 407 467 406 467 411 467 406 468 408 465 407 467 407 467 407 467 407 467 407 466 412 466 1169 467 1170 466 1170 466 1169 467 1169 467 1169 467 1170 466 1174 466 408 465 408 466 408 466 407 466 409 465 406 467 409 465 411 466 1170 466 1170 466 1170 466 1171 465 1170 466 1171 465 1170 466 1174 466 407 466 408 466 408 466 408 465 407 467 408 466 407 467 411 466 1169 467 1170 466 1170 466 1170 466 1171 465 1170 466 1170 466 1174 466 1170 466 1170 466 408 466 409 465 407 467 407 466 409 465 412 466 409 465 409 465 1171 465 1170 466 1171 465 1171 465 1171 465 1175 464,3297 1684 411 1224 412 461 413 462 412 460 413 461 413 461 413 463 411 466 412 461 412 461 413 461 413 461 413 1223 413 461 412 465 409 466 412 461 412 462 467 406 412 461 413 462 467 407 466 406 412 465 467 406 468 406 468 406 468 405 468 408 466 406 467 1168 412 493 440 1167 469 1168 468 1168 468 1167 468 1168 468 1168 468 407 466 1171 469 1167 469 1170 466 1168 468 1168 468 1168 468 1168 468 1168 468 1173 467 407 466 407 467 408 465 406 468 406 468 404 470 405 469 409 469 405 468 406 468 1168 468 1167 469 406 468 405 468 1166 470 1172 468 1166 470 1171 465 406 467 406 468 1168 468 1168 468 405 469 410 467 405 469 1167 469 406 468 405 469 1168 468 405 468 406 468 1173 467 1169 467 406 467 1169 467 1169 467 407 467 1169 467 1169 467 412 466 1167 469 1169 467 408 466 407 467 1169 467 408 465 408 466 411 466 407 467 409 465 1171 465 1169 467 406 467 1197 439 1171 465 1174 466 434 440 405 468 406 468 405 469 407 467 407 466 406 468 1172 468 1170 466 1168 468 1168 468 1167 469 1169 467 1167 469 1171 465 411 467 405 469 405 469 408 466 405 469 407 466 405 469 405 469 410 468 1168 468 1168 468 1168 468 1169 467 1169 467 1168 468 1169 467 1173 467 406 468 405 468 406 467 407 467 405 469 406 468 406 467 411 467 1169 467 1168 468 1168 468 1167 469 1168 468 1168 468 1169 467 1173 467 406 468 405 468 404 470 405 469 406 468 405 468 406 468 409 468 1168 468 1168 468 1169 467 1169 467 1168 468 1170 465 1169 467 1172 468 405 468 407 467 406 467 406 467 407 467 406 467 406 468 410 467 1168 468 1170 466 1168 468 1168 468 1169 467 1169 467 1168 468 1173 467 406 468 406 468 407 467 406 468 408 466 406 468 406 468 411 466 1170 466 1170 466 1168 468 1169 467 1169 467 1170 466 1169 467 1174 466 406 468 1169 467 1168 468 406 468 1168 468 406 468 1169 467 410 467 1170 466 407 467 406 468 1169 467 406 467 1169 467 407 466 1172 468 1170 466 409 465 407 467 407 466 1169 467 1170 466 1169 467 1173 467 407 466 1172 464 1171 465 1169 467 407 466 407 467 406 467 411 467 406 468 408 465 407 467 407 467 407 467 407 467 407 466 412 466 1169 467 1170 466 1170 466 1169 467 1169 467 1169 467 1170 466 1174 466 408 465 408 466 408 466 407 466 409 465 406 467 409 465 411 466 1170 466 1170 466 1170 466 1171 465 1170 466 1171 465 1170 466 1174 466 407 466 408 466 408 466 408 465 407 467 408 466 407 467 411 466 1169 467 1170 466 1170 466 1170 466 1171 465 1170 466 1170 466 1174 466 1170 466 1170 466 408 466 409 465 407 467 407 466 409 465 412 466 409 465 409 465 1171 465 1170 466 1171 465 1171 465 1171 465 1175 464,3281 1691 453 1182 450 420 452 435 392 477 386 482 420 452 417 475 431 438 386 482 421 449 444 430 454 433 367 1266 408 459 447 427 453 434 397 473 386 482 499 371 420 454 453 433 417 452 441 428 421 453 500 372 466 419 439 430 500 369 500 374 506 382 447 1186 336 558 470 1136 508 1128 507 1144 420 1213 436 1196 510 1121 510 361 509 1145 420 1212 463 1168 512 1120 511 1122 510 1127 504 1144 417 1217 494 1138 509 362 509 380 448 422 434 434 532 336 509 362 508 383 419 451 508 360 506 365 504 1150 447 1183 414 456 506 363 504 1128 506 1149 415 1216 439 1195 504 364 468 404 465 1188 417 1213 414 457 467 403 467 406 435 1215 390 479 463 405 471 1162 468 405 465 423 414 1219 494 1138 494 377 491 1161 440 1195 433 434 465 1168 467 1186 447 423 412 1243 413 1219 444 402 464 409 459 1192 414 456 435 433 489 384 461 428 434 437 432 1221 438 1193 441 428 440 1220 409 1220 409 1222 439 456 413 430 438 433 434 457 411 457 438 431 436 434 435 1221 410 1222 435 1197 434 1198 434 1198 433 1223 407 1227 406 1248 406 441 424 467 403 466 403 490 403 465 403 467 401 467 403 491 402 466 402 1230 402 1230 402 1230 402 1254 402 1230 402 1229 401 1231 401 1257 377 491 401 467 402 466 402 468 401 469 401 491 402 466 402 468 401 1231 401 1255 401 1230 401 1231 401 1230 401 1231 402 1255 376 1255 402 467 401 468 401 492 378 491 401 467 401 468 401 468 401 493 401 1230 402 1230 401 1231 400 1256 376 1256 377 1255 400 1231 401 1231 401 492 376 494 376 492 401 467 401 468 401 492 376 493 377 492 401 1255 377 1255 375 1257 376 1255 377 1280 376 1256 376 1255 376 1256 376 518 375 493 354 515 353 515 353 542 350 518 375 493 353 516 352 1280 376 1281 352 1279 353 1279 353 1279 351 1281 351 1305 351 1281 352 516 353 1279 351 1306 350 519 351 1281 352 516 352 1280 351 543 349 1308 326 517 351 517 351 1306 327 542 350 1307 325 543 326 1308 324 1306 325 569 324 544 326 542 326 1306 326 1306 325 1332 299 1333 325 544 325 1331 299 1333 299 1332 300 594 299 570 299 569 299 596 273 596 298 570 299 569 299 570 298 596 273 622 271 571 299 595 273 1360 272 1384 271 1362 271 1386 220 1411 245 1412 194 1464 193 1438 195 721 145 677 193 701 192 746 115,3271 1448 428 1240 428 390 428 477 367 477 367 477 428 477 428 477 428 477 367 477 428 477 428 477 428 477 367 1240 428 477 428 477 428 477 367 477 367 477 428 390 428 477 428 477 428 477 428 477 428 477 428 390 428 390 428 477 428 390 428 390 498 390 428 1240 367 580 428 1240 498 1240 498 1240 428 1240 428 1240 498 1240 498 390 498 1240 428 1240 428 1240 498 1240 498 1240 498 1240 498 1240 428 1240 428 1240 498 390 498 390 428 390 428 477 498 390 498 390 498 390 428 477 498 390 498 390 498 1240 428 1240 428 477 498 390 498 1240 498 1240 428 1240 428 1240 498 390 428 390 428 1240 428 1240 428 477 428 390 428 390 428 1240 367 477 428 390 428 1240 428 390 428 477 428 1240 428 1240 428 390 428 1240 428 1240 428 477 428 1240 428 1240 428 477 428 1240 428 1240 428 390 428 390 428 1240 428 477 428 477 428 390 428 477 428 477 428 1240 428 1240 428 477 428 1240 428 1240 428 1240 428 477 428 477 428 477 428 477 428 477 428 477 428 477 428 1240 428 1240 428 1240 428 1240 428 1240 428 1240 428 1240 428 1240 428 477 428 477 428 477 428 477 428 477 428 477 367 477 428 477 367 477 367 1240 367 1240 367 1240 367 1240 367 1240 367 1240 367 1240 367 1240 367 477 367 477 367 477 367 477 367 477 367 477 367 477 367 477 367 1240 367 1240 367 1240 367 1240 367 1240 367 1240 367 1240 367 1240 367 477 367 477 367 477 367 477 367 477 367 477 367 477 367 477 367 1240 367 1240 367 1240 367 1240 367 1240 367 1240 367 1240 367 1240 367 477 367 477 367 477 367 477 367 477 367 477 367 477 367 477 367 1240 367 1240 367 1240 367 1240 367 1240 367 1240 367 1240 367 1240 367 477 367 477 367 477 367 477 367 580 367 477 367 477 367 477 367 1240 367 1240 367 1240 367 1240 367 1240 367 1240 367 1240 367 1240 367 477 367 1240 367 1240 367 477 367 1240 367 477 367 1240 367 580 367 1240 367 477 367 477 367 1240 367 580 367 1240 367 580 367 1240 367 1240 367 580 367 580 367 580 367 1240 367 1240 367 1240 289 1240 367 580 367 1240 289 1240 289 1240 289 580 289 580 289 580 289 580 289 580 289 580 289 580 289 580 289 580 289 580 289 580 289 580 289 1240 289 1240 289 1240 289 1240 184 1448 289 1448 184 1448 184 1448 184 731 135 580 184 731 184 731 105
LG_SX122CL.ir,On,TCL112AC 70 bits 23cb26010024030f050000000050,1,True,learned fidelity_check (227 timings),TCL112AC 70 bits 23cb26010024030f050000000050,True,-9.7,13.3,73,3126 1586 542 1123 544 1124 543 346 540 344 542 344 541 1124 543 345 541 343 541 1124 543 1125 542 346 540 1124 542 346 540 346 516 1149 518 1150 517 369 516 1151 517 1148 518 369 517 370 516 1148 518 369 516 369 541 1125 543 342 542 344 542 345 541 346 540 371 515 371 515 371 514 370 514 371 515 371 515 371 515 371 515 371 515 370 515 371 514 371 515 372 515 1151 515 371 515 372 515 1151 515 372 514 372 515 1153 514 1153 515 371 515 372 514 370 514 372 514 372 514 372 514 1153 514 1153 514 1131 538 1127 539 347 539 346 540 346 540 345 540 1128 540 347 540 1126 540 346 540 345 541 345 541 345 541 345 541 345 541 343 541 345 541 345 541 345 541 345 541 345 541 344 541 343 541 344 542 344 542 345 541 345 541 344 542 343 541 344 542 345 541 344 542 345 541 345 541 345 541 344 540 345 541 345 541 345 541 345 541 345 541 345 541 343 541 345 541 345 541 345 541 345 541 345 541 345 541 344 541 1127 541 344 541 1127 541 345 541,3126 1586 542 1123 544 1124 543 346 540 344 542 344 541 1124 543 345 541 343 541 1124 543 1125 542 346 540 1124 542 346 540 346 516 1149 518 1150 517 369 516 1151 517 1148 518 369 517 370 516 1148 518 369 516 369 541 1125 543 342 542 344 542 345 541 346 540 371 515 371 515 371 514 370 514 371 515 371 515 371 515 371 515 371 515 370 515 371 514 371 515 372 515 1151 515 371 515 372 515 1151 515 372 514 372 515 1153 514 1153 515 371 515 372 514 370 514 372 514 372 514 372 514 1153 514 1153 514 1131 538 1127 539 347 539 346 540 346 540 345 540 1128 540 347 540 1126 540 346 540 345 541 345 541 345 541 345 541 345 541 343 541 345 541 345 541 345 541 345 541 345 541 344 541 343 541 344 542 344 542 345 541 345 541 344 542 343 541 344 542 345 541 344 542 345 541 345 541 345 541 344 540 345 541 345 541 345 541 345 541 345 541 345 541 343 541 345 541 345 541 345 541 345 541 345 541 345 541 344 541 1127 541 344 541 1127 541 345 541,3092 1639 517 1141 466 1192 544 347 515 363 538 349 590 1095 517 350 589 303 490 1171 549 1135 518 350 589 1095 518 351 586 305 492 1169 557 1125 535 336 523 1158 531 1129 518 374 534 339 550 1131 537 333 551 340 517 1145 572 319 516 362 537 350 586 306 517 405 540 330 557 336 489 388 558 327 557 338 443 434 559 327 561 334 487 389 559 328 564 331 442 434 558 1119 442 433 558 329 564 1120 537 332 564 330 487 1175 561 1117 540 333 561 331 516 377 538 334 560 333 487 405 529 1132 510 1151 559 1095 524 1134 517 376 520 355 577 311 546 349 497 1162 543 351 467 1191 575 319 468 408 576 310 582 313 468 409 573 313 578 317 493 381 574 315 547 348 492 383 567 321 548 346 494 379 569 321 517 377 520 353 568 323 540 353 519 354 569 322 515 379 520 352 543 349 516 378 519 354 543 348 514 380 518 353 543 350 513 381 519 353 542 350 514 379 518 353 542 352 512 381 517 375 519 375 491 381 516 376 519 1141 515 377 518 1142 515 379 517,3082 1649 508 1151 508 1151 508 359 508 359 508 359 557 1151 508 359 557 359 508 1151 508 1151 508 359 557 1151 508 359 557 359 508 1151 557 1151 508 359 508 1151 508 1151 508 359 508 359 508 1151 508 359 557 359 508 1151 557 359 508 359 508 359 557 359 508 418 508 359 557 359 508 418 557 359 557 359 508 418 557 359 557 359 508 418 557 359 557 359 508 418 557 1151 508 418 557 359 557 1151 508 359 557 359 508 1151 557 1151 508 359 557 359 508 359 508 359 557 359 508 418 508 1151 508 1151 557 1151 508 1151 508 359 508 359 557 359 508 359 508 1151 508 359 508 1151 557 359 508 418 557 359 557 359 508 418 557 359 557 359 508 359 557 359 508 359 508 418 557 359 508 359 508 359 557 359 508 359 508 359 557 359 508 359 508 359 557 359 508 359 508 359 508 359 508 359 508 359 508 359 508 359 508 359 508 359 508 359 508 359 508 359 508 359 508 359 508 359 508 359 508 359 508 359 508 359 508 359 508 1151 508 359 508 1151 508 359 508
LG_SX122CL.ir,Off,TCL112AC 70 bits 23cb26010020030f05000000004c,1,True,learned fidelity_check (227 timings),TCL112AC 70 bits 23cb26010020030f05000000004c,True,-5.7,26.1,92,3160 1550 576 1092 576 1091 577 329 555 338 573 329 558 1065 601 329 557 329 556 1065 601 1066 575 338 547 1093 574 339 546 339 546 1095 573 1095 572 339 546 1096 572 1097 571 341 544 341 544 1124 544 342 543 342 543 1125 542 344 542 344 541 344 542 344 542 343 541 344 542 344 542 344 542 344 542 344 542 344 542 343 541 344 542 344 542 344 542 344 542 344 542 344 542 343 541 345 542 1126 542 343 541 345 541 1126 542 1126 542 344 542 344 542 344 542 343 541 344 542 345 541 1126 541 1126 541 1127 542 1127 541 343 542 345 541 344 542 345 542 1125 541 345 542 1127 541 343 542 345 541 345 541 345 541 345 541 345 541 345 541 343 541 345 541 345 541 345 541 345 541 345 541 345 541 344 541 345 541 345 541 345 541 345 541 345 541 345 541 344 540 345 541 345 541 345 541 345 541 345 541 344 541 345 541 345 541 345 541 346 540 345 541 344 540 345 541 346 540 345 541 345 541 345 540 1128 541 1126 541 345 541 346 541 1126 541 345 541,3160 1550 576 1092 576 1091 577 329 555 338 573 329 558 1065 601 329 557 329 556 1065 601 1066 575 338 547 1093 574 339 546 339 546 1095 573 1095 572 339 546 1096 572 1097 571 341 544 341 544 1124 544 342 543 342 543 1125 542 344 542 344 541 344 542 344 542 343 541 344 542 344 542 344 542 344 542 344 542 344 542 343 541 344 542 344 542 344 542 344 542 344 542 344 542 343 541 345 542 1126 542 343 541 345 541 1126 542 1126 542 344 542 344 542 344 542 343 541 344 542 345 541 1126 541 1126 541 1127 542 1127 541 343 542 345 541 344 542 345 542 1125 541 345 542 1127 541 343 542 345 541 345 541 345 541 345 541 345 541 345 541 343 541 345 541 345 541 345 541 345 541 345 541 345 541 344 541 345 541 345 541 345 541 345 541 345 541 345 541 344 540 345 541 345 541 345 541 345 541 345 541 344 541 345 541 345 541 345 541 346 540 345 541 344 540 345 541 346 540 345 541 345 541 345 540 1128 541 1126 541 345 541 346 541 1126 541 345 541,3191 1548 589 1070 557 1101 540 349 587 307 574 325 516 1142 570 325 515 375 593 1043 562 1122 589 301 515 1147 589 301 515 358 587 1097 535 1123 588 302 515 1147 589 1069 556 335 592 301 543 1149 514 347 547 331 536 1168 465 401 517 353 590 301 543 353 520 349 592 301 515 363 538 348 591 303 538 340 538 348 591 302 489 388 539 347 593 302 514 363 539 347 593 301 515 362 539 348 591 1095 519 347 591 303 489 1200 516 1139 517 352 589 302 547 350 517 352 589 303 539 357 521 1167 463 1173 542 1163 500 1158 517 347 471 404 572 316 589 305 471 1191 544 347 488 1176 542 346 514 364 537 349 590 304 514 364 537 349 590 303 515 362 539 347 592 303 488 389 539 347 592 302 514 364 538 348 592 302 488 389 539 347 592 302 499 379 538 348 594 300 470 406 540 347 592 303 469 407 539 348 590 304 470 407 537 350 585 310 468 409 537 349 548 347 528 346 540 349 543 351 524 351 542 346 532 1152 521 1138 493 384 569 318 569 1112 556 315 579,3181 1558 580 1157 525 1157 525 357 580 357 525 357 525 1157 525 357 525 357 580 1157 525 1157 580 357 525 1157 580 357 525 357 580 1157 525 1157 580 357 525 1157 580 1157 525 357 580 357 525 1157 525 357 525 357 525 1157 525 411 525 357 580 357 525 357 525 357 580 357 525 357 525 357 580 357 525 357 525 357 580 357 525 411 525 357 580 357 525 357 525 357 580 357 525 357 525 357 580 1157 525 357 580 357 525 1157 525 1157 525 357 580 357 525 357 525 357 580 357 525 357 525 1157 525 1157 525 1157 525 1157 525 357 525 411 525 357 580 357 525 1157 525 357 525 1157 525 357 525 357 525 357 580 357 525 357 525 357 580 357 525 357 525 357 580 357 525 411 525 357 580 357 525 357 525 357 580 357 525 411 525 357 580 357 525 411 525 357 580 357 525 411 525 357 580 357 525 411 525 357 580 357 525 411 525 357 580 357 525 411 525 357 525 357 525 357 525 357 525 357 525 357 525 357 525 1157 525 1157 525 411 525 357 525 1157 525 357 580
LG_SX122CL.ir,Up,TEKNOPOINT 70 bits 23cb26010024030905000000004a,1,True,learned fidelity_check (227 timings),TCL112AC 70 bits 23cb26010024030905000000004a,False,-9.8,12.6,88,3185 1530 597 1067 575 1093 574 340 545 338 546 340 546 1094 573 338 545 341 545 1097 570 1098 570 341 543 1124 543 343 542 342 543 1126 542 1125 542 343 542 1125 542 1126 542 344 542 343 542 1126 542 344 542 345 541 1124 542 345 541 345 541 344 542 345 541 345 541 344 541 344 542 344 542 344 542 345 541 345 541 344 541 343 541 345 541 344 542 345 541 344 541 1126 542 345 541 344 541 1127 541 345 541 345 541 1126 541 1127 541 345 541 343 541 345 541 345 540 345 541 344 540 1127 540 345 541 344 541 1126 542 345 541 345 541 345 541 344 541 1126 542 344 541 1126 542 344 542 345 541 344 542 345 541 345 540 343 541 345 541 345 541 345 541 345 541 345 540 344 540 345 540 345 541 345 541 345 541 345 540 345 541 343 541 345 541 345 540 345 541 345 541 345 540 345 541 343 541 345 540 345 541 345 541 345 541 345 540 345 541 343 541 345 540 345 541 345 540 345 541 344 541 1127 541 345 540 1127 541 345 541 344 541 1127 541 345 541,3185 1530 597 1067 575 1093 574 340 545 338 546 340 546 1094 573 338 545 341 545 1097 570 1098 570 341 543 1124 543 343 542 342 543 1126 542 1125 542 343 542 1125 542 1126 542 344 542 343 542 1126 542 344 542 345 541 1124 542 345 541 345 541 344 542 345 541 345 541 344 541 344 542 344 542 344 542 345 541 345 541 344 541 343 541 345 541 344 542 345 541 344 541 1126 542 345 541 344 541 1127 541 345 541 345 541 1126 541 1127 541 345 541 343 541 345 541 345 540 345 541 344 540 1127 540 345 541 344 541 1126 542 345 541 345 541 345 541 344 541 1126 542 344 541 1126 542 344 542 345 541 344 542 345 541 345 540 343 541 345 541 345 541 345 541 345 541 345 540 344 540 345 540 345 541 345 541 345 541 345 540 345 541 343 541 345 541 345 540 345 541 345 541 345 540 345 541 343 541 345 540 345 541 345 541 345 541 345 540 345 541 343 541 345 540 345 541 345 540 345 541 344 541 1127 541 345 540 1127 541 345 541 344 541 1127 541 345 541,3163 1570 568 1116 610 1047 612 270 622 240 535 374 618 1045 578 311 618 268 551 1121 611 1046 582 309 617 1071 515 350 616 268 547 1151 517 1141 514 351 615 1072 515 1169 488 376 492 379 614 1098 521 321 582 308 588 1101 516 347 586 308 470 404 580 309 590 305 470 404 578 311 585 310 469 404 582 307 589 306 470 404 579 310 546 349 519 352 614 269 581 323 519 1169 488 376 493 380 603 1107 523 320 576 313 585 1104 517 1167 467 378 539 347 589 306 470 405 571 317 584 311 519 1170 486 377 517 355 613 1073 513 355 579 310 583 312 470 403 584 1126 498 345 579 1131 494 349 575 313 594 301 470 406 539 348 592 302 495 379 582 307 581 314 470 404 579 310 576 319 521 350 591 300 541 355 521 349 592 299 516 365 536 347 593 301 489 389 538 348 593 301 471 406 539 347 593 302 470 404 577 312 577 318 493 380 579 310 551 344 519 352 589 303 539 341 535 350 589 303 514 364 538 1142 489 401 520 1143 489 400 520 350 589 1093 497 375 586,3153 1580 509 1126 582 1126 582 310 582 310 509 355 582 1126 509 355 582 310 509 1126 582 1126 582 355 582 1126 509 355 582 310 509 1126 509 1126 509 355 582 1126 509 1126 509 355 509 355 582 1126 509 355 582 355 582 1126 509 355 582 355 509 414 509 355 582 355 509 414 509 355 582 355 509 414 582 355 582 355 509 414 509 355 509 355 509 355 582 310 509 355 509 1126 509 355 509 355 582 1126 509 355 509 355 582 1126 509 1126 509 355 509 355 582 355 509 414 509 355 582 355 509 1126 509 355 509 355 582 1126 509 355 509 355 582 355 509 414 582 1126 509 355 509 1126 509 355 509 355 582 310 509 414 509 355 582 310 509 355 582 355 509 355 509 414 509 355 509 355 509 355 582 310 509 355 509 355 582 310 509 355 509 355 582 310 509 414 509 355 582 310 509 414 509 355 582 310 509 414 509 355 509 355 509 355 509 355 509 355 509 355 582 355 509 355 509 355 582 355 509 355 509 1126 509 414 509 1126 509 414 509 355 582 1126 509 355 582
LG_SX122CL.ir,Down,TCL112AC 70 bits 23cb26010024030d05000000004e,1,True,learned fidelity_check (227 timings),TCL112AC 70 bits 23cb26010024030d05000000004e,True,4.4,3.5,78,3157 1554 574 1093 574 1095 573 340 546 338 546 341 545 1096 571 339 544 342 544 1097 570 1124 543 342 543 1125 543 344 542 343 542 1126 543 1125 543 343 542 1125 543 1126 542 344 542 344 541 1126 542 344 542 345 542 1125 542 344 542 345 541 344 542 345 541 345 541 343 541 344 541 345 541 345 541 344 542 345 541 345 541 343 541 344 542 344 541 344 541 344 541 1126 541 345 541 344 541 1126 542 344 541 345 541 1126 541 1126 542 345 541 343 541 345 541 345 541 344 541 344 541 1127 541 345 541 1126 541 1127 541 345 541 343 542 345 541 346 541 1127 541 344 541 1127 542 345 541 344 541 345 541 345 541 345 541 345 541 346 540 346 540 344 540 346 540 345 541 345 541 345 541 346 540 345 541 344 540 345 541 346 540 346 540 345 541 345 541 345 541 344 541 346 540 346 540 346 540 346 540 346 540 346 540 345 540 346 541 346 540 346 540 345 541 346 540 344 540 346 540 346 541 1128 540 1128 540 1128 540 347 540 345 541 1129 540 346 540,3157 1554 574 1093 574 1095 573 340 546 338 546 341 545 1096 571 339 544 342 544 1097 570 1124 543 342 543 1125 543 344 542 343 542 1126 543 1125 543 343 542 1125 543 1126 542 344 542 344 541 1126 542 344 542 345 542 1125 542 344 542 345 541 344 542 345 541 345 541 343 541 344 541 345 541 345 541 344 542 345 541 345 541 343 541 344 542 344 541 344 541 344 541 1126 541 345 541 344 541 1126 542 344 541 345 541 1126 541 1126 542 345 541 343 541 345 541 345 541 344 541 344 541 1127 541 345 541 1126 541 1127 541 345 541 343 542 345 541 346 541 1127 541 344 541 1127 542 345 541 344 541 345 541 345 541 345 541 345 541 346 540 346 540 344 540 346 540 345 541 345 541 345 541 346 540 345 541 344 540 345 541 346 540 346 540 345 541 345 541 345 541 344 541 346 540 346 540 346 540 346 540 346 540 346 540 345 540 346 541 346 540 346 540 345 541 346 540 344 540 346 540 346 541 1128 540 1128 540 1128 540 347 540 345 541 1129 540 346 540,3183 1558 537 1120 609 1049 574 316 617 267 582 305 519 1161 570 300 541 347 618 1045 610 1100 462 384 538 1169 486 378 518 351 616 1071 489 1195 518 345 470 1219 518 1140 519 344 618 267 498 1201 518 345 515 365 536 1168 461 403 519 352 613 270 555 349 518 353 612 270 549 338 537 349 616 268 524 363 538 349 616 268 548 338 539 347 618 267 479 406 540 347 614 1075 518 346 617 268 479 1219 518 346 470 405 541 1167 467 1191 517 346 513 363 540 347 618 268 478 406 542 346 588 1100 518 346 617 1072 517 1167 438 409 538 347 618 267 523 366 536 1168 463 401 520 1168 488 376 493 379 611 272 582 320 495 378 586 304 579 316 493 381 575 313 544 351 520 352 614 268 556 348 519 354 583 306 573 323 521 349 616 267 550 354 521 350 614 269 552 352 520 350 615 268 550 354 521 351 613 269 551 353 520 352 611 272 548 355 519 353 586 304 547 348 519 354 581 308 540 356 520 351 613 1099 526 1131 515 1143 517 348 610 278 518 1176 517 346 545,3173 1568 509 1171 600 1171 600 280 600 280 600 280 509 1171 600 280 509 362 600 1171 600 1171 509 362 509 1171 509 362 509 362 600 1171 509 1171 509 362 509 1171 509 1171 509 362 600 280 509 1171 509 362 509 362 509 1171 509 362 509 362 600 280 600 362 509 362 600 280 600 362 509 362 600 280 509 362 509 362 600 280 600 362 509 362 600 280 509 362 509 362 600 1171 509 362 600 280 509 1171 509 362 509 362 509 1171 509 1171 509 362 509 362 509 362 600 280 509 362 509 362 600 1171 509 362 600 1171 509 1171 509 362 509 362 600 280 509 362 509 1171 509 362 509 1171 509 362 509 362 600 280 600 280 509 362 600 280 600 280 509 362 600 280 509 362 509 362 600 280 600 362 509 362 600 280 600 280 509 362 600 280 600 362 509 362 600 280 600 362 509 362 600 280 600 362 509 362 600 280 600 362 509 362 600 280 600 362 509 362 600 280 600 362 509 362 600 280 509 362 509 362 600 1171 509 1171 509 1171 509 362 600 280 509 1171 509 362 509
Midea_AC_MAW05R1WBL.ir,POWER,MIDEA 30 bits 0xa18278ffff78,1,True,learned fidelity_check (199 timings),MIDEA 30 bits 0xa18278ffff78,True,-6.7,0.7,804,4459 4369 593 1562 590 487 599 1555 597 481 595 482 594 483 593 485 591 1563 599 1555 596 481 595 482 594 484 592 485 591 486 590 1565 597 479 596 481 594 1559 593 1562 590 1565 597 1557 595 482 594 484 592 485 591 1564 598 1556 596 1559 593 1561 591 1564 598 1556 596 1558 594 1561 591 1564 598 1556 595 1559 593 1561 591 1564 598 1556 596 1559 593 1561 591 486 590 1565 597 1557 595 1559 593 1562 590 488 598 478 598 479 597 5158 4453 4375 597 480 595 1558 594 484 592 1563 589 1565 597 1558 594 1560 592 485 591 487 589 1565 597 1557 594 1560 592 1562 590 1565 597 479 596 1558 594 1561 591 486 590 488 598 478 598 480 596 1558 594 1561 591 1563 599 478 598 479 596 481 595 482 594 484 592 485 591 486 600 478 598 479 597 480 595 481 595 483 593 484 592 485 591 487 589 488 598 1555 596 481 594 483 593 484 592 485 591 1564 598 1556 596 1559 593,4459 4369 593 1562 590 487 599 1555 597 481 595 482 594 483 593 485 591 1563 599 1555 596 481 595 482 594 484 592 485 591 486 590 1565 597 479 596 481 594 1559 593 1562 590 1565 597 1557 595 482 594 484 592 485 591 1564 598 1556 596 1559 593 1561 591 1564 598 1556 596 1558 594 1561 591 1564 598 1556 595 1559 593 1561 591 1564 598 1556 596 1559 593 1561 591 486 590 1565 597 1557 595 1559 593 1562 590 488 598 478 598 479 597 5158 4453 4375 597 480 595 1558 594 484 592 1563 589 1565 597 1558 594 1560 592 485 591 487 589 1565 597 1557 594 1560 592 1562 590 1565 597 479 596 1558 594 1561 591 486 590 488 598 478 598 480 596 1558 594 1561 591 1563 599 478 598 479 596 481 595 482 594 484 592 485 591 486 600 478 598 479 597 480 595 481 595 483 593 484 592 485 591 487 589 488 598 1555 596 481 594 483 593 484 592 485 591 1564 598 1556 596 1559 593,4497 4339 575 1589 599 474 522 1641 598 455 626 451 662 415 668 410 668 1520 597 1560 568 479 595 484 541 538 522 557 572 507 573 1590 569 485 593 484 630 1554 598 1560 538 1619 599 1559 513 534 522 557 522 556 573 1591 517 1640 599 1559 599 1558 599 1559 597 1561 569 1588 490 1668 577 1554 517 1641 598 1560 598 1559 598 1560 597 1561 594 1563 491 1667 575 471 574 1589 544 1614 597 1561 599 1558 571 477 670 408 671 408 670 5094 4475 4344 624 449 670 1520 539 508 567 1622 574 1584 490 1641 571 1587 596 457 624 454 630 1554 596 1561 597 1561 513 1644 575 1583 491 557 522 1640 595 1563 596 455 665 413 667 409 670 408 671 1518 564 1594 491 1667 538 509 567 512 523 540 589 488 590 488 592 485 627 450 662 416 666 411 668 409 670 409 670 409 627 452 567 511 523 556 547 532 596 1566 543 516 589 487 591 486 626 451 639 1545 569 1588 570 1587 518,4487 4354 563 1576 563 465 563 1576 563 465 656 465 656 465 656 465 656 1576 563 1576 563 465 563 465 563 566 563 566 563 465 563 1576 563 465 563 465 656 1576 563 1576 563 1576 563 1576 563 566 563 566 563 566 563 1576 563 1576 563 1576 563 1576 563 1576 563 1576 563 1576 563 1576 563 1576 563 1576 563 1576 563 1576 563 1576 563 1576 563 1576 563 1576 563 465 563 1576 563 1576 563 1576 563 1576 563 465 656 465 656 465 656 4354 4487 4354 656 465 656 1576 563 465 563 1576 563 1576 563 1576 563 1576 563 465 656 465 656 1576 563 1576 563 1576 563 1576 563 1576 563 566 563 1576 563 1576 563 465 656 465 656 465 656 465 656 1576 563 1576 563 1576 563 465 563 465 563 566 563 465 563 465 563 465 656 465 656 465 656 465 656 465 656 465 656 465 656 465 563 465 563 566 563 566 563 1576 563 566 563 465 563 465 656 465 656 1576 563 1576 563 1576 563
Midea_AC_MAW05R1WBL.ir,TEMP+,MIDEA 30 bits 0xa18273ffff76,1,True,learned fidelity_check (199 timings),MIDEA 30 bits 0xa18273ffff76,True,-9.0,3.0,745,4426 4404 568 1587 564 538 538 1591 561 543 543 534 542 536 539 537 539 1589 563 1618 544 533 543 535 541 536 540 538 538 539 537 1591 561 543 543 534 542 1586 565 1616 536 1593 569 534 542 536 540 1614 538 1617 545 1583 569 1587 564 1616 536 1593 569 1585 567 1588 564 1591 561 1594 568 1586 566 1588 564 1591 561 1594 568 1587 565 1589 563 1592 570 1585 567 536 540 1589 562 1592 570 1584 568 536 540 1589 563 1591 571 533 542 5187 4424 4405 567 536 540 1588 563 541 535 1593 569 1585 567 1588 574 1581 571 533 542 535 541 1587 565 1616 536 1592 570 1585 567 1588 564 539 537 1592 570 1584 568 536 540 538 538 539 537 1618 544 1610 542 536 540 538 538 539 537 541 545 532 544 533 543 535 541 536 540 537 539 539 537 540 536 542 534 543 543 534 542 536 540 537 539 539 537 540 546 1608 544 534 542 535 541 537 539 1615 537 541 535 543 543 1584 568,4426 4404 568 1587 564 538 538 1591 561 543 543 534 542 536 539 537 539 1589 563 1618 544 533 543 535 541 536 540 538 538 539 537 1591 561 543 543 534 542 1586 565 1616 536 1593 569 534 542 536 540 1614 538 1617 545 1583 569 1587 564 1616 536 1593 569 1585 567 1588 564 1591 561 1594 568 1586 566 1588 564 1591 561 1594 568 1587 565 1589 563 1592 570 1585 567 536 540 1589 562 1592 570 1584 568 536 540 1589 563 1591 571 533 542 5187 4424 4405 567 536 540 1588 563 541 535 1593 569 1585 567 1588 574 1581 571 533 542 535 541 1587 565 1616 536 1592 570 1585 567 1588 564 539 537 1592 570 1584 568 536 540 538 538 539 537 1618 544 1610 542 536 540 538 538 539 537 541 545 532 544 533 543 535 541 536 540 537 539 539 537 540 536 542 534 543 543 534 542 536 540 537 539 539 537 540 546 1608 544 534 542 535 541 537 539 1615 537 541 535 543 543 1584 568,4406 4432 494 1694 519 554 521 1616 580 502 537 540 540 538 571 505 613 1546 541 1643 546 501 613 466 546 533 513 566 470 609 518 1645 545 529 469 594 535 1617 580 1604 545 1586 581 492 618 461 616 1574 437 1720 513 1618 464 1694 545 1613 545 1586 581 1577 582 1575 581 1577 508 1649 571 1587 484 1674 518 1613 580 1578 580 1578 580 1577 580 1577 583 1575 582 491 575 1589 463 1694 510 1648 515 559 520 1616 581 1577 581 497 582 5150 4445 4395 616 473 537 1616 582 497 577 1581 582 1575 582 1576 583 1574 574 500 540 538 470 1693 543 1615 543 1588 584 1574 583 1575 582 491 578 1585 584 1573 538 536 513 566 469 610 519 1670 465 1666 519 538 537 541 538 539 543 535 575 502 610 467 615 463 616 461 617 462 578 501 539 540 470 608 494 585 546 533 514 565 470 608 520 559 522 558 469 1692 517 539 540 537 577 501 582 1601 514 535 544 534 608 1553 575,4435 4442 508 1599 508 543 508 1599 571 543 508 543 508 543 571 543 571 1599 508 1599 571 543 571 543 571 543 508 543 508 618 508 1599 571 543 508 618 508 1599 571 1599 571 1599 571 543 571 543 571 1599 508 1599 508 1599 508 1599 571 1599 571 1599 571 1599 571 1599 571 1599 508 1599 571 1599 508 1599 508 1599 571 1599 571 1599 571 1599 571 1599 571 1599 571 543 571 1599 508 1599 508 1599 508 543 508 1599 571 1599 571 543 571 4442 4435 4442 571 543 508 1599 571 543 571 1599 571 1599 571 1599 571 1599 571 543 508 543 508 1599 508 1599 508 1599 571 1599 571 1599 571 543 571 1599 571 1599 508 543 508 543 508 618 508 1599 508 1599 508 543 508 543 508 543 508 543 571 543 571 543 571 543 571 543 571 543 571 543 508 543 508 618 508 618 571 543 508 543 508 618 508 543 508 543 508 1599 508 543 508 543 571 543 571 1599 508 543 571 543 571 1599 571
Midea_AC_MAW05R1WBL.ir,MODE,MIDEA 30 bits 0xa1a073ffff55,1,True,learned fidelity_check (199 timings),MIDEA 30 bits 0xa1a073ffff55,True,-13.4,-8.5,820,4408 4423 570 1585 567 537 539 1590 561 542 544 533 542 535 541 537 539 1589 563 1593 569 534 541 1588 563 539 537 541 545 532 543 534 541 536 539 537 539 1590 562 1593 569 1586 566 538 538 539 537 1592 570 1585 567 1587 565 1590 561 1594 568 1586 565 1590 561 1593 569 1586 566 1589 562 1592 570 1584 568 1587 564 1590 561 1594 568 1586 565 1590 572 1583 568 534 541 1588 564 540 536 1593 569 534 541 1587 564 539 537 1592 570 5186 4455 4374 567 537 539 1590 561 542 544 1584 567 1588 563 1591 560 1594 568 535 541 537 539 1590 561 541 545 1584 568 1587 564 1590 561 1593 569 1586 565 1589 562 540 536 542 544 533 542 1586 566 1588 563 540 536 542 544 533 542 535 540 537 539 538 538 539 537 541 535 542 544 534 541 535 540 537 539 538 537 540 536 541 545 532 543 534 541 536 539 1589 562 540 536 1593 569 534 541 1588 563 540 535 1593 569 534 541,4408 4423 570 1585 567 537 539 1590 561 542 544 533 542 535 541 537 539 1589 563 1593 569 534 541 1588 563 539 537 541 545 532 543 534 541 536 539 537 539 1590 562 1593 569 1586 566 538 538 539 537 1592 570 1585 567 1587 565 1590 561 1594 568 1586 565 1590 561 1593 569 1586 566 1589 562 1592 570 1584 568 1587 564 1590 561 1594 568 1586 565 1590 572 1583 568 534 541 1588 564 540 536 1593 569 534 541 1587 564 539 537 1592 570 5186 4455 4374 567 537 539 1590 561 542 544 1584 567 1588 563 1591 560 1594 568 535 541 537 539 1590 561 541 545 1584 568 1587 564 1590 561 1593 569 1586 565 1589 562 540 536 542 544 533 542 1586 566 1588 563 540 536 542 544 533 542 535 540 537 539 538 538 539 537 541 535 542 544 534 541 535 540 537 539 538 537 540 536 541 545 532 543 534 541 536 539 1589 562 540 536 1593 569 534 541 1588 563 540 535 1593 569 534 541,4457 4356 603 1587 571 502 543 1620 515 558 549 530 489 590 470 608 521 1617 580 1577 580 500 568 1589 580 494 586 492 617 462 617 462 584 494 539 540 470 1693 545 1613 464 1667 581 502 538 539 539 1616 581 1577 581 1576 573 1585 464 1694 537 1620 490 1669 543 1587 578 1580 581 1577 582 1575 581 1577 582 1575 486 1672 542 1616 463 1668 580 1578 572 1586 580 496 613 1547 579 494 571 1592 582 491 578 1585 465 609 519 1644 464 5250 4528 4306 567 535 515 1648 517 557 539 1623 517 1615 582 1576 584 1573 584 491 617 461 617 1546 485 588 618 1545 510 1648 515 1616 584 1573 589 1569 609 1549 580 493 547 532 618 461 616 1546 510 1648 515 559 521 558 470 609 518 544 537 540 539 538 573 504 586 492 586 491 615 463 616 462 587 491 545 534 471 608 470 609 547 531 489 591 493 586 521 1613 590 491 579 1577 589 487 592 1567 541 535 470 1692 543 531 490,4518 4366 574 1597 509 510 509 1597 509 510 509 510 509 618 509 618 509 1597 574 1597 574 510 509 1597 574 510 574 510 574 510 574 510 574 510 509 510 509 1597 509 1597 509 1597 574 510 509 510 509 1597 574 1597 574 1597 509 1597 509 1597 509 1597 509 1597 509 1597 574 1597 574 1597 574 1597 574 1597 574 1597 509 1597 509 1597 509 1597 574 1597 509 1597 574 510 574 1597 574 510 509 1597 574 510 574 1597 509 618 509 1597 509 4366 4518 4366 509 510 509 1597 509 510 509 1597 509 1597 574 1597 574 1597 574 510 574 510 574 1597 509 618 574 1597 509 1597 509 1597 574 1597 574 1597 574 1597 574 510 509 510 574 510 574 1597 509 1597 509 510 509 510 509 618 509 510 509 510 509 510 509 510 574 510 574 510 574 510 574 510 574 510 509 510 509 618 509 618 509 510 509 618 509 618 509 1597 574 510 574 1597 574 510 574 1597 509 510 509 1597 509 510 509
Midea_AC_MAW05R1WBL.ir,C_Sense,MIDEA 30 bits 0xa48873ff318e,1,True,learned fidelity_check (199 timings),MIDEA 30 bits 0xa48873ff318e,True,-14.5,14.6,809,4453 4378 594 1561 590 487 589 1566 596 481 594 483 592 1562 589 487 589 489 597 1557 594 483 592 485 590 486 590 1565 597 480 564 513 594 483 593 484 591 1564 598 1556 595 1559 592 485 590 486 590 1565 597 1558 593 1561 590 1564 598 1557 594 1560 591 1563 599 1556 595 1559 592 1562 589 488 598 479 596 1558 593 1562 589 487 589 489 597 480 595 1559 592 1562 589 488 598 479 596 481 594 1560 591 1563 599 1556 595 482 593 5162 4458 4372 590 488 598 1556 595 482 594 1561 590 1565 597 480 595 1559 592 1562 589 488 598 1557 595 1560 591 1563 599 478 598 1557 594 1560 591 1563 589 1567 595 482 593 484 591 485 590 1565 597 1557 574 504 592 485 590 486 590 488 598 479 596 481 594 482 593 483 593 485 590 486 589 1565 597 1558 594 484 591 486 589 1565 597 1558 593 1562 589 487 589 489 597 1558 593 1561 590 1565 597 480 595 482 593 483 592 1562 590,4453 4378 594 1561 590 487 589 1566 596 481 594 483 592 1562 589 487 589 489 597 1557 594 483 592 485 590 486 590 1565 597 480 564 513 594 483 593 484 591 1564 598 1556 595 1559 592 485 590 486 590 1565 597 1558 593 1561 590 1564 598 1557 594 1560 591 1563 599 1556 595 1559 592 1562 589 488 598 479 596 1558 593 1562 589 487 589 489 597 480 595 1559 592 1562 589 488 598 479 596 481 594 1560 591 1563 599 1556 595 482 593 5162 4458 4372 590 488 598 1556 595 482 594 1561 590 1565 597 480 595 1559 592 1562 589 488 598 1557 595 1560 591 1563 599 478 598 1557 594 1560 591 1563 589 1567 595 482 593 484 591 485 590 1565 597 1557 574 504 592 485 590 486 590 488 598 479 596 481 594 482 593 483 593 485 590 486 589 1565 597 1558 594 484 591 486 589 1565 597 1558 593 1562 589 487 589 489 597 1558 593 1561 590 1565 597 480 595 482 593 483 592 1562 590,4476 4343 627 1557 567 480 596 1594 597 450 598 480 541 1649 581 466 573 506 522 1641 599 454 626 452 661 414 666 1522 599 448 520 559 628 450 568 511 523 1667 513 1618 570 1588 598 455 625 451 666 1520 598 1560 569 1588 491 1667 539 1619 543 1588 598 1560 570 1588 596 1561 598 1559 513 534 670 409 633 1557 517 1641 581 466 573 489 562 515 592 1589 597 1560 566 481 671 408 671 408 632 1558 518 1639 514 1618 568 489 589 5168 4497 4340 548 530 627 1562 545 503 572 1590 597 1561 595 457 634 1550 595 1563 512 535 671 1518 539 1619 572 1585 491 557 522 1641 595 1562 572 1586 566 1592 571 476 666 412 595 484 523 1666 515 1643 537 511 572 507 572 488 591 487 592 485 630 447 665 411 668 410 643 436 594 484 523 1665 517 1641 551 497 574 506 573 1588 569 1589 569 1588 569 480 628 450 647 1540 543 1614 549 1610 517 532 523 556 572 492 588 1588 570,4487 4353 637 1598 560 486 560 1598 560 486 560 486 560 1598 560 486 560 486 560 1598 560 486 637 486 637 486 637 1598 560 486 560 545 637 486 560 486 560 1598 560 1598 560 1598 560 486 637 486 637 1598 560 1598 560 1598 560 1598 560 1598 560 1598 560 1598 560 1598 560 1598 560 1598 560 545 637 486 637 1598 560 1598 560 486 560 486 560 545 560 1598 560 1598 560 486 637 486 637 486 637 1598 560 1598 560 1598 560 486 560 4353 4487 4353 560 545 637 1598 560 486 560 1598 560 1598 560 486 637 1598 560 1598 560 545 637 1598 560 1598 560 1598 560 545 560 1598 560 1598 560 1598 560 1598 560 486 637 486 560 486 560 1598 560 1598 560 486 560 486 560 486 560 486 560 486 637 486 637 486 637 486 637 486 560 486 560 1598 560 1598 560 486 560 486 560 1598 560 1598 560 1598 560 486 637 486 637 1598 560 1598 560 1598 560 545 560 545 560 486 560 1598 560
Mitsubishi_MSH_GA71VB.ir,Power,MITSUBISHI112 70 bits 23cb2601002408073d00000030b5,1,True,learned fidelity_check (227 timings),MITSUBISHI112 70 bits 23cb2601002408073d00000030b5,True,-15.3,12.2,63,3480 1701 468 1248 467 1250 465 407 460 411 467 405 462 1255 460 412 466 405 462 1255 460 1257 468 404 463 1253 462 410 468 404 463 1253 462 1255 470 402 465 1252 463 1254 461 411 467 405 462 1254 461 411 467 405 462 1254 461 411 467 405 462 409 469 403 464 407 460 411 467 405 462 409 469 403 464 407 461 411 467 405 462 409 469 403 464 407 460 411 467 404 463 1254 461 410 468 404 463 1254 461 410 468 404 463 408 460 412 466 406 462 1255 460 412 466 406 461 410 468 404 463 1253 462 1255 470 1247 468 404 463 409 469 402 465 406 461 411 467 1250 465 407 460 1256 469 1248 467 1250 465 1252 463 410 468 403 464 408 460 412 466 406 461 410 468 404 463 408 460 412 466 406 461 410 468 404 463 408 459 412 466 405 462 409 469 403 464 407 460 411 467 405 462 409 469 403 464 407 460 411 467 405 462 409 469 402 465 407 460 411 467 404 463 1253 462 1255 470 402 465 406 461 1256 469 402 465 1252 463 408 470 1248 467 1250 465 407 460 1256 469,3480 1701 468 1248 467 1250 465 407 460 411 467 405 462 1255 460 412 466 405 462 1255 460 1257 468 404 463 1253 462 410 468 404 463 1253 462 1255 470 402 465 1252 463 1254 461 411 467 405 462 1254 461 411 467 405 462 1254 461 411 467 405 462 409 469 403 464 407 460 411 467 405 462 409 469 403 464 407 461 411 467 405 462 409 469 403 464 407 460 411 467 404 463 1254 461 410 468 404 463 1254 461 410 468 404 463 408 460 412 466 406 462 1255 460 412 466 406 461 410 468 404 463 1253 462 1255 470 1247 468 404 463 409 469 402 465 406 461 411 467 1250 465 407 460 1256 469 1248 467 1250 465 1252 463 410 468 403 464 408 460 412 466 406 461 410 468 404 463 408 460 412 466 406 461 410 468 404 463 408 459 412 466 405 462 409 469 403 464 407 460 411 467 405 462 409 469 403 464 407 460 411 467 405 462 409 469 402 465 407 460 411 467 404 463 1253 462 1255 470 402 465 406 461 1256 469 402 465 1252 463 408 470 1248 467 1250 465 407 460 1256 469,3501 1713 435 1275 477 1234 477 365 496 375 502 384 511 1231 359 478 468 400 468 1274 478 1233 384 478 419 1323 434 403 468 403 466 1274 476 1260 466 371 439 1302 478 1233 477 369 495 390 485 1257 379 458 468 400 469 1273 478 368 496 389 486 382 441 428 415 453 415 453 469 402 467 405 466 405 530 356 512 356 415 454 390 478 468 400 468 402 467 404 465 406 503 1259 412 424 440 428 416 1327 478 361 465 407 502 369 530 356 419 449 443 1299 433 404 467 405 466 405 502 387 510 1230 359 1352 478 1232 479 365 532 357 415 452 444 424 474 394 468 1274 479 362 466 1272 411 1326 433 1277 501 1209 503 342 499 389 484 383 486 382 440 428 416 453 468 402 467 405 489 382 505 382 512 356 415 453 415 453 416 452 468 401 468 403 465 407 501 370 530 356 419 449 448 420 468 400 466 403 440 429 467 405 491 380 498 373 500 385 510 358 415 453 415 1327 504 1206 474 372 505 381 512 1230 485 351 466 1276 503 338 465 1273 411 1325 434 403 416 1326 479,3491 1723 406 1284 468 1284 468 397 468 397 468 397 468 1284 406 463 468 397 468 1284 468 1284 406 463 406 1284 406 397 468 397 468 1284 468 1284 468 397 406 1284 468 1284 468 397 468 397 468 1284 406 463 468 397 468 1284 468 397 468 397 468 397 406 463 406 463 406 463 468 397 468 397 468 397 468 397 468 397 406 463 406 463 468 397 468 397 468 397 468 397 468 1284 406 397 406 463 406 1284 468 397 468 397 468 397 468 397 406 463 406 1284 406 397 468 397 468 397 468 397 468 1284 406 1284 468 1284 468 397 468 397 406 463 406 397 468 397 468 1284 468 397 468 1284 406 1284 406 1284 468 1284 468 397 468 397 468 397 468 397 406 463 406 463 468 397 468 397 468 397 468 397 468 397 406 463 406 463 406 463 468 397 468 397 468 397 468 397 468 397 406 463 468 397 468 397 468 397 406 463 468 397 468 397 468 397 468 397 468 397 406 463 406 1284 468 1284 468 397 468 397 468 1284 468 397 468 1284 468 397 468 1284 406 1284 406 397 406 1284 468
Mitsubishi_MSH_GA71VB.ir,Temp_up,MITSUBISHI112 70 bits 23cb2601002408173d00000030c5,1,True,learned fidelity_check (227 timings),MITSUBISHI112 70 bits 23cb2601002408173d00000030c5,True,-16.1,13.8,105,3477 1704 465 1251 463 1254 460 411 467 405 462 410 468 1249 465 406 461 410 468 1249 465 1252 462 409 469 1248 466 406 461 410 468 1249 465 1252 462 409 469 1248 466 1251 463 408 470 402 465 1252 462 409 469 403 464 1253 461 410 468 404 463 408 470 402 465 407 460 411 467 405 462 409 469 403 464 407 460 412 466 405 462 410 468 404 463 408 459 412 465 406 461 1255 470 402 465 407 460 1256 469 403 464 407 460 411 467 405 462 410 468 1249 465 406 461 410 468 404 463 408 470 1248 466 1250 464 1252 462 410 468 1249 465 407 460 411 467 405 462 1255 459 412 466 1251 463 1254 460 1256 469 1248 466 406 461 410 468 404 463 409 469 403 464 407 460 411 467 405 462 409 469 403 464 407 460 412 466 405 462 410 468 404 463 408 459 412 466 406 461 410 468 404 463 408 470 402 465 406 461 411 467 404 463 409 469 402 465 407 460 411 467 405 462 1254 460 1256 469 403 464 407 460 1257 468 404 463 1254 460 411 467 405 462 409 469 1249 465 1251 463,3477 1704 465 1251 463 1254 460 411 467 405 462 410 468 1249 465 406 461 410 468 1249 465 1252 462 409 469 1248 466 406 461 410 468 1249 465 1252 462 409 469 1248 466 1251 463 408 470 402 465 1252 462 409 469 403 464 1253 461 410 468 404 463 408 470 402 465 407 460 411 467 405 462 409 469 403 464 407 460 412 466 405 462 410 468 404 463 408 459 412 465 406 461 1255 470 402 465 407 460 1256 469 403 464 407 460 411 467 405 462 410 468 1249 465 406 461 410 468 404 463 408 470 1248 466 1250 464 1252 462 410 468 1249 465 407 460 411 467 405 462 1255 459 412 466 1251 463 1254 460 1256 469 1248 466 406 461 410 468 404 463 409 469 403 464 407 460 411 467 405 462 409 469 403 464 407 460 412 466 405 462 410 468 404 463 408 459 412 466 406 461 410 468 404 463 408 470 402 465 406 461 411 467 404 463 409 469 402 465 407 460 411 467 405 462 1254 460 1256 469 403 464 407 460 1257 468 404 463 1254 460 411 467 405 462 409 469 1249 465 1251 463,3415 1799 474 1236 477 1233 477 386 390 479 419 448 468 1275 478 363 465 405 497 1265 359 1352 404 432 468 1274 477 366 501 370 491 1268 403 1308 461 375 469 1273 478 1233 470 392 442 426 440 1303 477 361 466 406 494 1243 477 386 414 454 415 453 469 400 468 402 465 407 492 379 530 357 389 478 419 450 447 421 468 400 466 404 467 405 493 379 531 340 499 384 511 1231 477 360 470 398 467 1275 473 373 530 355 513 355 415 454 392 476 469 1273 477 365 493 378 501 386 509 359 440 1302 477 1233 477 1234 477 372 457 1299 429 407 415 453 468 402 467 1274 477 371 494 1263 379 1331 435 1275 478 1233 469 394 486 382 440 428 416 453 468 401 467 404 465 406 499 373 529 356 415 453 389 479 418 451 468 400 468 403 466 406 502 369 529 357 446 421 478 391 467 401 441 427 469 402 466 405 491 381 501 386 486 381 440 429 415 453 415 453 469 401 467 1274 502 1208 408 455 390 478 419 1323 480 360 465 1274 502 361 418 450 445 424 467 1274 480 1231 479,3405 1809 467 1284 467 1284 467 396 405 463 405 463 467 1284 467 396 467 396 467 1284 405 1284 405 463 467 1284 467 396 467 396 467 1284 405 1284 467 396 467 1284 467 1284 467 396 405 396 405 1284 467 396 467 396 467 1284 467 396 405 463 405 463 467 396 467 396 467 396 467 396 467 396 405 463 405 463 467 396 467 396 467 396 467 396 467 396 467 396 467 396 467 1284 467 396 467 396 467 1284 467 396 467 396 467 396 405 463 405 463 467 1284 467 396 467 396 467 396 467 396 405 1284 467 1284 467 1284 467 396 467 1284 405 396 405 463 467 396 467 1284 467 396 467 1284 405 1284 405 1284 467 1284 467 396 467 396 405 463 405 463 467 396 467 396 467 396 467 396 467 396 405 463 405 463 405 463 467 396 467 396 467 396 467 396 467 396 405 396 467 396 467 396 405 396 467 396 467 396 467 396 467 396 467 396 405 463 405 463 405 463 467 396 467 1284 467 1284 405 463 405 463 405 1284 467 396 467 1284 467 396 405 463 405 396 467 1284 467 1284 467
Mitsubishi_MSH_GA71VB.ir,Temp_down,MITSUBISHI112 70 bits 23cb2601002408273d00000030d5,1,True,learned fidelity_check (227 timings),MITSUBISHI112 70 bits 23cb2601002408273d00000030d5,True,-18.1,15.9,106,3477 1703 466 1251 463 1253 461 411 467 404 463 409 469 1248 466 405 462 409 469 1249 465 1251 463 408 470 1248 466 405 462 409 469 1248 466 1251 463 408 459 1258 467 1250 464 407 460 411 467 1251 463 408 459 412 466 1251 463 408 470 402 465 406 461 411 467 405 462 409 469 403 464 407 460 411 467 405 462 409 469 403 464 407 460 411 467 405 462 409 469 403 464 1252 462 409 469 403 464 1253 461 410 468 404 463 408 470 402 465 407 460 1256 469 402 465 407 460 411 467 405 462 1254 460 1257 468 1249 465 406 461 411 467 1250 464 407 460 412 466 1251 463 408 470 1247 467 1250 464 1252 462 1255 470 402 465 406 461 411 467 405 462 409 469 403 464 407 460 411 467 405 462 409 469 403 464 408 459 412 466 406 461 410 468 404 463 408 459 412 466 406 461 410 468 404 463 408 470 402 465 406 461 410 468 404 463 409 469 402 465 407 460 411 467 1250 464 1252 462 409 469 403 464 1253 461 410 468 1250 464 407 460 1256 469 403 464 1253 461 1256 469,3477 1703 466 1251 463 1253 461 411 467 404 463 409 469 1248 466 405 462 409 469 1249 465 1251 463 408 470 1248 466 405 462 409 469 1248 466 1251 463 408 459 1258 467 1250 464 407 460 411 467 1251 463 408 459 412 466 1251 463 408 470 402 465 406 461 411 467 405 462 409 469 403 464 407 460 411 467 405 462 409 469 403 464 407 460 411 467 405 462 409 469 403 464 1252 462 409 469 403 464 1253 461 410 468 404 463 408 470 402 465 407 460 1256 469 402 465 407 460 411 467 405 462 1254 460 1257 468 1249 465 406 461 411 467 1250 464 407 460 412 466 1251 463 408 470 1247 467 1250 464 1252 462 1255 470 402 465 406 461 411 467 405 462 409 469 403 464 407 460 411 467 405 462 409 469 403 464 408 459 412 466 406 461 410 468 404 463 408 459 412 466 406 461 410 468 404 463 408 470 402 465 406 461 410 468 404 463 409 469 402 465 407 460 411 467 1250 464 1252 462 409 469 403 464 1253 461 410 468 1250 464 407 460 1256 469 403 464 1253 461 1256 469,3412 1799 476 1234 478 1232 477 386 416 453 399 469 468 1274 477 364 491 380 498 1263 380 1330 435 402 468 1274 477 367 532 339 435 1323 431 1280 475 361 442 1300 477 1260 359 477 482 387 464 1278 477 362 466 405 495 1242 472 390 441 428 416 452 416 453 468 402 466 405 467 405 530 357 512 355 391 478 417 451 468 401 468 400 467 404 465 407 527 344 462 423 475 1267 404 433 468 400 468 1274 478 367 498 389 509 359 440 428 415 453 416 1326 477 364 466 406 532 339 488 396 481 1261 379 1332 476 1234 476 370 529 356 416 1326 435 402 415 453 468 1274 477 369 434 1325 432 1278 478 1233 477 1233 384 479 448 420 480 388 466 403 440 428 468 403 466 405 494 377 527 360 511 357 416 452 416 453 393 475 468 402 466 405 467 405 531 356 512 356 418 450 445 424 467 401 468 400 468 404 465 406 500 371 492 394 482 386 441 427 440 428 415 454 468 1274 479 1231 479 384 415 453 415 1327 471 367 467 1274 479 385 512 1229 475 361 441 1302 481 1229 443,3402 1809 467 1284 467 1284 467 398 406 463 406 463 467 1284 467 398 467 398 467 1284 406 1284 406 398 467 1284 467 398 467 398 406 1284 406 1284 467 398 406 1284 467 1284 406 463 467 398 467 1284 467 398 467 398 467 1284 467 398 406 463 406 463 406 463 467 398 467 398 467 398 467 398 467 398 406 463 406 463 467 398 467 398 467 398 467 398 467 398 467 398 467 1284 406 463 467 398 467 1284 467 398 467 398 467 398 406 463 406 463 406 1284 467 398 467 398 467 398 467 398 467 1284 406 1284 467 1284 467 398 467 398 406 1284 406 398 406 463 467 1284 467 398 406 1284 406 1284 467 1284 467 1284 406 463 467 398 467 398 467 398 406 463 467 398 467 398 467 398 467 398 467 398 406 463 406 463 406 463 467 398 467 398 467 398 467 398 467 398 406 463 406 398 467 398 467 398 467 398 467 398 467 398 467 398 467 398 406 463 406 463 406 463 467 1284 467 1284 467 398 406 463 406 1284 467 398 467 1284 467 398 467 1284 467 398 406 1284 467 1284 406
Mitsubishi_MSH_GA71VB.ir,Mode,MITSUBISHI112 70 bits 23cb26010024030a3d00000030b3,1,True,learned fidelity_check (227 timings),MITSUBISHI112 70 bits 23cb26010024030a3d00000030b3,True,-14.1,11.9,113,3484 1696 462 1254 460 1257 468 404 463 408 470 402 465 1252 462 410 468 404 463 1253 461 1256 469 403 464 1253 461 410 468 404 463 1254 460 1257 468 403 464 1253 461 1256 469 403 464 407 460 1257 468 404 463 408 470 1248 466 405 462 409 469 403 464 408 459 412 466 406 461 410 468 404 463 409 469 403 464 407 460 411 467 405 462 410 468 404 463 408 459 412 465 1251 463 408 470 402 465 1252 462 409 469 403 464 1253 461 1256 469 403 464 407 460 411 466 406 461 410 468 404 463 409 469 1248 466 405 462 1254 460 412 465 406 461 410 468 404 463 1254 460 411 467 1250 464 1253 461 1256 469 1248 466 405 462 410 468 404 463 409 469 403 464 407 460 411 467 405 462 410 468 403 464 408 459 412 466 406 461 410 468 404 463 408 459 412 466 406 461 411 467 405 462 409 469 403 464 407 460 411 466 405 462 410 468 404 463 408 459 412 466 406 461 1255 470 1247 467 405 462 409 469 1249 465 1251 463 409 469 402 465 1252 462 1255 470 402 465 1252 462,3484 1696 462 1254 460 1257 468 404 463 408 470 402 465 1252 462 410 468 404 463 1253 461 1256 469 403 464 1253 461 410 468 404 463 1254 460 1257 468 403 464 1253 461 1256 469 403 464 407 460 1257 468 404 463 408 470 1248 466 405 462 409 469 403 464 408 459 412 466 406 461 410 468 404 463 409 469 403 464 407 460 411 467 405 462 410 468 404 463 408 459 412 465 1251 463 408 470 402 465 1252 462 409 469 403 464 1253 461 1256 469 403 464 407 460 411 466 406 461 410 468 404 463 409 469 1248 466 405 462 1254 460 412 465 406 461 410 468 404 463 1254 460 411 467 1250 464 1253 461 1256 469 1248 466 405 462 410 468 404 463 409 469 403 464 407 460 411 467 405 462 410 468 403 464 408 459 412 466 406 461 410 468 404 463 408 459 412 466 406 461 411 467 405 462 409 469 403 464 407 460 411 466 405 462 410 468 404 463 408 459 412 466 406 461 1255 470 1247 467 405 462 409 469 1249 465 1251 463 409 469 402 465 1252 462 1255 470 402 465 1252 462,3413 1799 359 1351 406 1304 477 366 498 373 437 449 447 1295 405 431 469 400 468 1274 477 1234 407 455 415 1327 435 402 468 403 466 1273 477 1260 461 375 416 1326 479 1231 471 376 528 357 513 1229 476 360 466 402 469 1274 478 368 529 356 415 453 419 450 419 449 468 400 468 403 466 406 499 373 435 450 448 420 479 389 467 401 441 428 469 403 465 406 501 370 529 1231 358 478 469 399 467 1275 477 364 466 406 531 1230 410 1300 477 360 468 401 467 404 466 406 531 341 459 424 475 394 468 1274 477 360 467 1274 478 370 500 384 511 357 416 452 415 1327 472 368 465 1274 477 1259 385 1326 477 1233 478 364 495 377 491 395 481 387 464 404 440 428 415 453 469 403 465 407 499 372 529 356 512 356 416 453 390 478 469 400 468 403 465 405 492 380 530 356 418 450 447 422 468 400 467 401 441 429 467 405 465 406 502 385 486 382 513 355 416 453 414 1328 479 1231 481 367 528 356 415 1326 471 1240 483 357 465 406 500 1262 410 1300 479 358 468 1274 479,3403 1809 405 1284 405 1284 466 399 466 399 405 462 466 1284 405 462 466 399 466 1284 466 1284 405 462 405 1284 405 399 466 399 466 1284 466 1284 466 399 405 1284 466 1284 466 399 466 399 466 1284 466 399 466 399 466 1284 466 399 466 399 405 462 405 462 405 462 466 399 466 399 466 399 466 399 405 462 466 399 466 399 466 399 405 399 466 399 466 399 466 399 466 1284 405 462 466 399 466 1284 466 399 466 399 466 1284 405 1284 466 399 466 399 466 399 466 399 466 399 466 399 466 399 466 1284 466 399 466 1284 466 399 466 399 466 399 405 462 405 1284 466 399 466 1284 466 1284 405 1284 466 1284 466 399 466 399 466 399 466 399 466 399 405 399 405 462 466 399 466 399 466 399 466 399 466 399 405 462 405 462 466 399 466 399 466 399 466 399 466 399 405 462 466 399 466 399 466 399 405 462 466 399 466 399 466 399 466 399 466 399 405 462 405 1284 466 1284 466 399 466 399 405 1284 466 1284 466 399 466 399 466 1284 405 1284 466 399 466 1284 466
Panasonic_CWA75C4179.ir,Off,PANASONIC_AC 0 bits 0220e004000000060220e00400392c80af0d000ee0000081000016,1,True,learned fidelity_check (439 timings),PANASONIC_AC 0 bits 0220e004000000060220e00400392c80af0d000ee0000081000016,True,-20.2,17.5,91,3472 1744 416 457 415 1306 418 463 419 466 416 473 419 474 418 478 414 457 415 458 414 463 419 462 420 465 417 472 420 1316 418 479 413 458 414 459 413 464 418 463 419 466 416 473 419 1318 416 1324 420 1295 418 454 418 459 413 1312 422 463 419 470 422 471 421 475 417 454 418 455 417 460 422 459 413 472 420 469 413 480 412 485 417 453 419 454 418 459 413 468 414 471 421 468 414 479 413 484 418 452 420 453 419 458 414 468 414 471 421 467 415 478 414 483 419 451 421 453 419 1301 412 1312 422 463 419 470 422 471 421 476 416 433 418 10535 3469 1746 414 459 413 1308 415 465 417 468 414 475 417 476 416 481 421 449 413 461 421 455 417 465 417 467 415 474 418 1319 415 482 420 450 422 451 421 457 415 466 416 469 413 476 416 1320 414 1327 417 1297 416 457 415 462 420 1305 419 466 416 473 419 474 418 478 414 457 415 458 414 463 419 462 420 465 417 472 420 473 419 477 415 456 416 1301 412 464 418 463 419 1310 413 1319 415 1321 413 485 417 453 419 454 418 459 413 1312 422 1307 416 472 420 1317 416 480 412 459 413 460 412 465 417 464 418 467 415 474 418 475 417 479 413 1302 422 1295 418 1302 421 1303 421 1308 415 473 419 1318 416 481 421 1293 420 1296 417 460 412 1313 421 1307 416 473 419 473 419 478 414 457 415 458 414 463 419 462 420 465 417 472 420 473 419 477 415 456 416 457 415 1306 418 1307 416 1312 422 467 415 478 414 483 419 451 421 452 420 457 415 467 415 469 413 476 416 1321 413 1328 416 1298 415 458 414 463 419 462 420 465 417 472 420 472 420 477 415 456 416 457 415 462 420 461 421 464 418 470 422 471 421 476 416 454 418 1299 414 463 419 461 421 464 418 471 421 472 420 477 415 1299 414 459 413 464 418 463 419 466 416 473 419 473 419 478 414 457 415 458 414 463 419 462 420 465 417 472 420 473 419 477 415 456 416 457 415 1306 417 1307 416 468 414 1319 415 478 414 483 419 430 421,3472 1744 416 457 415 1306 418 463 419 466 416 473 419 474 418 478 414 457 415 458 414 463 419 462 420 465 417 472 420 1316 418 479 413 458 414 459 413 464 418 463 419 466 416 473 419 1318 416 1324 420 1295 418 454 418 459 413 1312 422 463 419 470 422 471 421 475 417 454 418 455 417 460 422 459 413 472 420 469 413 480 412 485 417 453 419 454 418 459 413 468 414 471 421 468 414 479 413 484 418 452 420 453 419 458 414 468 414 471 421 467 415 478 414 483 419 451 421 453 419 1301 412 1312 422 463 419 470 422 471 421 476 416 433 418 10535 3469 1746 414 459 413 1308 415 465 417 468 414 475 417 476 416 481 421 449 413 461 421 455 417 465 417 467 415 474 418 1319 415 482 420 450 422 451 421 457 415 466 416 469 413 476 416 1320 414 1327 417 1297 416 457 415 462 420 1305 419 466 416 473 419 474 418 478 414 457 415 458 414 463 419 462 420 465 417 472 420 473 419 477 415 456 416 1301 412 464 418 463 419 1310 413 1319 415 1321 413 485 417 453 419 454 418 459 413 1312 422 1307 416 472 420 1317 416 480 412 459 413 460 412 465 417 464 418 467 415 474 418 475 417 479 413 1302 422 1295 418 1302 421 1303 421 1308 415 473 419 1318 416 481 421 1293 420 1296 417 460 412 1313 421 1307 416 473 419 473 419 478 414 457 415 458 414 463 419 462 420 465 417 472 420 473 419 477 415 456 416 457 415 1306 418 1307 416 1312 422 467 415 478 414 483 419 451 421 452 420 457 415 467 415 469 413 476 416 1321 413 1328 416 1298 415 458 414 463 419 462 420 465 417 472 420 472 420 477 415 456 416 457 415 462 420 461 421 464 418 470 422 471 421 476 416 454 418 1299 414 463 419 461 421 464 418 471 421 472 420 477 415 1299 414 459 413 464 418 463 419 466 416 473 419 473 419 478 414 457 415 458 414 463 419 462 420 465 417 472 420 473 419 477 415 456 416 457 415 1306 417 1307 416 468 414 1319 415 478 414 483 419 430 421,3500 1739 423 417 413 1352 411 426 414 480 414 481 363 515 378 533 392 476 362 506 395 475 414 480 414 458 413 477 416 1353 423 440 414 457 412 461 479 407 416 456 412 480 415 479 413 1356 378 1359 423 1287 423 413 415 462 477 1283 424 439 388 488 381 512 358 538 439 433 377 506 388 481 415 463 447 438 416 478 415 479 388 507 416 453 415 455 414 480 426 441 416 479 415 461 475 418 449 448 382 489 377 506 416 453 415 480 392 477 388 505 416 479 414 480 416 453 415 456 411 1328 361 1376 420 442 415 481 412 465 379 533 337 504 416 10532 3499 1741 424 422 450 1310 423 418 414 475 416 480 413 481 372 523 414 453 388 481 415 460 413 475 415 463 440 448 413 1352 424 445 358 513 380 507 413 454 416 462 426 460 415 479 415 1353 418 1319 425 1285 425 417 444 445 416 1326 423 440 416 478 390 506 363 530 337 532 386 483 415 456 410 481 416 459 414 475 415 479 416 479 415 456 412 1327 422 441 415 457 388 1376 426 1311 418 1318 381 483 415 453 415 454 415 462 448 1311 426 1310 416 431 379 1379 333 557 425 443 363 505 386 484 414 479 388 485 414 476 416 479 416 479 415 1326 386 1325 332 1404 428 1283 333 1403 429 434 416 1352 430 433 416 1326 430 1281 396 467 392 1349 396 1340 431 433 412 483 363 531 339 530 387 482 415 456 411 480 416 459 414 475 413 480 416 480 414 457 412 461 420 1338 431 1279 399 1338 431 434 415 480 387 507 416 453 415 453 415 462 441 445 415 480 394 480 418 1322 452 1302 388 1324 384 482 416 454 418 476 421 452 418 471 417 478 422 473 447 423 422 451 453 435 419 451 417 477 452 440 414 482 388 506 363 507 446 1265 457 414 458 434 458 415 450 439 458 438 456 438 457 1257 455 434 427 443 452 420 410 481 418 477 412 480 410 487 383 485 410 459 440 432 385 505 444 432 381 508 414 479 416 481 413 457 411 479 362 1372 392 1320 363 508 439 1320 392 480 407 488 413 429 410,3490 1751 406 477 406 1336 378 477 406 477 406 477 378 541 378 541 378 477 378 477 378 477 406 477 406 477 406 477 406 1336 406 477 406 477 378 477 406 477 406 477 378 477 406 477 406 1336 378 1336 406 1336 406 477 406 477 406 1336 406 477 378 477 378 541 378 541 406 477 378 477 378 477 406 477 406 477 406 477 406 477 378 477 406 477 406 477 406 477 406 477 406 477 406 477 406 477 406 477 378 477 378 477 406 477 406 477 378 477 378 477 406 477 406 477 406 477 406 477 378 1336 378 1336 406 477 406 477 378 477 378 541 378 477 406 10542 3490 1751 406 477 406 1336 406 477 406 477 406 477 406 477 378 541 406 477 378 477 406 477 406 477 406 477 406 477 406 1336 406 477 378 541 378 477 406 477 406 477 406 477 406 477 406 1336 406 1336 406 1336 406 477 406 477 406 1336 406 477 406 477 378 477 378 541 378 541 378 477 406 477 378 477 406 477 406 477 406 477 406 477 406 477 378 1336 406 477 406 477 378 1336 406 1336 406 1336 378 477 406 477 406 477 406 477 406 1336 406 1336 406 477 378 1336 378 541 406 477 378 477 378 477 406 477 378 477 406 477 406 477 406 477 406 1336 378 1336 378 1336 406 1336 378 1336 406 477 406 1336 406 477 406 1336 406 1336 378 477 378 1336 378 1336 406 477 378 477 378 541 378 541 378 477 406 477 378 477 406 477 406 477 406 477 406 477 406 477 378 477 406 1336 406 1336 378 1336 406 477 406 477 378 477 406 477 406 477 406 477 406 477 406 477 378 477 406 1336 406 1336 378 1336 378 477 406 477 406 477 406 477 406 477 406 477 406 477 406 477 406 477 406 477 406 477 406 477 406 477 406 477 378 477 378 477 406 1336 406 477 406 477 406 477 406 477 406 477 406 477 406 1336 406 477 406 477 406 477 378 477 406 477 378 477 378 477 378 477 378 477 406 477 378 477 406 477 378 477 406 477 406 477 406 477 378 477 378 1336 378 1336 378 477 406 1336 378 477 378 477 406 477 378
Panasonic_CWA75C4179.ir,POWER_ON,PANASONIC_AC 0 bits 0220e004000000060220e00400382c80af0d000ee0000081000015,1,True,learned fidelity_check (439 timings),PANASONIC_AC 0 bits 0220e004000000060220e00400382c80af0d000ee0000081000015,True,-39.7,36.7,99,3473 1716 444 455 417 1304 420 461 421 464 418 471 421 471 421 476 416 455 417 456 416 461 421 460 412 473 419 469 413 1324 420 477 415 455 417 457 415 462 420 461 421 463 419 470 422 1315 419 1321 413 1302 422 451 421 456 416 1309 414 470 422 467 415 478 414 482 420 451 421 452 420 457 415 466 416 469 413 476 416 477 415 481 421 450 412 461 421 456 416 465 417 468 414 474 418 475 417 480 412 458 414 459 413 464 418 463 419 466 416 473 419 474 418 478 414 457 415 458 414 1307 417 1308 416 469 413 476 416 477 415 481 421 428 413 10540 3465 1751 419 454 418 1302 422 459 413 472 420 469 413 480 412 485 417 453 419 454 418 459 413 468 414 471 421 468 414 1322 422 475 417 454 418 455 417 460 412 469 413 472 420 468 414 1323 421 1320 414 1300 413 460 412 465 417 1307 417 468 414 475 417 476 416 481 421 449 413 460 422 455 417 464 418 467 415 474 418 474 418 479 413 458 414 459 413 464 418 463 419 1309 415 1318 416 1321 413 484 418 452 420 453 419 458 414 1311 413 1316 418 471 421 1315 419 478 414 457 415 458 414 463 419 462 420 465 417 472 420 472 420 477 415 1299 414 1302 422 1299 414 1310 414 1315 419 470 422 1315 419 478 414 1300 413 1303 421 456 416 1309 415 1314 420 469 413 480 412 485 417 453 419 454 418 459 413 468 414 471 421 468 414 479 413 484 418 452 420 453 419 1302 422 1303 421 1307 417 473 419 473 419 478 414 457 415 458 414 463 419 462 420 465 417 471 421 1316 418 1322 422 1293 420 452 420 457 415 466 416 469 413 476 416 477 415 482 420 450 422 451 421 456 416 465 417 468 414 475 417 476 416 480 412 459 413 1304 420 457 415 466 416 469 413 476 416 477 415 481 421 1293 420 453 419 458 414 467 415 470 412 477 415 477 415 482 420 450 422 451 421 456 416 465 417 468 414 475 417 476 416 481 421 449 413 1304 420 457 415 1310 414 471 421 1311 413 481 421 475 417 432 419,3473 1716 444 455 417 1304 420 461 421 464 418 471 421 471 421 476 416 455 417 456 416 461 421 460 412 473 419 469 413 1324 420 477 415 455 417 457 415 462 420 461 421 463 419 470 422 1315 419 1321 413 1302 422 451 421 456 416 1309 414 470 422 467 415 478 414 482 420 451 421 452 420 457 415 466 416 469 413 476 416 477 415 481 421 450 412 461 421 456 416 465 417 468 414 474 418 475 417 480 412 458 414 459 413 464 418 463 419 466 416 473 419 474 418 478 414 457 415 458 414 1307 417 1308 416 469 413 476 416 477 415 481 421 428 413 10540 3465 1751 419 454 418 1302 422 459 413 472 420 469 413 480 412 485 417 453 419 454 418 459 413 468 414 471 421 468 414 1322 422 475 417 454 418 455 417 460 412 469 413 472 420 468 414 1323 421 1320 414 1300 413 460 412 465 417 1307 417 468 414 475 417 476 416 481 421 449 413 460 422 455 417 464 418 467 415 474 418 474 418 479 413 458 414 459 413 464 418 463 419 1309 415 1318 416 1321 413 484 418 452 420 453 419 458 414 1311 413 1316 418 471 421 1315 419 478 414 457 415 458 414 463 419 462 420 465 417 472 420 472 420 477 415 1299 414 1302 422 1299 414 1310 414 1315 419 470 422 1315 419 478 414 1300 413 1303 421 456 416 1309 415 1314 420 469 413 480 412 485 417 453 419 454 418 459 413 468 414 471 421 468 414 479 413 484 418 452 420 453 419 1302 422 1303 421 1307 417 473 419 473 419 478 414 457 415 458 414 463 419 462 420 465 417 471 421 1316 418 1322 422 1293 420 452 420 457 415 466 416 469 413 476 416 477 415 482 420 450 422 451 421 456 416 465 417 468 414 475 417 476 416 480 412 459 413 1304 420 457 415 466 416 469 413 476 416 477 415 481 421 1293 420 453 419 458 414 467 415 470 412 477 415 477 415 482 420 450 422 451 421 456 416 465 417 468 414 475 417 476 416 481 421 449 413 1304 420 457 415 1310 414 471 421 1311 413 481 421 475 417 432 419,3471 1738 360 532 336 1404 452 393 381 506 415 479 416 479 416 479 415 453 415 453 415 462 381 505 413 483 362 510 439 1325 386 484 448 422 384 501 363 506 415 463 379 506 416 478 416 1352 453 1284 452 1258 390 454 357 531 387 1354 428 436 415 479 363 532 366 528 415 454 415 453 416 457 412 478 388 487 449 440 414 480 415 480 414 457 412 461 380 507 411 460 416 475 415 480 387 508 362 532 392 477 362 506 413 458 413 479 416 458 413 476 415 479 416 480 415 455 413 460 451 1309 454 1257 399 464 416 479 414 480 364 531 416 426 416 10537 3506 1724 362 506 414 1325 431 435 397 474 411 480 417 479 412 482 415 454 415 457 411 480 394 474 415 479 416 463 417 1338 361 532 361 507 387 481 415 454 414 480 364 509 398 493 415 1325 456 1282 447 1266 451 435 407 461 417 1303 441 444 416 479 418 476 412 483 421 448 414 454 421 455 417 470 417 478 391 482 442 450 418 480 454 416 451 435 394 477 452 424 407 1323 457 1278 457 1280 458 437 458 410 458 414 451 437 339 1375 456 1280 455 439 454 1283 443 452 383 485 412 456 416 458 357 532 416 479 336 535 386 506 443 454 441 1273 437 1291 419 1296 412 1320 361 1356 408 482 417 1343 393 479 440 1293 393 1319 383 488 409 1325 386 1349 391 482 408 508 359 536 390 478 389 479 388 484 383 508 387 485 408 486 386 508 386 509 383 487 380 511 359 1352 385 1328 407 1328 384 509 385 510 384 511 383 486 382 489 380 512 381 488 379 516 381 513 379 1357 375 1387 351 1360 350 519 348 521 347 546 350 520 349 544 350 545 349 546 351 517 351 519 374 519 349 520 349 545 350 545 348 546 349 545 326 543 351 1360 349 520 349 544 350 522 347 545 349 545 349 546 350 1361 352 541 350 519 349 521 349 544 349 545 349 546 349 546 349 519 350 518 350 521 348 545 349 545 324 546 349 545 349 546 349 520 348 1387 349 519 350 1387 324 544 350 1387 349 545 350 545 349 494 349,3496 1748 351 531 351 1335 406 486 351 531 406 486 406 486 406 486 406 486 406 486 406 486 351 531 406 486 351 531 406 1335 351 486 406 486 351 531 351 531 406 486 351 531 406 486 406 1335 406 1335 406 1335 351 486 351 531 351 1335 406 486 406 486 351 531 351 531 406 486 406 486 406 486 406 486 351 486 406 486 406 486 406 486 406 486 406 486 351 531 406 486 406 486 406 486 351 531 351 531 351 486 351 531 406 486 406 486 406 486 406 486 406 486 406 486 406 486 406 486 406 1335 406 1335 351 486 406 486 406 486 351 531 406 486 406 10547 3496 1748 351 531 406 1335 406 486 351 486 406 486 406 486 406 486 406 486 406 486 406 486 351 486 406 486 406 486 406 1335 351 531 351 531 351 486 406 486 406 486 351 531 351 486 406 1335 406 1335 406 1335 406 486 406 486 406 1335 406 486 406 486 406 486 406 486 406 486 406 486 406 486 406 486 406 486 351 486 406 486 406 486 406 486 406 486 351 486 406 486 406 1335 406 1335 406 1335 406 486 406 486 406 486 406 486 351 1335 406 1335 406 486 406 1335 406 486 351 486 406 486 406 486 351 531 406 486 351 531 351 531 406 486 406 1335 406 1335 406 1335 406 1335 351 1335 406 486 406 1335 351 486 406 1335 351 1335 351 486 406 1335 351 1335 351 486 406 531 351 531 351 486 351 486 351 486 351 531 351 486 406 486 351 531 351 531 351 486 351 531 351 1335 351 1335 406 1335 351 531 351 531 351 531 351 486 351 486 351 531 351 486 351 531 351 531 351 1335 351 1335 351 1335 351 531 351 531 351 531 351 531 351 531 351 531 351 531 351 531 351 531 351 531 351 531 351 531 351 531 351 531 351 531 351 531 351 1335 351 531 351 531 351 531 351 531 351 531 351 531 351 1335 351 531 351 531 351 531 351 531 351 531 351 531 351 531 351 531 351 531 351 531 351 531 351 531 351 531 351 531 351 531 351 531 351 1335 351 531 351 1335 351 531 351 1335 351 531 351 531 351 531 351
Panasonic_CWA75C4179.ir,TEMP+,PANASONIC_AC 0 bits 0220e004000000060220e00400392e7f310a000ee0000081000096,1,True,learned fidelity_check (439 timings),PANASONIC_AC 0 bits 0220e004000000060220e00400392e7f310a000ee0000081000096,True,-40.6,44.3,103,3466 1750 420 453 419 1302 422 459 413 472 420 469 413 480 412 485 417 453 419 455 417 460 412 469 413 472 420 469 413 1324 420 476 416 455 417 456 416 461 421 460 422 463 419 470 422 1315 419 1322 412 1302 422 452 420 457 415 1310 414 471 421 468 414 479 413 484 418 452 420 453 419 458 414 468 414 471 421 467 415 478 414 483 419 452 420 453 419 458 414 467 415 470 412 477 415 478 414 483 419 451 421 452 420 457 415 466 416 469 413 476 416 477 415 482 420 450 422 451 421 1300 413 1312 412 473 419 470 412 481 421 475 417 432 419 10572 3473 1743 417 456 416 1305 419 462 420 465 417 472 420 473 419 477 415 456 416 457 415 463 419 461 421 464 418 471 421 1316 418 479 413 457 415 459 413 464 418 463 419 466 416 473 419 1317 417 1324 420 1294 419 454 418 459 413 1312 422 463 419 470 422 471 421 476 416 454 418 455 417 461 421 460 412 473 419 469 413 480 422 475 417 453 419 1298 415 462 420 461 421 1308 415 1317 417 1320 414 483 419 451 421 452 420 1301 412 1312 422 1307 417 473 419 1317 417 480 422 449 412 1304 419 1301 412 1312 422 1307 416 1316 418 1319 415 1326 418 453 419 1298 415 462 420 461 421 464 418 1314 420 1317 417 480 422 449 412 460 422 1299 414 467 415 1313 421 468 414 480 412 484 418 453 419 454 418 459 413 468 414 471 421 468 414 479 413 484 418 452 420 453 419 1302 422 1303 421 1308 415 474 418 474 418 479 413 458 414 459 413 464 418 463 419 466 416 473 419 1318 416 1324 420 1295 418 454 418 459 413 468 414 471 421 468 414 479 413 484 418 452 420 454 418 459 413 468 414 471 421 467 415 478 414 483 419 452 420 1297 416 460 422 459 413 472 420 469 413 480 412 484 418 1297 416 456 416 461 421 460 422 463 419 470 422 471 421 476 416 454 418 455 417 460 422 459 413 472 420 469 413 480 412 485 417 453 419 454 418 1303 421 1304 420 466 416 1316 418 476 416 480 422 1271 412,3466 1750 420 453 419 1302 422 459 413 472 420 469 413 480 412 485 417 453 419 455 417 460 412 469 413 472 420 469 413 1324 420 476 416 455 417 456 416 461 421 460 422 463 419 470 422 1315 419 1322 412 1302 422 452 420 457 415 1310 414 471 421 468 414 479 413 484 418 452 420 453 419 458 414 468 414 471 421 467 415 478 414 483 419 452 420 453 419 458 414 467 415 470 412 477 415 478 414 483 419 451 421 452 420 457 415 466 416 469 413 476 416 477 415 482 420 450 422 451 421 1300 413 1312 412 473 419 470 412 481 421 475 417 432 419 10572 3473 1743 417 456 416 1305 419 462 420 465 417 472 420 473 419 477 415 456 416 457 415 463 419 461 421 464 418 471 421 1316 418 479 413 457 415 459 413 464 418 463 419 466 416 473 419 1317 417 1324 420 1294 419 454 418 459 413 1312 422 463 419 470 422 471 421 476 416 454 418 455 417 461 421 460 412 473 419 469 413 480 422 475 417 453 419 1298 415 462 420 461 421 1308 415 1317 417 1320 414 483 419 451 421 452 420 1301 412 1312 422 1307 417 473 419 1317 417 480 422 449 412 1304 419 1301 412 1312 422 1307 416 1316 418 1319 415 1326 418 453 419 1298 415 462 420 461 421 464 418 1314 420 1317 417 480 422 449 412 460 422 1299 414 467 415 1313 421 468 414 480 412 484 418 453 419 454 418 459 413 468 414 471 421 468 414 479 413 484 418 452 420 453 419 1302 422 1303 421 1308 415 474 418 474 418 479 413 458 414 459 413 464 418 463 419 466 416 473 419 1318 416 1324 420 1295 418 454 418 459 413 468 414 471 421 468 414 479 413 484 418 452 420 454 418 459 413 468 414 471 421 467 415 478 414 483 419 452 420 1297 416 460 422 459 413 472 420 469 413 480 412 484 418 1297 416 456 416 461 421 460 422 463 419 470 422 471 421 476 416 454 418 455 417 460 422 459 413 472 420 469 413 480 412 485 417 453 419 454 418 1303 421 1304 420 466 416 1316 418 476 416 480 422 1271 412,3449 1760 457 409 415 1326 360 504 362 514 381 508 413 480 415 482 414 456 411 480 361 506 387 487 442 447 415 480 362 1379 457 433 416 452 416 453 415 461 381 505 416 480 361 512 379 1362 411 1343 428 1285 455 410 415 455 414 1323 412 462 356 533 412 480 419 479 414 455 411 462 381 505 387 486 441 449 415 480 361 533 338 557 418 450 418 451 417 457 445 443 393 485 453 435 414 480 418 479 415 455 358 515 378 506 414 460 446 442 419 477 410 485 386 509 422 445 424 445 421 1298 453 1276 454 438 388 488 455 438 359 537 440 422 389 10592 3435 1793 361 508 417 1295 450 443 452 421 452 437 448 448 453 441 455 415 456 417 454 434 451 420 457 435 460 433 390 1348 387 509 381 487 443 426 459 413 454 436 458 418 415 474 456 1280 455 1287 385 1344 360 509 409 460 416 1319 419 453 414 479 417 477 418 477 442 427 443 428 440 449 418 452 415 480 414 479 387 491 400 512 358 510 386 1348 390 457 439 454 440 1294 390 1346 389 1348 388 488 382 488 378 510 384 1350 387 1325 385 1350 387 508 387 1349 387 508 387 481 388 1324 384 1352 356 1355 382 1354 384 1353 385 1352 383 1353 384 485 383 1329 381 512 383 485 382 513 381 1356 356 1380 356 540 378 491 350 519 372 1362 349 545 350 1362 374 520 349 546 349 545 350 519 350 520 373 519 350 519 349 545 349 546 349 545 349 546 349 519 349 520 349 1363 374 1361 350 1386 350 521 372 522 349 546 348 544 325 544 349 519 349 545 350 520 348 545 350 1388 349 1387 349 1363 349 543 326 544 348 521 348 545 349 546 349 546 324 570 349 520 349 519 349 521 347 546 349 545 349 521 348 546 349 546 349 520 349 1387 347 521 349 545 323 546 348 546 349 546 327 568 348 1363 347 521 348 546 348 520 349 546 349 545 325 546 348 570 324 545 324 545 348 521 347 546 323 547 348 547 347 547 347 548 347 521 348 521 347 1388 349 1387 314 580 324 1387 349 547 324 595 300 1385 299,3439 1803 404 472 404 1362 339 472 339 555 404 472 404 472 404 472 404 472 404 472 339 472 404 472 404 472 404 472 339 1362 404 472 404 472 404 472 404 472 404 472 404 472 339 472 404 1362 404 1362 404 1362 404 472 404 472 404 1362 404 472 339 555 404 472 404 472 404 472 404 472 404 472 404 472 404 472 404 472 339 555 339 555 404 472 404 472 404 472 404 472 404 472 404 472 404 472 404 472 404 472 339 555 404 472 404 472 404 472 404 472 404 472 404 472 404 472 404 472 404 1362 404 1362 404 472 404 472 404 472 339 555 404 472 404 10602 3439 1803 339 472 404 1362 404 472 404 472 404 472 404 472 404 472 404 472 404 472 404 472 404 472 404 472 404 472 404 1362 404 472 404 472 404 472 404 472 404 472 404 472 404 472 404 1362 404 1362 404 1362 339 472 404 472 404 1362 404 472 404 472 404 472 404 472 404 472 404 472 404 472 404 472 404 472 404 472 404 472 404 472 339 472 404 1362 404 472 404 472 404 1362 404 1362 404 1362 404 472 404 472 404 472 404 1362 404 1362 404 1362 404 472 404 1362 404 472 404 472 404 1362 404 1362 339 1362 404 1362 404 1362 404 1362 404 1362 404 472 404 1362 404 472 404 472 404 472 404 1362 339 1362 339 555 404 472 339 555 404 1362 339 555 339 1362 404 555 339 555 339 555 339 555 339 555 404 555 339 555 339 555 339 555 339 555 339 555 339 555 339 555 339 1362 404 1362 339 1362 339 555 404 555 339 555 339 555 339 555 339 555 339 555 339 555 339 555 339 1362 339 1362 339 1362 339 555 339 555 339 555 339 555 339 555 339 555 339 555 339 555 339 555 339 555 339 555 339 555 339 555 339 555 339 555 339 555 339 1362 339 555 339 555 339 555 339 555 339 555 339 555 339 1362 339 555 339 555 339 555 339 555 339 555 339 555 339 555 339 555 339 555 339 555 339 555 339 555 339 555 339 555 339 555 339 555 339 555 339 1362 339 1362 339 555 339 1362 339 555 339 555 339 1362 339
Panasonic_CWA75C4179.ir,TEMP-,PANASONIC_AC 0 bits 0220e004000000060220e00400392c7f310a000ee0000081000094,1,True,learned fidelity_check (439 timings),PANASONIC_AC 0 bits 0220e004000000060220e00400392c7f310a000ee0000081000094,True,-41.1,46.2,105,3474 1742 417 456 416 1305 418 462 420 465 417 472 420 473 419 478 414 456 416 458 414 463 419 462 420 465 417 472 420 1316 418 479 413 458 414 459 413 464 418 463 419 466 416 474 418 1318 416 1325 419 1296 417 455 417 460 422 1303 421 464 418 471 421 472 420 477 415 456 416 457 415 462 420 461 421 464 418 471 421 472 420 477 415 455 417 456 416 462 420 461 421 464 418 471 421 471 421 476 416 455 417 456 416 461 421 460 422 463 419 470 422 471 421 476 416 454 418 456 416 1305 419 1306 417 467 415 474 418 475 417 480 412 437 414 10576 3468 1747 413 461 421 1299 414 467 415 470 422 467 415 478 414 483 419 451 421 452 420 458 414 467 415 470 412 477 415 1321 413 485 417 453 419 454 418 459 413 469 413 472 420 469 413 1323 421 1320 414 1301 412 460 422 456 416 1309 414 470 422 467 415 478 414 483 419 451 421 452 420 457 415 467 415 470 412 477 415 478 414 482 420 451 421 1296 417 459 413 468 414 1315 419 1314 420 1317 417 480 422 449 412 460 422 455 417 1308 415 1313 421 469 413 1323 421 476 416 455 417 1300 413 1308 415 1309 414 1314 420 1313 421 1316 418 1323 421 450 422 1295 418 458 414 468 414 471 421 1311 413 1324 420 477 415 456 415 457 415 1306 417 464 418 1311 412 476 416 477 415 482 420 450 422 451 421 456 416 466 416 469 413 476 416 477 415 481 421 450 422 451 421 1300 413 1311 412 1316 418 472 420 473 419 477 415 456 416 457 415 463 419 462 420 465 417 472 420 1316 418 1323 421 1294 419 453 419 458 414 468 414 471 421 467 415 478 414 483 419 452 420 453 419 458 414 467 415 471 421 467 415 478 414 483 419 452 420 1297 416 460 422 459 413 472 420 469 413 480 412 485 417 1297 416 457 415 462 420 461 421 464 418 471 421 472 420 477 415 455 417 457 415 462 420 461 421 464 418 471 421 471 421 476 416 455 417 456 416 461 421 1304 419 465 417 1316 418 476 416 480 422 1271 422,3474 1742 417 456 416 1305 418 462 420 465 417 472 420 473 419 478 414 456 416 458 414 463 419 462 420 465 417 472 420 1316 418 479 413 458 414 459 413 464 418 463 419 466 416 474 418 1318 416 1325 419 1296 417 455 417 460 422 1303 421 464 418 471 421 472 420 477 415 456 416 457 415 462 420 461 421 464 418 471 421 472 420 477 415 455 417 456 416 462 420 461 421 464 418 471 421 471 421 476 416 455 417 456 416 461 421 460 422 463 419 470 422 471 421 476 416 454 418 456 416 1305 419 1306 417 467 415 474 418 475 417 480 412 437 414 10576 3468 1747 413 461 421 1299 414 467 415 470 422 467 415 478 414 483 419 451 421 452 420 458 414 467 415 470 412 477 415 1321 413 485 417 453 419 454 418 459 413 469 413 472 420 469 413 1323 421 1320 414 1301 412 460 422 456 416 1309 414 470 422 467 415 478 414 483 419 451 421 452 420 457 415 467 415 470 412 477 415 478 414 482 420 451 421 1296 417 459 413 468 414 1315 419 1314 420 1317 417 480 422 449 412 460 422 455 417 1308 415 1313 421 469 413 1323 421 476 416 455 417 1300 413 1308 415 1309 414 1314 420 1313 421 1316 418 1323 421 450 422 1295 418 458 414 468 414 471 421 1311 413 1324 420 477 415 456 415 457 415 1306 417 464 418 1311 412 476 416 477 415 482 420 450 422 451 421 456 416 466 416 469 413 476 416 477 415 481 421 450 422 451 421 1300 413 1311 412 1316 418 472 420 473 419 477 415 456 416 457 415 463 419 462 420 465 417 472 420 1316 418 1323 421 1294 419 453 419 458 414 468 414 471 421 467 415 478 414 483 419 452 420 453 419 458 414 467 415 471 421 467 415 478 414 483 419 452 420 1297 416 460 422 459 413 472 420 469 413 480 412 485 417 1297 416 457 415 462 420 461 421 464 418 471 421 472 420 477 415 455 417 457 415 462 420 461 421 464 418 471 421 471 421 476 416 455 417 456 416 461 421 1304 419 465 417 1316 418 476 416 480 422 1271 422,3439 1772 453 413 416 1304 441 444 416 460 415 474 388 505 416 481 415 455 417 457 438 446 416 458 359 531 415 479 416 1324 453 438 387 482 416 452 416 460 411 476 415 480 389 486 412 1326 448 1308 361 1350 415 451 420 450 391 1347 455 417 415 473 414 481 420 476 419 452 445 427 445 441 417 456 409 482 420 475 447 446 389 507 385 484 420 448 446 428 410 479 417 459 409 480 388 505 448 449 449 421 443 430 409 475 445 429 359 531 443 453 450 444 453 442 417 451 454 414 455 1264 381 1347 453 440 364 512 416 477 455 443 453 407 383 10596 3509 1720 401 469 458 1253 457 435 337 536 415 477 457 438 457 437 458 411 457 415 417 473 382 488 457 437 404 487 364 1373 396 501 412 457 451 416 445 427 413 479 384 491 374 516 414 1322 388 1353 409 1320 391 480 442 425 441 1293 363 509 387 507 414 480 416 480 414 454 416 455 409 481 383 487 440 455 380 513 359 535 363 532 383 486 410 1324 392 455 413 480 382 1352 388 1348 386 1351 386 510 382 487 385 484 408 484 387 1325 382 1353 385 510 384 1353 385 509 385 484 385 1363 346 1353 357 1355 382 1354 382 1355 380 1357 380 1357 380 488 377 1358 351 543 326 543 350 544 350 1362 350 1412 349 545 350 518 350 519 349 1362 350 544 350 1362 349 544 349 546 349 546 350 519 350 519 374 519 349 520 349 545 349 545 349 546 349 545 350 519 349 519 350 1362 348 1387 350 1387 350 521 372 522 349 547 347 544 348 520 350 519 349 545 350 519 350 545 348 1388 349 1389 349 1362 348 544 349 520 349 521 347 546 349 545 350 545 348 547 349 520 349 519 348 523 346 546 349 545 349 521 348 546 348 547 349 544 325 1387 347 520 349 546 323 546 348 546 349 546 348 547 348 1363 347 521 348 546 348 521 348 546 348 546 348 546 324 572 323 545 323 546 348 521 347 546 349 545 323 571 324 571 323 572 310 559 301 567 300 569 325 1411 300 594 300 1437 299 571 323 596 300 1384 300,3499 1782 405 470 405 1365 405 470 405 470 405 470 405 470 405 470 405 470 405 470 405 470 405 470 339 555 405 470 405 1365 405 470 405 470 405 470 405 470 405 470 405 470 405 470 405 1365 405 1365 339 1365 405 470 405 470 405 1365 405 470 405 470 405 470 405 470 405 470 405 470 405 470 405 470 405 470 405 470 405 470 405 470 405 470 405 470 405 470 405 470 405 470 405 470 405 470 405 470 405 470 405 470 405 470 405 470 339 555 405 470 405 470 405 470 405 470 405 470 405 1365 405 1365 405 470 339 555 405 470 405 470 405 470 405 10606 3499 1782 405 470 405 1365 405 470 339 555 405 470 405 470 405 470 405 470 405 470 405 470 405 470 405 470 405 470 339 1365 405 470 405 470 405 470 405 470 405 470 405 470 405 555 405 1365 405 1365 405 1365 405 470 405 470 405 1365 339 470 405 470 405 470 405 470 405 470 405 470 405 470 405 470 405 470 405 555 339 555 339 555 405 470 405 1365 405 470 405 470 405 1365 405 1365 405 1365 405 470 405 470 405 470 405 470 405 1365 405 1365 405 470 405 1365 405 470 405 470 405 1365 339 1365 339 1365 405 1365 405 1365 405 1365 405 1365 405 470 405 1365 339 555 339 555 339 555 339 1365 339 1365 339 555 339 555 339 555 339 1365 339 555 339 1365 339 555 339 555 339 555 339 555 339 555 405 555 339 555 339 555 339 555 339 555 339 555 339 555 339 555 339 1365 339 1365 339 1365 339 555 405 555 339 555 339 555 339 555 339 555 339 555 339 555 339 555 339 1365 339 1365 339 1365 339 555 339 555 339 555 339 555 339 555 339 555 339 555 339 555 339 555 339 555 339 555 339 555 339 555 339 555 339 555 339 555 339 1365 339 555 339 555 339 555 339 555 339 555 339 555 339 1365 339 555 339 555 339 555 339 555 339 555 339 555 339 555 339 555 339 555 339 555 339 555 339 555 339 555 339 555 339 555 339 555 339 555 339 555 339 1365 339 555 339 1365 339 555 339 555 339 1365 339
Sharp_AH-A9UCD.ir,POWER_ON,GREE 40 bits 7900605001210050,1,True,learned fidelity_check (139 timings),GREE 40 bits 7900605001210050,True,-19.3,23,78,9084 4414 708 1592 708 494 709 493 737 1573 742 1567 739 1563 739 1565 737 491 711 467 735 469 737 494 711 493 713 494 709 497 708 497 709 498 707 498 708 524 708 498 707 497 709 498 708 1602 710 1596 707 496 708 499 707 498 709 496 710 497 708 1596 708 499 709 1601 707 496 707 499 709 1601 710 499 708 19964 708 1595 707 496 706 496 707 496 707 496 707 495 707 496 708 499 709 1600 709 496 707 497 710 497 707 500 707 1602 709 499 706 498 710 497 708 497 708 499 707 498 709 499 706 498 707 498 707 497 709 499 708 498 708 498 708 498 707 1603 710 498 707 1604 708 499 709,9084 4414 708 1592 708 494 709 493 737 1573 742 1567 739 1563 739 1565 737 491 711 467 735 469 737 494 711 493 713 494 709 497 708 497 709 498 707 498 708 524 708 498 707 497 709 498 708 1602 710 1596 707 496 708 499 707 498 709 496 710 497 708 1596 708 499 709 1601 707 496 707 499 709 1601 710 499 708 19964 708 1595 707 496 706 496 707 496 707 496 707 495 707 496 708 499 709 1600 709 496 707 497 710 497 707 500 707 1602 709 499 706 498 710 497 708 497 708 499 707 498 709 499 706 498 707 498 707 497 709 499 708 498 708 498 708 498 707 1603 710 498 707 1604 708 499 709,9070 4428 676 1614 703 505 747 445 696 1616 698 1615 773 1543 701 1587 772 464 744 422 671 533 701 533 745 466 740 470 711 482 689 516 705 502 743 468 739 498 737 472 699 492 647 560 737 1577 709 1607 675 514 647 560 735 473 737 473 738 473 734 1559 702 505 736 1579 734 476 676 534 695 1599 672 537 701 19978 732 1565 645 558 705 505 704 505 671 518 700 508 703 505 735 475 697 1597 675 532 703 509 702 507 676 533 672 1623 648 560 737 472 738 472 737 473 698 512 647 542 672 536 727 482 705 505 705 504 674 519 666 540 697 510 703 508 704 1633 681 508 672 1641 673 520 690,9060 4438 692 1609 692 512 692 512 692 1609 692 1609 692 1609 692 1609 692 512 692 512 692 547 692 547 692 512 692 512 692 512 692 512 692 512 692 512 692 512 692 512 692 512 692 547 692 1609 692 1609 692 512 692 547 692 512 692 512 692 512 692 1609 692 512 692 1609 692 512 692 547 692 1609 692 547 692 19988 692 1609 692 547 692 512 692 512 692 512 692 512 692 512 692 512 692 1609 692 547 692 512 692 512 692 547 692 1609 692 547 692 512 692 512 692 512 692 512 692 547 692 547 692 512 692 512 692 512 692 512 692 547 692 512 692 512 692 1609 692 512 692 1609 692 512 692
Sharp_AH-A9UCD.ir,POWER_OFF,GREE 40 bits 71002050012100d0,1,True,learned fidelity_check (139 timings),GREE 40 bits 71002050012100d0,True,-6.6,5.9,101,9111 4374 765 1548 712 496 713 497 713 496 710 1598 711 1602 712 1602 712 496 712 497 712 498 710 495 709 501 729 496 711 496 707 498 707 498 707 498 708 498 707 499 707 499 707 498 707 1600 706 499 708 497 709 498 706 500 706 499 707 499 707 1597 705 499 710 1596 705 497 707 500 708 1601 708 500 709 19935 707 1604 706 498 707 500 709 500 708 499 709 500 710 500 709 500 708 1600 708 500 709 500 710 498 705 499 708 1597 704 498 709 500 707 498 709 498 705 499 709 498 709 498 708 498 708 499 707 499 707 498 707 498 708 499 707 498 708 1600 706 497 707 1597 705 1600 709,9111 4374 765 1548 712 496 713 497 713 496 710 1598 711 1602 712 1602 712 496 712 497 712 498 710 495 709 501 729 496 711 496 707 498 707 498 707 498 708 498 707 499 707 499 707 498 707 1600 706 499 708 497 709 498 706 500 706 499 707 499 707 1597 705 499 710 1596 705 497 707 500 708 1601 708 500 709 19935 707 1604 706 498 707 500 709 500 708 499 709 500 710 500 709 500 708 1600 708 500 709 500 710 498 705 499 708 1597 704 498 709 500 707 498 709 498 705 499 709 498 709 498 708 498 708 499 707 499 707 498 707 498 708 499 707 498 708 1600 706 497 707 1597 705 1600 709,9102 4379 772 1564 667 515 679 531 704 505 745 1600 674 1642 674 1641 675 505 774 437 768 442 739 451 648 562 759 472 773 437 775 436 698 493 696 508 752 457 751 460 751 459 736 457 645 1691 676 505 751 460 750 460 698 494 646 559 748 459 751 1594 623 539 667 1670 677 505 744 466 704 1616 624 559 739 19916 702 1642 621 539 648 559 712 498 746 462 749 460 751 460 750 460 751 1595 673 507 736 475 732 461 645 559 746 1569 699 492 715 494 646 560 711 495 749 462 745 465 746 464 708 486 664 542 703 504 744 466 738 472 739 470 703 490 645 1664 709 501 737 1560 669 1639 708,9092 4389 701 1649 701 482 701 482 701 482 701 1649 701 1649 701 1649 701 482 765 482 701 482 701 482 701 569 701 482 701 482 765 482 701 482 701 482 701 482 701 482 701 482 701 482 701 1649 701 482 701 482 701 482 701 482 701 569 701 482 701 1649 701 482 701 1649 701 482 701 482 701 1649 701 569 701 19926 701 1649 701 482 701 569 701 482 701 482 701 482 701 482 701 482 701 1649 701 482 701 482 701 482 701 569 701 1649 701 482 701 482 701 569 701 482 701 482 701 482 701 482 701 482 701 482 701 482 701 482 701 482 701 482 701 482 701 1649 701 482 701 1649 701 1649 701
Sharp_AH-A9UCD.ir,20c,GREE 40 bits 7904605001210090,1,True,learned fidelity_check (139 timings),GREE 40 bits 7904605001210090,True,15.6,-8.9,72,9059 4414 709 1594 739 468 741 467 742 1570 742 1567 740 1563 739 1568 738 494 714 494 715 494 715 1599 713 495 712 497 711 497 712 498 711 498 709 495 708 498 711 497 706 498 710 496 707 1602 710 1603 709 498 709 498 709 498 711 500 711 498 707 1601 710 499 710 1604 709 498 710 499 710 1604 710 499 709 19932 709 1602 707 495 709 496 709 496 708 496 707 496 708 496 706 496 706 1593 707 496 707 496 707 496 707 495 707 1604 709 498 710 499 709 499 710 499 711 498 707 496 709 499 708 497 709 499 707 497 710 498 706 497 710 496 708 499 708 1600 710 500 709 500 710 1605 710,9059 4414 709 1594 739 468 741 467 742 1570 742 1567 740 1563 739 1568 738 494 714 494 715 494 715 1599 713 495 712 497 711 497 712 498 711 498 709 495 708 498 711 497 706 498 710 496 707 1602 710 1603 709 498 709 498 709 498 711 500 711 498 707 1601 710 499 710 1604 709 498 710 499 710 1604 710 499 709 19932 709 1602 707 495 709 496 709 496 708 496 707 496 708 496 706 496 706 1593 707 496 707 496 707 496 707 495 707 1604 709 498 710 499 709 499 710 499 711 498 707 496 709 499 708 497 709 499 707 497 710 498 706 497 710 496 708 499 708 1600 710 500 709 500 710 1605 710,9081 4426 704 1581 648 531 680 530 680 1667 742 1573 742 1547 701 1615 742 463 776 435 775 436 774 1546 736 450 720 489 669 539 678 532 708 501 748 460 776 435 775 435 735 458 716 490 740 1603 675 1640 676 503 775 436 775 435 746 464 773 438 672 1648 647 534 745 1600 676 503 775 435 776 1571 674 505 775 19860 674 1668 675 503 776 436 740 451 646 558 773 436 775 435 702 487 733 1608 651 511 646 556 775 435 776 436 672 1646 624 559 738 471 747 462 774 436 774 437 751 458 752 459 735 457 666 542 705 500 751 459 751 459 751 461 699 492 646 1691 676 505 750 461 750 1595 675,9071 4436 728 1618 728 471 728 471 728 1618 728 1618 728 1618 728 1618 728 471 728 471 728 471 728 1618 728 471 728 471 728 471 728 471 728 471 728 471 728 471 728 471 728 471 728 471 728 1618 728 1618 728 471 728 471 728 471 728 471 728 471 728 1618 728 471 728 1618 728 471 728 471 728 1618 728 471 728 19870 728 1618 728 471 728 471 728 471 728 568 728 471 728 471 728 471 728 1618 728 471 728 568 728 471 728 471 728 1618 728 568 728 471 728 471 728 471 728 471 728 471 728 471 728 471 728 471 728 471 728 471 728 471 728 471 728 471 728 1618 728 471 728 471 728 1618 728
Sharp_AH-A9UCD.ir,23c,GREE 40 bits 79076050012100c0,1,True,learned fidelity_check (139 timings),GREE 40 bits 79076050012100c0,True,20.0,-12.3,84,9085 4426 711 1600 711 496 711 496 712 1600 712 1600 739 1571 738 1573 710 495 735 1566 735 1569 734 1569 733 494 710 494 708 495 708 495 707 496 706 495 707 497 710 499 707 496 709 499 707 1603 709 1604 709 500 709 499 709 499 710 500 710 499 706 1598 707 499 709 1605 709 499 709 500 709 1606 708 500 709 19955 705 1599 707 500 708 496 707 497 708 500 708 500 709 500 709 500 710 1598 706 497 706 497 705 496 707 500 709 1598 706 497 705 496 707 496 706 497 708 500 709 497 706 500 708 497 707 500 708 497 708 499 706 499 709 497 707 499 706 500 705 499 709 1602 709 1606 708,9085 4426 711 1600 711 496 711 496 712 1600 712 1600 739 1571 738 1573 710 495 735 1566 735 1569 734 1569 733 494 710 494 708 495 708 495 707 496 706 495 707 497 710 499 707 496 709 499 707 1603 709 1604 709 500 709 499 709 499 710 500 710 499 706 1598 707 499 709 1605 709 499 709 500 709 1606 708 500 709 19955 705 1599 707 500 708 496 707 497 708 500 708 500 709 500 709 500 710 1598 706 497 706 497 705 496 707 500 709 1598 706 497 705 496 707 496 706 497 708 500 709 497 706 500 708 497 707 500 708 497 708 499 706 499 709 497 707 499 706 500 705 499 709 1602 709 1606 708,9125 4396 734 1583 735 452 721 486 649 1693 646 1670 736 1579 740 1575 704 458 672 1666 740 1549 648 1667 740 466 775 416 647 556 776 434 776 436 671 514 774 434 776 434 776 435 745 466 672 1648 622 1694 675 505 773 436 775 435 776 435 775 435 776 1545 643 541 674 1668 648 532 773 436 775 1572 701 478 775 19889 695 1643 702 477 776 435 695 493 732 476 771 437 775 435 776 435 776 1572 670 490 645 558 775 435 776 434 775 1546 672 506 776 435 773 420 644 559 774 434 775 436 776 434 775 437 694 497 645 559 773 435 775 435 776 435 746 465 671 519 698 506 775 1571 675 1640 675,9115 4406 722 1650 722 446 722 446 722 1650 722 1650 722 1650 722 1650 722 446 722 1650 722 1650 722 1650 722 446 722 446 722 568 766 446 766 446 722 446 722 446 766 446 766 446 722 446 722 1650 722 1650 722 446 722 446 722 446 766 446 722 446 766 1650 722 568 722 1650 722 568 722 446 722 1650 722 446 722 19899 722 1650 722 446 766 446 722 446 722 446 722 446 722 446 766 446 766 1650 722 446 722 568 722 446 766 446 722 1650 722 446 766 446 722 446 722 568 722 446 722 446 766 446 722 446 722 446 722 568 722 446 722 446 766 446 722 446 722 446 722 446 722 1650 722 1650 722
Toshiba_RAS13SKV2E.ir,POWER,TOSHIBA_AC 48 bits f20d03fc0160010060,1,True,learned fidelity_check (295 timings),UNKNOWN,False,7.2,-2.8,59,4384 4380 522 1611 551 1609 553 1607 555 1605 557 523 547 533 548 1612 550 530 551 529 552 528 553 527 554 526 555 1605 557 1603 549 531 550 1610 552 528 553 527 554 527 554 526 555 525 556 524 546 1613 549 1611 551 1609 553 1607 555 1605 557 1603 548 1611 551 1609 553 527 554 527 554 526 555 525 556 524 557 523 547 533 548 532 549 531 550 1609 553 527 554 1606 556 1604 547 533 548 532 549 531 550 530 551 529 552 528 553 527 554 526 555 525 556 524 557 523 547 532 549 1611 551 529 552 528 553 528 553 527 554 526 555 525 556 524 546 533 548 532 549 1611 551 1609 553 527 554 526 555 525 556 524 557 523 547 7458 4392 4345 556 1604 547 1612 550 1611 551 1609 553 527 554 526 555 1605 557 523 547 533 548 532 549 531 550 530 551 1609 553 1607 555 525 556 1604 547 532 549 532 549 531 550 530 551 529 552 528 553 1607 555 1605 557 1603 548 1611 551 1610 552 1608 554 1606 556 1604 547 533 548 532 549 532 549 531 550 530 551 529 552 528 553 527 554 526 555 1604 547 533 548 1612 550 1610 552 528 553 528 553 527 554 526 555 525 556 524 557 523 547 533 548 532 549 531 550 530 551 529 552 1607 555 525 556 525 556 524 557 523 547 533 548 532 549 531 550 530 551 529 552 1607 555 1605 557 523 547 533 548 532 549 531 550 530 551,4384 4380 522 1611 551 1609 553 1607 555 1605 557 523 547 533 548 1612 550 530 551 529 552 528 553 527 554 526 555 1605 557 1603 549 531 550 1610 552 528 553 527 554 527 554 526 555 525 556 524 546 1613 549 1611 551 1609 553 1607 555 1605 557 1603 548 1611 551 1609 553 527 554 527 554 526 555 525 556 524 557 523 547 533 548 532 549 531 550 1609 553 527 554 1606 556 1604 547 533 548 532 549 531 550 530 551 529 552 528 553 527 554 526 555 525 556 524 557 523 547 532 549 1611 551 529 552 528 553 528 553 527 554 526 555 525 556 524 546 533 548 532 549 1611 551 1609 553 527 554 526 555 525 556 524 557 523 547 7458 4392 4345 556 1604 547 1612 550 1611 551 1609 553 527 554 526 555 1605 557 523 547 533 548 532 549 531 550 530 551 1609 553 1607 555 525 556 1604 547 532 549 532 549 531 550 530 551 529 552 528 553 1607 555 1605 557 1603 548 1611 551 1610 552 1608 554 1606 556 1604 547 533 548 532 549 532 549 531 550 530 551 529 552 528 553 527 554 526 555 1604 547 533 548 1612 550 1610 552 528 553 528 553 527 554 526 555 525 556 524 557 523 547 533 548 532 549 531 550 530 551 529 552 1607 555 525 556 525 556 524 557 523 547 533 548 532 549 531 550 530 551 529 552 1607 555 1605 557 523 547 533 548 532 549 531 550 530 551,4420 4344 553 1605 464 1694 510 1647 580 1579 577 495 542 537 578 1612 545 502 617 461 618 461 618 461 618 461 618 1571 465 1693 545 505 612 1575 463 590 534 546 564 517 601 495 617 461 618 460 515 1675 514 1644 546 1612 545 1612 545 1613 514 1643 545 1613 540 1618 463 589 511 570 563 518 599 480 634 462 617 461 514 565 545 533 583 496 618 1572 544 503 618 1572 544 1613 545 502 617 462 617 462 617 463 615 465 582 498 544 536 491 589 537 543 601 479 635 445 486 593 529 1650 567 506 618 461 618 461 618 461 618 460 619 460 619 460 618 461 618 461 618 1571 544 1614 515 535 548 532 492 588 538 542 568 512 512 7507 4389 4347 582 1605 514 1644 519 1639 519 1638 518 530 590 489 582 1607 509 542 611 469 576 504 516 564 489 591 532 1648 577 1607 517 531 617 1571 489 559 617 462 617 461 618 461 617 462 618 461 617 1572 465 1692 510 1647 516 1642 465 1692 541 1617 613 1570 518 1639 491 559 593 486 593 486 592 486 594 485 593 486 593 486 563 516 582 499 547 1639 516 537 551 1631 467 1689 543 535 579 500 591 487 590 489 587 492 585 494 587 492 587 491 586 493 585 494 582 497 560 519 581 1578 543 537 493 587 509 572 537 542 544 536 511 569 487 610 514 564 543 535 582 1578 577 1580 551 529 518 561 545 534 545 534 545 533 545,4410 4357 522 1624 522 1624 522 1624 602 1624 602 503 522 503 602 1624 522 503 602 503 602 503 602 503 602 503 602 1624 522 1624 522 503 602 1624 522 582 522 503 522 503 602 503 602 503 602 503 522 1624 522 1624 522 1624 522 1624 522 1624 522 1624 522 1624 522 1624 522 582 522 582 522 503 602 503 602 503 602 503 522 582 522 503 602 503 602 1624 522 503 602 1624 522 1624 522 503 602 503 602 503 602 503 602 503 602 503 522 503 522 582 522 503 602 503 602 503 522 582 522 1624 522 503 602 503 602 503 602 503 602 503 602 503 602 503 602 503 602 503 602 1624 522 1624 522 503 522 503 522 582 522 503 522 503 522 7517 4410 4357 602 1624 522 1624 522 1624 522 1624 522 503 602 503 602 1624 522 503 602 503 522 503 522 582 522 582 522 1624 602 1624 522 503 602 1624 522 582 602 503 602 503 602 503 602 503 602 503 602 1624 522 1624 522 1624 522 1624 522 1624 522 1624 602 1624 522 1624 522 582 602 503 602 503 602 503 602 503 602 503 602 503 522 503 602 503 522 1624 522 503 522 1624 522 1624 522 503 602 503 602 503 602 503 602 503 602 503 602 503 602 503 602 503 602 503 602 503 522 503 602 1624 522 503 522 582 522 582 522 503 522 503 522 582 522 582 522 582 522 503 602 1624 602 1624 522 503 522 582 522 503 522 503 522 503 522
Toshiba_RAS13SKV2E.ir,Off,TOSHIBA_AC 48 bits f20d03fc0160070066,1,True,learned fidelity_check (295 timings),UNKNOWN,False,-17.4,24.5,75,4387 4349 553 1609 553 1607 555 1605 546 1613 549 531 550 530 551 1610 552 527 554 526 555 526 555 525 556 524 557 1602 549 1611 551 529 552 1608 554 526 555 525 556 525 556 524 546 533 548 532 549 1611 551 1608 554 1606 556 1604 558 1603 548 1611 551 1609 553 1607 555 525 556 525 556 524 557 523 547 533 548 533 548 532 549 531 550 530 551 1607 555 526 555 1605 557 1603 548 531 550 531 550 530 551 529 552 528 553 527 554 526 555 526 555 525 556 524 546 1612 550 1610 552 1608 554 527 554 526 555 526 555 525 556 524 557 523 547 533 548 532 549 531 550 1609 553 1607 555 525 556 525 556 1603 548 1612 550 530 551 7454 4385 4352 549 1611 551 1609 553 1608 554 1606 556 525 556 524 557 1602 549 531 550 531 550 530 551 530 551 529 552 1633 529 1604 558 523 558 1601 550 531 550 530 551 530 551 529 552 528 553 527 554 1604 558 1603 548 1611 551 1609 553 1608 554 1606 556 1604 558 1602 549 532 549 531 550 530 551 530 551 529 552 528 553 527 554 526 555 525 556 1603 548 532 549 1610 552 1608 554 527 554 527 554 526 555 525 556 524 557 523 547 533 548 532 549 531 550 530 551 1608 554 1606 556 1604 558 523 547 533 548 532 549 531 550 530 551 529 552 528 553 527 554 526 555 1605 557 1602 549 531 550 531 550 1609 553 1607 555 526 555,4387 4349 553 1609 553 1607 555 1605 546 1613 549 531 550 530 551 1610 552 527 554 526 555 526 555 525 556 524 557 1602 549 1611 551 529 552 1608 554 526 555 525 556 525 556 524 546 533 548 532 549 1611 551 1608 554 1606 556 1604 558 1603 548 1611 551 1609 553 1607 555 525 556 525 556 524 557 523 547 533 548 533 548 532 549 531 550 530 551 1607 555 526 555 1605 557 1603 548 531 550 531 550 530 551 529 552 528 553 527 554 526 555 526 555 525 556 524 546 1612 550 1610 552 1608 554 527 554 526 555 526 555 525 556 524 557 523 547 533 548 532 549 531 550 1609 553 1607 555 525 556 525 556 1603 548 1612 550 530 551 7454 4385 4352 549 1611 551 1609 553 1608 554 1606 556 525 556 524 557 1602 549 531 550 531 550 530 551 530 551 529 552 1633 529 1604 558 523 558 1601 550 531 550 530 551 530 551 529 552 528 553 527 554 1604 558 1603 548 1611 551 1609 553 1608 554 1606 556 1604 558 1602 549 532 549 531 550 530 551 530 551 529 552 528 553 527 554 526 555 525 556 1603 548 532 549 1610 552 1608 554 527 554 527 554 526 555 525 556 524 557 523 547 533 548 532 549 531 550 530 551 1608 554 1606 556 1604 558 523 547 533 548 532 549 531 550 530 551 529 552 528 553 527 554 526 555 1605 557 1602 549 531 550 531 550 1609 553 1607 555 526 555,4422 4314 577 1609 523 1635 464 1694 542 1615 515 539 489 591 510 1671 543 532 616 462 618 461 617 462 617 461 619 1570 519 1639 519 528 618 1571 519 529 588 491 552 529 518 563 612 466 612 468 574 1610 484 1673 554 1604 584 1600 517 1640 516 1642 518 1640 517 1640 519 529 589 490 553 527 521 559 614 466 612 469 545 535 489 591 506 574 557 1623 583 491 617 1571 517 1641 514 533 618 461 618 461 617 461 618 461 618 461 618 461 589 492 553 526 520 560 613 1572 515 1643 483 1675 554 521 588 490 617 461 617 462 617 462 617 461 590 490 616 462 617 462 617 1570 518 1640 516 533 556 525 521 1665 517 1640 466 590 507 7514 4366 4368 518 1668 518 1640 517 1641 516 1616 516 559 551 529 494 1668 547 530 546 535 489 591 531 550 557 539 575 1608 521 1612 546 532 582 1577 545 532 582 498 581 497 580 499 557 522 578 502 546 1612 493 1668 546 1613 489 1671 556 1618 593 1567 550 1608 547 1610 546 533 545 534 544 535 545 534 544 534 545 536 517 562 492 588 512 568 538 1621 541 539 536 1639 517 1640 549 532 550 530 572 506 574 505 572 507 546 532 546 534 545 533 547 532 571 508 547 1633 518 1640 491 1667 518 562 518 562 513 565 514 566 513 566 515 564 542 559 520 559 519 560 518 1640 519 1639 518 561 515 564 516 1642 516 1642 514 566 513,4412 4378 509 1649 509 1649 509 1649 509 1649 509 539 509 601 509 1649 509 539 606 539 606 539 606 539 606 539 606 1649 509 1649 509 539 606 1649 509 539 606 539 509 539 509 539 606 539 606 539 509 1649 509 1649 509 1649 606 1649 509 1649 509 1649 509 1649 509 1649 509 539 606 539 509 539 509 539 606 539 606 539 509 539 509 601 509 539 509 1649 606 539 606 1649 509 1649 509 539 606 539 606 539 606 539 606 539 606 539 606 539 606 539 509 539 509 539 606 1649 509 1649 509 1649 509 539 606 539 606 539 606 539 606 539 606 539 606 539 606 539 606 539 606 1649 509 1649 509 539 509 539 509 1649 509 1649 509 601 509 7524 4412 4378 509 1649 509 1649 509 1649 509 1649 509 539 509 539 509 1649 509 539 509 539 509 601 509 539 509 539 509 1649 509 1649 509 539 606 1649 509 539 606 539 606 539 606 539 509 539 606 539 509 1649 509 1649 509 1649 509 1649 509 1649 606 1649 509 1649 509 1649 509 539 509 539 509 539 509 539 509 539 509 539 509 539 509 601 509 539 509 1649 509 539 509 1649 509 1649 509 539 509 539 509 539 509 539 509 539 509 539 509 539 509 539 509 539 509 539 509 1649 509 1649 509 1649 509 539 509 539 509 539 509 539 509 539 509 539 509 539 509 539 509 539 509 1649 509 1649 509 539 509 539 509 1649 509 1649 509 539 509
Toshiba_RAS13SKV2E.ir,TEMP+,TOSHIBA_AC 48 bits f20d03fc0170010070,1,True,learned fidelity_check (295 timings),UNKNOWN,False,-33.2,32.9,50,4386 4350 550 1611 550 1609 552 1607 554 1606 555 524 556 524 556 1603 548 532 549 531 550 530 551 530 550 529 552 1608 553 1606 555 524 556 1603 548 532 549 532 548 531 550 530 551 530 550 529 551 1608 553 1606 555 1604 557 1602 549 1611 550 1610 551 1608 553 1607 554 525 555 525 555 524 556 524 556 523 547 533 547 532 549 531 549 531 550 1609 552 528 552 1607 554 1605 556 1603 548 533 548 532 548 531 550 531 549 530 551 529 552 529 552 528 552 527 553 526 554 525 555 1604 547 533 548 532 548 531 550 531 550 530 551 529 552 528 552 527 553 527 553 1605 556 1603 548 1612 549 531 549 530 551 530 550 529 552 7452 4385 4352 548 1612 549 1610 551 1609 552 1607 554 526 554 525 555 1605 556 523 547 533 547 532 548 532 548 531 549 1610 551 1608 553 526 554 1606 555 524 556 524 556 523 547 533 547 533 548 532 548 1610 551 1608 553 1607 554 1605 556 1604 547 1613 548 1611 550 1610 551 529 551 528 553 527 553 527 553 526 554 526 554 525 555 524 556 524 546 1613 548 531 549 1610 551 1608 553 1607 554 526 554 525 555 525 555 524 556 524 556 523 547 533 547 532 548 531 550 531 550 530 550 1608 553 527 553 526 554 526 554 525 555 525 555 524 556 523 547 533 547 532 548 1611 550 1609 552 1607 554 526 554 526 554 525 555 525 555,4386 4350 550 1611 550 1609 552 1607 554 1606 555 524 556 524 556 1603 548 532 549 531 550 530 551 530 550 529 552 1608 553 1606 555 524 556 1603 548 532 549 532 548 531 550 530 551 530 550 529 551 1608 553 1606 555 1604 557 1602 549 1611 550 1610 551 1608 553 1607 554 525 555 525 555 524 556 524 556 523 547 533 547 532 549 531 549 531 550 1609 552 528 552 1607 554 1605 556 1603 548 533 548 532 548 531 550 531 549 530 551 529 552 529 552 528 552 527 553 526 554 525 555 1604 547 533 548 532 548 531 550 531 550 530 551 529 552 528 552 527 553 527 553 1605 556 1603 548 1612 549 531 549 530 551 530 550 529 552 7452 4385 4352 548 1612 549 1610 551 1609 552 1607 554 526 554 525 555 1605 556 523 547 533 547 532 548 532 548 531 549 1610 551 1608 553 526 554 1606 555 524 556 524 556 523 547 533 547 533 548 532 548 1610 551 1608 553 1607 554 1605 556 1604 547 1613 548 1611 550 1610 551 529 551 528 553 527 553 527 553 526 554 526 554 525 555 524 556 524 546 1613 548 531 549 1610 551 1608 553 1607 554 526 554 525 555 525 555 524 556 524 556 523 547 533 547 532 548 531 550 531 550 530 550 1608 553 527 553 526 554 526 554 525 555 525 555 524 556 523 547 533 547 532 548 1611 550 1609 552 1607 554 526 554 526 554 525 555 525 555,4380 4355 488 1690 512 1645 575 1583 591 1594 517 532 593 486 593 1594 517 532 593 486 592 487 592 487 593 486 592 1595 517 1642 466 583 549 1639 519 533 555 525 544 535 540 540 507 574 531 548 557 1618 583 1574 592 1569 544 1613 540 1617 545 1612 545 1613 545 1613 544 533 585 494 556 522 557 522 552 527 590 491 583 496 583 497 579 501 547 1613 489 589 509 1652 562 1614 588 1568 513 567 539 539 540 538 551 528 583 496 583 496 581 498 581 498 583 496 581 498 581 498 580 1578 549 530 578 500 580 499 579 502 577 502 547 534 516 563 490 589 489 591 534 1625 592 1586 467 1688 515 563 541 538 577 505 540 539 544 7454 4359 4376 545 1613 546 1612 546 1613 546 1613 539 540 515 564 513 1648 534 545 540 539 538 541 534 563 492 587 491 1665 517 1641 545 535 547 1634 522 535 543 536 545 535 536 543 537 563 519 560 519 1638 521 1637 520 1637 520 1638 517 1642 518 1640 517 1641 514 1644 513 568 511 567 512 569 511 590 513 566 513 565 514 566 513 566 513 567 484 1697 485 594 482 1677 480 1677 481 1677 481 597 481 598 481 598 480 599 481 598 481 598 480 598 481 598 482 597 481 599 480 598 481 1677 482 597 482 597 481 598 482 597 505 574 506 573 506 573 480 599 480 599 480 1678 480 1678 504 1678 480 598 480 599 481 598 480 599 481,4370 4386 507 1647 507 1647 507 1647 578 1647 507 558 578 558 578 1647 507 558 578 558 578 558 578 558 578 558 578 1647 507 1647 507 558 507 1647 507 558 507 558 507 558 507 558 507 558 507 558 507 1647 578 1647 578 1647 507 1647 507 1647 507 1647 507 1647 507 1647 507 558 578 558 507 558 507 558 507 558 578 558 578 558 578 558 507 558 507 1647 507 558 507 1647 507 1647 578 1647 507 558 507 558 507 558 507 558 578 558 578 558 578 558 578 558 578 558 578 558 578 558 507 1647 507 558 507 558 507 558 507 558 507 558 507 558 507 558 507 558 507 558 507 1647 578 1647 507 1647 507 558 507 558 507 558 507 558 507 7464 4370 4386 507 1647 507 1647 507 1647 507 1647 507 558 507 558 507 1647 507 558 507 558 507 558 507 558 507 558 507 1647 507 1647 507 558 507 1647 507 558 507 558 507 558 507 558 507 558 507 558 507 1647 507 1647 507 1647 507 1647 507 1647 507 1647 507 1647 507 1647 507 558 507 558 507 558 507 558 507 558 507 558 507 558 507 558 507 558 507 1647 507 558 507 1647 507 1647 507 1647 507 558 507 558 507 558 507 558 507 558 507 558 507 558 507 558 507 558 507 558 507 558 507 1647 507 558 507 558 507 558 507 558 507 558 507 558 507 558 507 558 507 558 507 1647 507 1647 507 1647 507 558 507 558 507 558 507 558 507
Toshiba_RAS13SKV2E.ir,Swing,TOSHIBA_AC 48 bits f20d03fc0160210040,1,True,learned fidelity_check (295 timings),UNKNOWN,False,-40.4,38.8,90,4391 4345 555 1605 556 1604 547 1613 548 1611 550 530 550 529 551 1609 552 527 553 527 553 526 554 526 554 525 555 1604 547 1613 548 531 549 1611 550 529 551 529 551 529 551 528 552 527 553 526 554 1605 556 1603 548 1612 549 1611 550 1609 552 1608 553 1607 554 1605 556 524 556 524 556 523 547 533 547 533 547 532 548 531 549 530 550 529 551 1608 553 527 553 1606 555 1605 556 523 547 533 547 533 547 533 547 532 548 531 549 530 550 1609 552 527 553 527 553 527 553 526 554 1605 556 523 557 523 547 533 547 533 547 532 548 531 549 530 550 530 550 529 551 1608 553 526 554 526 554 526 554 525 555 524 556 523 547 7457 4390 4347 553 1608 553 1606 555 1605 556 1604 547 533 547 532 548 1612 549 530 550 530 550 529 551 529 552 528 552 1607 554 1605 556 524 556 1603 548 532 548 532 548 532 548 531 549 530 550 529 551 1608 553 1606 555 1605 556 1604 547 1613 548 1611 550 1610 551 1609 552 527 553 527 553 527 553 526 554 526 554 525 555 524 556 524 556 523 547 1612 549 531 549 1610 551 1609 552 527 553 527 553 527 553 526 554 526 554 525 555 524 556 1603 548 532 548 532 548 532 548 531 549 1610 551 528 552 528 552 528 552 527 553 526 554 525 555 525 555 524 556 523 547 1613 548 531 549 531 549 531 549 530 550 529 551 528 552,4391 4345 555 1605 556 1604 547 1613 548 1611 550 530 550 529 551 1609 552 527 553 527 553 526 554 526 554 525 555 1604 547 1613 548 531 549 1611 550 529 551 529 551 529 551 528 552 527 553 526 554 1605 556 1603 548 1612 549 1611 550 1609 552 1608 553 1607 554 1605 556 524 556 524 556 523 547 533 547 533 547 532 548 531 549 530 550 529 551 1608 553 527 553 1606 555 1605 556 523 547 533 547 533 547 533 547 532 548 531 549 530 550 1609 552 527 553 527 553 527 553 526 554 1605 556 523 557 523 547 533 547 533 547 532 548 531 549 530 550 530 550 529 551 1608 553 526 554 526 554 526 554 525 555 524 556 523 547 7457 4390 4347 553 1608 553 1606 555 1605 556 1604 547 533 547 532 548 1612 549 530 550 530 550 529 551 529 552 528 552 1607 554 1605 556 524 556 1603 548 532 548 532 548 532 548 531 549 530 550 529 551 1608 553 1606 555 1605 556 1604 547 1613 548 1611 550 1610 551 1609 552 527 553 527 553 527 553 526 554 526 554 525 555 524 556 524 556 523 547 1612 549 531 549 1610 551 1609 552 527 553 527 553 527 553 526 554 526 554 525 555 524 556 1603 548 532 548 532 548 532 548 531 549 1610 551 528 552 528 552 528 552 527 553 526 554 525 555 525 555 524 556 523 547 1613 548 531 549 531 549 531 549 530 550 529 551 528 552,4382 4354 592 1569 543 1614 516 1643 543 1615 542 532 592 487 591 1569 545 531 592 487 591 488 561 519 557 521 555 1607 547 1613 542 534 548 1614 487 590 508 573 531 549 555 524 560 519 567 512 597 1576 590 1567 541 1620 540 1617 546 1611 549 1608 547 1612 546 1611 542 535 549 532 544 535 581 499 576 504 576 503 575 504 548 531 545 534 543 1617 531 548 534 1626 593 1581 592 487 469 609 514 566 515 565 515 563 518 561 544 536 550 1607 575 504 577 502 578 501 577 501 577 1581 575 503 577 503 550 529 551 528 573 505 548 531 546 533 545 534 544 534 545 1614 518 562 492 587 492 588 490 590 509 570 535 543 575 7444 4311 4425 543 1617 572 1586 573 1585 546 1612 545 533 545 533 547 1633 525 532 547 532 545 534 543 536 543 537 541 1638 517 1641 516 563 515 1643 492 588 514 565 514 565 514 566 512 567 513 565 514 1643 541 1641 516 1642 516 1641 516 1643 515 1642 515 1643 514 1645 512 566 512 568 510 570 509 571 505 596 483 596 483 596 484 595 506 573 481 1676 482 598 481 1677 505 1653 505 575 504 598 481 598 481 598 481 598 480 598 481 598 480 1678 480 599 480 598 481 599 480 598 481 1677 481 598 481 598 480 599 480 598 481 598 481 598 481 598 482 597 481 598 480 1678 479 600 480 599 480 599 480 599 480 599 480 600 479,4372 4435 582 1627 506 1627 506 1627 506 1627 506 575 582 575 582 1627 506 575 582 575 582 575 506 575 506 575 506 1627 506 1627 506 575 506 1627 506 575 506 575 506 575 506 575 506 575 506 575 582 1627 582 1627 506 1627 506 1627 506 1627 506 1627 506 1627 506 1627 506 575 506 575 506 575 506 575 506 575 506 575 506 575 506 575 506 575 506 1627 506 575 506 1627 582 1627 582 575 506 575 506 575 506 575 506 575 506 575 506 575 506 1627 506 575 506 575 506 575 506 575 506 1627 506 575 506 575 506 575 506 575 506 575 506 575 506 575 506 575 506 575 506 1627 506 575 506 575 506 575 506 575 506 575 506 575 506 7454 4372 4435 506 1627 506 1627 506 1627 506 1627 506 575 506 575 506 1627 506 575 506 575 506 575 506 575 506 575 506 1627 506 1627 506 575 506 1627 506 575 506 575 506 575 506 575 506 575 506 575 506 1627 506 1627 506 1627 506 1627 506 1627 506 1627 506 1627 506 1627 506 575 506 575 506 575 506 575 506 575 506 575 506 575 506 575 506 575 506 1627 506 575 506 1627 506 1627 506 575 506 575 506 575 506 575 506 575 506 575 506 575 506 1627 506 575 506 575 506 575 506 575 506 1627 506 575 506 575 506 575 506 575 506 575 506 575 506 575 506 575 506 575 506 1627 506 575 506 575 506 575 506 575 506 575 506 575 506
Daikin_AC_industrial_TB.ir,POWER,DAIKIN176 0 bits 11da171804001e11da17180073002100001c150020ff,1,True,learned fidelity_check (359 timings),DAIKIN176 0 bits 11da171804001e11da17180073002100001c150020ff,True,-18.8,19.8,337,5050 2165 361 1803 367 716 363 718 361 721 358 1806 364 718 362 720 359 723 367 715 364 1800 359 722 368 1797 362 1802 368 714 365 1799 360 1803 367 1798 361 1803 367 1797 362 720 359 1805 365 717 363 719 360 722 368 714 365 717 362 719 360 1804 366 1798 361 721 358 723 367 715 364 718 361 720 359 1805 365 717 362 720 359 722 368 714 365 717 362 719 361 722 368 714 365 716 363 719 360 721 358 724 366 716 363 718 361 1803 367 1797 362 1802 368 1797 362 719 360 722 368 714 365 29579 5061 2156 360 1804 366 717 362 719 360 722 357 1806 364 719 360 721 358 724 366 716 363 1801 358 723 367 1798 361 1802 368 715 364 1800 359 1804 366 1799 360 1804 366 1798 361 721 359 1806 364 718 362 721 359 723 367 715 364 718 362 720 359 1805 365 1799 360 722 368 714 365 717 362 719 361 721 358 724 366 716 363 719 361 721 358 724 366 716 363 1801 358 1806 364 718 361 721 358 1805 365 1800 359 1805 365 717 362 720 359 722 368 714 365 717 362 719 360 722 368 714 365 717 362 1802 368 714 365 717 362 719 361 722 368 1796 363 719 360 721 358 724 366 716 363 719 360 721 358 724 366 716 363 718 362 721 359 723 367 715 364 718 361 720 360 723 367 715 364 718 362 720 359 722 368 715 364 1799 360 1805 365 1799 360 722 368 714 365 716 363 1801 358 724 366 1799 360 721 358 1806 364 718 361 721 358 723 367 716 363 718 362 721 359 723 367 715 364 718 362 720 359 723 367 715 364 718 362 720 359 723 367 715 364 1800 359 722 368 714 365 1799 360 1804 366 1799 360 1804 366 1799 360 1804 366 1798 361 1803 367,5050 2165 361 1803 367 716 363 718 361 721 358 1806 364 718 362 720 359 723 367 715 364 1800 359 722 368 1797 362 1802 368 714 365 1799 360 1803 367 1798 361 1803 367 1797 362 720 359 1805 365 717 363 719 360 722 368 714 365 717 362 719 360 1804 366 1798 361 721 358 723 367 715 364 718 361 720 359 1805 365 717 362 720 359 722 368 714 365 717 362 719 361 722 368 714 365 716 363 719 360 721 358 724 366 716 363 718 361 1803 367 1797 362 1802 368 1797 362 719 360 722 368 714 365 29579 5061 2156 360 1804 366 717 362 719 360 722 357 1806 364 719 360 721 358 724 366 716 363 1801 358 723 367 1798 361 1802 368 715 364 1800 359 1804 366 1799 360 1804 366 1798 361 721 359 1806 364 718 362 721 359 723 367 715 364 718 362 720 359 1805 365 1799 360 722 368 714 365 717 362 719 361 721 358 724 366 716 363 719 361 721 358 724 366 716 363 1801 358 1806 364 718 361 721 358 1805 365 1800 359 1805 365 717 362 720 359 722 368 714 365 717 362 719 360 722 368 714 365 717 362 1802 368 714 365 717 362 719 361 722 368 1796 363 719 360 721 358 724 366 716 363 719 360 721 358 724 366 716 363 718 362 721 359 723 367 715 364 718 361 720 360 723 367 715 364 718 362 720 359 722 368 715 364 1799 360 1805 365 1799 360 722 368 714 365 716 363 1801 358 724 366 1799 360 721 358 1806 364 718 361 721 358 723 367 716 363 718 362 721 359 723 367 715 364 718 362 720 359 723 367 715 364 718 362 720 359 723 367 715 364 1800 359 722 368 714 365 1799 360 1804 366 1799 360 1804 366 1799 360 1804 366 1798 361 1803 367,5090 2121 405 1756 363 740 346 732 347 731 346 1812 405 703 376 674 397 711 367 689 368 1807 346 764 377 1752 404 1755 365 741 347 1806 345 1815 405 1752 404 1758 361 1818 340 769 254 1873 405 704 376 703 376 677 359 723 388 710 342 736 343 1816 402 1755 404 705 398 655 361 720 392 707 346 732 345 1813 402 707 377 672 398 711 372 681 390 693 396 700 375 734 375 675 399 709 372 678 400 708 371 680 396 710 401 676 381 1774 336 1822 400 1758 403 1762 398 699 387 691 359 724 396 29546 5081 2129 401 1759 395 707 384 694 383 694 384 1776 403 679 406 672 406 674 404 678 401 1774 385 698 398 1758 405 1752 404 682 401 1775 382 1778 404 1752 403 1758 405 1775 370 707 342 1818 403 678 401 678 400 682 333 765 313 766 311 771 282 1874 400 1758 399 684 331 751 303 793 311 767 286 797 308 770 361 718 362 717 361 719 361 721 330 768 311 1848 309 1849 364 716 388 691 388 1775 329 1849 304 1853 391 688 391 688 390 691 359 723 355 743 335 743 334 748 361 717 361 718 361 1818 339 722 355 728 352 743 333 747 359 1822 337 720 359 720 360 721 357 742 338 742 336 743 335 768 331 748 331 748 333 746 335 743 337 743 336 744 335 744 333 746 357 746 331 748 333 746 333 746 334 745 335 1824 333 1849 332 1827 331 747 331 749 329 750 330 1853 304 776 306 1852 306 772 330 1830 326 776 299 780 298 782 323 781 297 782 298 781 297 782 297 782 297 782 296 783 296 783 322 782 296 783 297 782 297 782 297 782 296 1862 296 783 322 758 320 1862 297 1861 296 1862 296 1887 297 1861 297 1860 297 1862 296 1887 297,5080 1828 393 1828 347 742 347 742 347 742 347 1828 393 742 347 742 347 742 347 742 347 1828 347 742 347 1828 393 1828 347 742 347 1828 347 1828 393 1828 393 1828 347 1828 347 742 287 1828 393 742 347 742 347 742 347 742 347 742 347 742 347 1828 393 1828 393 742 393 742 347 742 347 742 347 742 347 1828 393 742 347 742 393 742 347 742 347 742 347 742 347 742 347 742 393 742 347 742 393 742 347 742 347 742 393 742 347 1828 347 1828 393 1828 393 1828 393 742 347 742 347 742 347 29556 5080 1828 393 1828 347 742 347 742 347 742 347 1828 393 742 393 742 393 742 393 742 393 1828 347 742 393 1828 393 1828 393 742 393 1828 347 1828 393 1828 393 1828 393 1828 347 742 347 1828 393 742 393 742 393 742 347 742 287 742 287 742 287 1828 393 1828 393 742 347 742 287 742 287 742 287 742 287 742 347 742 347 742 347 742 347 742 347 742 287 1828 287 1828 347 742 347 742 347 1828 347 1828 287 1828 347 742 347 742 347 742 347 742 347 742 347 742 347 742 347 742 347 742 347 1828 347 742 347 742 347 742 347 742 347 1828 347 742 347 742 347 742 347 742 347 742 347 742 347 742 347 742 347 742 347 742 347 742 347 742 347 742 347 742 347 742 347 742 347 742 347 742 347 742 347 742 347 1828 347 1828 347 1828 347 742 347 742 347 742 347 1828 287 742 287 1828 287 742 347 1828 347 742 287 742 287 742 347 742 287 742 287 742 287 742 287 742 287 742 287 742 287 742 347 742 287 742 287 742 287 742 287 742 287 1828 287 742 347 742 347 1828 287 1828 287 1828 287 1828 287 1828 287 1828 287 1828 287 1828 287
Daikin_ARC480A41.ir,OFF,DAIKIN152 98 bits 11da27000000320030000000000000c5400079,1,True,learned fidelity_check (319 timings),UNKNOWN,False,-23.8,22.0,84,442 426 442 428 443 425 443 429 442 425 443 24982 3516 1700 443 1296 443 426 442 428 442 426 442 1300 441 426 442 428 443 426 442 425 443 1299 442 426 442 1297 442 1297 442 429 442 1297 442 1297 442 1296 442 1296 443 1300 441 426 442 429 442 1297 441 426 442 428 443 425 443 429 442 425 443 429 442 426 442 429 442 426 442 427 441 428 443 427 441 428 443 425 443 429 442 426 442 429 442 427 441 429 442 425 443 429 442 425 443 428 443 425 443 427 444 425 442 428 443 1296 443 428 443 425 443 1297 442 1297 441 429 442 426 442 429 442 425 443 428 443 426 442 428 443 428 440 430 441 425 443 428 443 427 441 428 443 426 442 1298 440 1297 442 429 442 427 441 429 442 426 442 429 441 425 443 429 442 425 443 429 442 426 442 428 442 426 442 429 442 426 442 429 441 427 441 430 441 426 441 429 442 426 442 428 443 426 442 430 441 427 441 430 441 428 440 429 442 425 443 429 442 426 442 430 441 426 442 429 442 427 441 426 442 428 443 426 442 429 442 426 442 428 443 426 442 430 440 429 442 426 442 429 442 425 443 429 442 426 442 428 443 426 442 1297 442 429 442 1297 442 425 443 428 443 426 442 1297 442 1297 442 429 442 426 442 429 442 425 443 429 441 425 443 1300 441 427 441 425 443 430 441 425 443 430 441 426 442 428 443 426 442 429 442 1297 442 426 442 428 442 1297 442 1298 440 1297 442 1299 442 426 442,442 426 442 428 443 425 443 429 442 425 443 24982 3516 1700 443 1296 443 426 442 428 442 426 442 1300 441 426 442 428 443 426 442 425 443 1299 442 426 442 1297 442 1297 442 429 442 1297 442 1297 442 1296 442 1296 443 1300 441 426 442 429 442 1297 441 426 442 428 443 425 443 429 442 425 443 429 442 426 442 429 442 426 442 427 441 428 443 427 441 428 443 425 443 429 442 426 442 429 442 427 441 429 442 425 443 429 442 425 443 428 443 425 443 427 444 425 442 428 443 1296 443 428 443 425 443 1297 442 1297 441 429 442 426 442 429 442 425 443 428 443 426 442 428 443 428 440 430 441 425 443 428 443 427 441 428 443 426 442 1298 440 1297 442 429 442 427 441 429 442 426 442 429 441 425 443 429 442 425 443 429 442 426 442 428 442 426 442 429 442 426 442 429 441 427 441 430 441 426 441 429 442 426 442 428 443 426 442 430 441 427 441 430 441 428 440 429 442 425 443 429 442 426 442 430 441 426 442 429 442 427 441 426 442 428 443 426 442 429 442 426 442 428 443 426 442 430 440 429 442 426 442 429 442 425 443 429 442 426 442 428 443 426 442 1297 442 429 442 1297 442 425 443 428 443 426 442 1297 442 1297 442 429 442 426 442 429 442 425 443 429 441 425 443 1300 441 427 441 425 443 430 441 425 443 430 441 426 442 428 443 426 442 429 442 1297 442 426 442 428 442 1297 442 1298 440 1297 442 1299 442 426 442,442 423 483 387 450 418 476 396 383 484 435 25004 3442 1769 440 1324 411 427 487 381 488 381 486 1282 413 427 483 386 481 388 478 389 482 1280 363 485 383 1373 364 1375 385 479 447 1293 438 1299 439 1297 440 1297 438 1301 468 397 484 388 473 1267 430 435 444 426 384 484 384 504 364 487 382 503 433 435 410 459 443 425 442 426 440 429 479 389 477 391 484 384 485 384 484 384 485 384 483 385 482 387 483 385 481 391 475 391 481 391 442 425 474 397 433 435 435 435 382 1374 408 460 412 457 411 1326 413 1324 442 425 477 392 479 389 477 391 478 391 477 391 477 391 475 396 445 425 437 429 477 395 410 459 409 460 382 487 382 1372 364 1372 410 460 412 457 411 457 436 432 436 432 442 427 440 429 440 428 441 427 440 428 441 428 440 428 440 429 440 428 441 430 437 431 437 433 436 431 437 433 411 458 433 437 408 461 408 477 364 504 365 506 386 482 407 461 435 434 432 436 470 398 442 426 472 397 469 399 444 424 443 425 444 425 468 400 470 399 468 400 467 403 440 429 438 434 436 433 430 438 430 457 411 440 428 458 411 458 409 459 409 461 406 1352 388 459 436 1323 416 452 416 453 415 452 415 1323 413 1324 412 457 412 456 412 457 410 459 408 461 406 462 407 1354 383 485 384 484 384 485 383 485 383 486 407 461 408 461 407 462 406 462 407 1354 382 463 403 466 400 1360 376 1361 376 1361 375 1362 376 493 376,402 438 468 438 402 438 468 438 402 495 402 25014 3432 1779 402 1336 402 438 468 438 468 438 468 1336 402 438 468 438 468 438 468 438 468 1336 402 495 402 1336 402 1336 402 495 402 1336 402 1336 402 1336 402 1336 402 1336 468 438 468 438 468 1336 402 438 402 438 402 495 402 495 402 495 402 495 402 438 402 438 402 438 402 438 402 438 468 438 468 438 468 438 468 438 468 438 468 438 468 438 468 438 468 438 468 438 468 438 468 438 402 438 468 438 402 438 402 438 402 1336 402 438 402 438 402 1336 402 1336 402 438 468 438 468 438 468 438 468 438 468 438 468 438 468 438 402 438 402 438 468 438 402 438 402 438 402 495 402 1336 402 1336 402 438 402 438 402 438 402 438 402 438 402 438 402 438 402 438 402 438 402 438 402 438 402 438 402 438 402 438 402 438 402 438 402 438 402 438 402 438 402 438 402 438 402 438 402 438 402 495 402 495 402 495 402 438 402 438 402 438 468 438 402 438 468 438 468 438 402 438 402 438 402 438 468 438 468 438 468 438 468 438 402 438 402 438 402 438 402 438 402 438 402 438 402 438 402 438 402 438 402 438 402 1336 402 438 402 1336 402 438 402 438 402 438 402 1336 402 1336 402 438 402 438 402 438 402 438 402 438 402 438 402 1336 402 495 402 495 402 495 402 495 402 495 402 438 402 438 402 438 402 438 402 1336 402 438 402 438 402 1336 402 1336 402 1336 402 1336 402 495 402
Daikin_ARC480A41.ir,COOL,DAIKIN152 98 bits 11da270000312f00b0000000000000c50000e7,1,True,learned fidelity_check (319 timings),UNKNOWN,False,-18.2,22.8,104,440 428 440 430 441 427 441 430 441 427 441 24984 3515 1702 440 1298 441 428 440 430 441 426 442 1301 440 426 442 430 441 428 440 427 441 1301 440 427 441 1298 440 1298 441 431 439 1298 441 1299 440 1298 441 1297 442 1301 440 427 441 430 441 1298 441 427 441 431 440 427 441 430 441 426 442 430 441 427 441 429 442 427 441 428 440 429 442 427 441 430 441 427 441 430 441 428 440 430 441 429 439 1298 441 430 441 426 442 430 441 1298 441 1298 440 430 441 428 440 1298 441 1299 439 1302 439 1298 441 427 441 1298 441 429 442 427 441 429 442 427 441 430 441 427 441 430 441 427 441 430 441 428 440 430 441 427 441 430 441 427 441 1299 439 1297 442 429 442 1297 441 429 441 427 441 430 441 428 440 430 440 426 442 430 441 427 441 430 441 427 441 431 440 426 442 430 440 427 441 431 440 428 440 426 442 429 442 428 440 431 440 427 441 430 441 427 441 433 438 427 441 430 441 427 441 430 441 426 442 430 441 427 441 430 440 427 441 430 441 427 441 430 441 427 441 430 441 427 441 430 441 427 441 430 441 427 441 430 441 427 441 430 441 426 442 431 440 1298 440 428 440 1298 441 430 441 428 440 430 441 1298 441 1299 440 429 442 426 442 430 441 427 441 430 441 428 440 429 442 426 441 430 441 427 441 430 441 427 441 430 441 426 442 430 441 427 441 1298 441 1299 440 1301 440 428 440 430 441 1299 439 1299 440 1299 440,440 428 440 430 441 427 441 430 441 427 441 24984 3515 1702 440 1298 441 428 440 430 441 426 442 1301 440 426 442 430 441 428 440 427 441 1301 440 427 441 1298 440 1298 441 431 439 1298 441 1299 440 1298 441 1297 442 1301 440 427 441 430 441 1298 441 427 441 431 440 427 441 430 441 426 442 430 441 427 441 429 442 427 441 428 440 429 442 427 441 430 441 427 441 430 441 428 440 430 441 429 439 1298 441 430 441 426 442 430 441 1298 441 1298 440 430 441 428 440 1298 441 1299 439 1302 439 1298 441 427 441 1298 441 429 442 427 441 429 442 427 441 430 441 427 441 430 441 427 441 430 441 428 440 430 441 427 441 430 441 427 441 1299 439 1297 442 429 442 1297 441 429 441 427 441 430 441 428 440 430 440 426 442 430 441 427 441 430 441 427 441 431 440 426 442 430 440 427 441 431 440 428 440 426 442 429 442 428 440 431 440 427 441 430 441 427 441 433 438 427 441 430 441 427 441 430 441 426 442 430 441 427 441 430 440 427 441 430 441 427 441 430 441 427 441 430 441 427 441 430 441 427 441 430 441 427 441 430 441 427 441 430 441 426 442 431 440 1298 440 428 440 1298 441 430 441 428 440 430 441 1298 441 1299 440 429 442 426 442 430 441 427 441 430 441 428 440 429 442 426 441 430 441 427 441 430 441 427 441 430 441 426 442 430 441 427 441 1298 441 1299 440 1301 440 428 440 430 441 1299 439 1299 440 1299 440,466 400 483 387 471 397 473 398 407 461 432 25006 3442 1796 412 1325 412 426 488 380 488 381 488 1280 411 428 486 386 470 399 464 403 474 1288 360 487 382 1376 361 1401 360 479 435 1331 384 1353 411 1325 412 1325 412 1325 411 429 486 385 479 1283 411 434 437 435 380 487 382 504 364 489 380 503 434 434 410 459 469 399 443 425 441 428 483 385 481 387 487 381 488 381 487 381 488 381 486 383 486 1280 411 431 481 386 483 389 439 1319 363 1373 363 506 407 459 408 1360 359 1376 384 1354 411 1299 438 427 486 1254 438 427 486 383 485 385 482 387 480 391 439 429 467 404 404 464 407 480 364 504 365 503 410 458 410 458 441 428 438 1301 411 1326 439 426 485 1254 440 426 485 384 485 384 485 385 480 390 475 390 483 389 472 396 477 394 433 435 435 453 365 485 383 504 364 505 364 503 409 459 410 458 409 460 413 456 412 456 444 425 442 426 477 392 477 391 474 394 471 397 446 423 442 428 439 430 438 432 436 432 437 433 435 433 435 435 411 457 437 450 364 504 389 479 390 479 390 480 408 460 408 460 436 433 434 434 470 398 442 427 444 424 442 426 444 1294 468 399 470 1270 466 403 465 404 463 407 459 1296 406 1330 389 481 411 457 411 459 410 458 409 460 434 435 433 435 437 432 436 433 436 453 416 452 417 452 416 452 414 454 414 456 412 456 412 1325 413 1325 409 1328 408 484 383 486 383 1354 384 1353 408 1329 409,471 437 471 437 471 437 471 437 401 437 401 25016 3432 1806 401 1335 401 437 471 437 471 437 471 1335 401 437 471 437 471 437 471 437 471 1335 401 497 401 1335 401 1335 401 497 401 1335 401 1335 401 1335 401 1335 401 1335 401 437 471 437 471 1335 401 437 401 437 401 497 401 497 401 497 401 497 401 437 401 437 471 437 401 437 401 437 471 437 471 437 471 437 471 437 471 437 471 437 471 437 471 1335 401 437 471 437 471 437 401 1335 401 1335 401 497 401 437 401 1335 401 1335 401 1335 401 1335 401 437 471 1335 401 437 471 437 471 437 471 437 471 437 401 437 471 437 401 437 401 497 401 497 401 497 401 437 401 437 401 437 401 1335 401 1335 401 437 471 1335 401 437 471 437 471 437 471 437 471 437 471 437 471 437 471 437 471 437 401 437 401 437 401 497 401 497 401 497 401 497 401 437 401 437 401 437 401 437 401 437 401 437 401 437 471 437 471 437 471 437 471 437 401 437 401 437 401 437 401 437 401 437 401 437 401 437 401 437 401 437 401 437 401 497 401 497 401 497 401 497 401 437 401 437 401 437 401 437 471 437 401 437 401 437 401 437 401 1335 471 437 471 1335 471 437 471 437 471 437 471 1335 401 1335 401 497 401 437 401 437 401 437 401 437 401 437 401 437 401 437 401 437 401 437 401 437 401 437 401 437 401 437 401 437 401 437 401 1335 401 1335 401 1335 401 497 401 497 401 1335 401 1335 401 1335 401
Daikin_ARC480A41.ir,HEAT,DAIKIN152 98 bits 11da270000413200b0000000000000c50000fa,1,True,learned fidelity_check (319 timings),UNKNOWN,False,-12.5,19.6,72,442 427 441 429 442 426 442 429 442 425 443 24982 3516 1702 441 1296 443 426 442 430 441 426 442 1301 441 428 440 429 441 427 441 427 441 1301 440 426 442 1297 442 1297 441 429 442 1297 441 1298 441 1298 440 1297 442 1301 440 427 441 429 442 1298 440 427 441 429 442 426 442 430 441 426 442 430 441 426 442 429 442 426 442 427 441 430 441 426 442 430 441 426 442 430 441 426 442 429 442 427 441 1297 442 430 441 427 441 429 442 427 441 430 441 1298 441 427 441 429 442 1297 442 428 443 427 441 1299 439 1298 441 429 442 427 441 430 441 427 441 429 442 427 441 430 441 426 442 429 442 427 440 430 441 427 441 429 442 426 442 1301 440 1297 441 427 441 1298 441 429 442 425 443 429 442 427 441 429 442 427 441 430 441 427 441 429 442 428 440 430 441 428 440 429 442 426 442 429 442 428 440 426 442 429 442 426 442 430 441 426 442 428 443 427 441 428 442 430 441 426 442 428 443 427 441 429 442 426 442 431 440 427 441 428 440 429 442 427 441 428 443 427 441 428 443 426 442 430 441 426 442 430 441 426 442 429 442 426 442 429 442 427 441 429 441 1297 442 428 443 1297 442 426 442 429 441 427 441 1298 441 1298 441 429 442 426 442 430 441 427 441 430 441 427 441 430 441 427 441 429 442 427 441 430 441 428 440 428 443 428 440 430 441 427 441 430 440 1298 441 426 442 1297 442 1299 442 1298 440 1297 442 1298 441,442 427 441 429 442 426 442 429 442 425 443 24982 3516 1702 441 1296 443 426 442 430 441 426 442 1301 441 428 440 429 441 427 441 427 441 1301 440 426 442 1297 442 1297 441 429 442 1297 441 1298 441 1298 440 1297 442 1301 440 427 441 429 442 1298 440 427 441 429 442 426 442 430 441 426 442 430 441 426 442 429 442 426 442 427 441 430 441 426 442 430 441 426 442 430 441 426 442 429 442 427 441 1297 442 430 441 427 441 429 442 427 441 430 441 1298 441 427 441 429 442 1297 442 428 443 427 441 1299 439 1298 441 429 442 427 441 430 441 427 441 429 442 427 441 430 441 426 442 429 442 427 440 430 441 427 441 429 442 426 442 1301 440 1297 441 427 441 1298 441 429 442 425 443 429 442 427 441 429 442 427 441 430 441 427 441 429 442 428 440 430 441 428 440 429 442 426 442 429 442 428 440 426 442 429 442 426 442 430 441 426 442 428 443 427 441 428 442 430 441 426 442 428 443 427 441 429 442 426 442 431 440 427 441 428 440 429 442 427 441 428 443 427 441 428 443 426 442 430 441 426 442 430 441 426 442 429 442 426 442 429 442 427 441 429 441 1297 442 428 443 1297 442 426 442 429 441 427 441 1298 441 1298 441 429 442 426 442 430 441 427 441 430 441 427 441 430 441 427 441 429 442 427 441 430 441 428 440 428 443 428 440 430 441 427 441 430 440 1298 441 426 442 1297 442 1299 442 1298 440 1297 442 1298 441,411 455 475 393 488 381 488 380 488 380 489 24932 3554 1682 362 1377 359 488 381 503 410 459 409 1357 411 428 483 385 487 381 488 381 488 1278 412 427 488 1278 412 1325 412 429 484 1280 412 1324 411 1325 362 1375 362 1400 361 479 438 430 479 1287 413 426 486 383 487 381 487 381 488 380 488 381 488 380 487 383 485 382 486 384 485 386 478 389 483 389 434 433 444 428 382 485 383 504 364 504 365 1372 409 459 444 424 442 426 484 385 482 386 487 1254 438 426 486 382 487 1254 440 427 482 389 474 1287 411 1325 409 440 381 488 381 503 409 459 409 460 439 429 438 430 478 390 476 393 486 382 485 383 487 382 485 383 486 382 486 1256 467 1270 468 398 484 1258 435 432 433 434 441 431 382 487 381 504 408 460 408 460 436 433 412 456 445 423 444 425 482 386 481 387 483 386 482 387 482 386 479 389 481 387 481 387 480 393 472 394 475 395 444 426 436 433 433 439 381 486 382 504 407 461 364 504 411 457 410 461 412 456 412 456 412 457 436 432 436 432 441 428 441 427 474 394 478 391 477 391 475 395 473 394 472 399 467 401 468 403 435 434 436 434 430 1324 387 481 410 1330 407 459 409 459 411 458 410 1350 414 1322 417 429 440 428 442 427 440 428 438 433 434 435 433 438 431 437 432 455 413 456 412 457 408 461 407 461 407 462 383 508 385 483 385 484 385 1352 410 458 409 1328 410 1327 410 1326 411 1326 410 1329 407,401 436 473 436 473 436 473 436 473 436 473 24942 3544 1692 401 1335 401 498 401 498 401 436 401 1335 401 436 473 436 473 436 473 436 473 1335 401 436 473 1335 401 1335 401 436 473 1335 401 1335 401 1335 401 1335 401 1335 401 498 401 436 473 1335 401 436 473 436 473 436 473 436 473 436 473 436 473 436 473 436 473 436 473 436 473 436 473 436 473 436 401 436 401 436 401 498 401 498 401 498 401 1335 401 436 401 436 401 436 473 436 473 436 473 1335 401 436 473 436 473 1335 401 436 473 436 473 1335 401 1335 401 436 401 498 401 498 401 436 401 436 401 436 401 436 473 436 473 436 473 436 473 436 473 436 473 436 473 436 473 1335 473 1335 473 436 473 1335 401 436 401 436 401 436 401 498 401 498 401 436 401 436 401 436 401 436 401 436 401 436 473 436 473 436 473 436 473 436 473 436 473 436 473 436 473 436 473 436 473 436 473 436 401 436 401 436 401 436 401 498 401 498 401 436 401 498 401 436 401 436 401 436 401 436 401 436 401 436 401 436 401 436 401 436 473 436 473 436 473 436 473 436 473 436 473 436 473 436 473 436 401 436 401 436 401 1335 401 498 401 1335 401 436 401 436 401 436 401 1335 401 1335 401 436 401 436 401 436 401 436 401 436 401 436 401 436 401 436 401 436 401 436 401 436 401 436 401 436 401 436 401 498 401 498 401 498 401 1335 401 436 401 1335 401 1335 401 1335 401 1335 401 1335 401
Daikin_ARC480A41.ir,DRY,DAIKIN152 98 bits 11da27000021c000a0000000000000c5000058,1,True,learned fidelity_check (319 timings),UNKNOWN,False,-10.0,17.7,71,442 427 441 428 443 427 441 429 442 426 442 24982 3516 1702 441 1297 442 425 443 429 442 426 442 1300 441 427 441 428 443 427 441 426 442 1301 440 426 442 1296 443 1297 441 429 442 1297 442 1297 442 1298 441 1297 441 1300 441 427 441 429 442 1298 441 426 442 430 441 427 441 429 442 427 441 429 442 427 441 429 442 428 440 427 441 430 441 426 442 429 442 426 442 430 441 426 442 429 442 428 440 1297 442 428 443 425 443 430 440 427 441 1301 440 426 442 427 441 429 442 427 441 429 442 428 440 429 442 426 442 1300 441 1297 441 426 442 429 442 426 442 430 441 426 442 430 441 426 442 429 442 427 441 429 442 426 442 429 441 427 441 1297 441 429 442 1299 440 426 442 429 442 427 441 429 442 427 441 429 442 427 440 430 441 425 443 430 441 427 441 429 442 426 442 429 442 427 441 428 442 427 441 429 442 427 441 429 442 427 441 429 442 426 442 431 440 427 441 429 442 426 442 430 441 425 443 429 442 426 442 430 441 427 441 430 441 425 443 429 442 427 441 430 441 426 442 429 441 426 442 429 442 427 441 429 441 426 442 429 442 426 442 430 441 1298 441 425 443 1297 442 428 443 426 442 429 442 1297 442 1298 441 429 442 427 441 429 442 426 442 429 442 426 442 429 442 426 442 426 442 430 441 427 441 429 442 426 442 430 441 426 442 430 441 426 442 429 442 427 441 1298 441 1300 441 426 442 1297 442 430 441,442 427 441 428 443 427 441 429 442 426 442 24982 3516 1702 441 1297 442 425 443 429 442 426 442 1300 441 427 441 428 443 427 441 426 442 1301 440 426 442 1296 443 1297 441 429 442 1297 442 1297 442 1298 441 1297 441 1300 441 427 441 429 442 1298 441 426 442 430 441 427 441 429 442 427 441 429 442 427 441 429 442 428 440 427 441 430 441 426 442 429 442 426 442 430 441 426 442 429 442 428 440 1297 442 428 443 425 443 430 440 427 441 1301 440 426 442 427 441 429 442 427 441 429 442 428 440 429 442 426 442 1300 441 1297 441 426 442 429 442 426 442 430 441 426 442 430 441 426 442 429 442 427 441 429 442 426 442 429 441 427 441 1297 441 429 442 1299 440 426 442 429 442 427 441 429 442 427 441 429 442 427 440 430 441 425 443 430 441 427 441 429 442 426 442 429 442 427 441 428 442 427 441 429 442 427 441 429 442 427 441 429 442 426 442 431 440 427 441 429 442 426 442 430 441 425 443 429 442 426 442 430 441 427 441 430 441 425 443 429 442 427 441 430 441 426 442 429 441 426 442 429 442 427 441 429 441 426 442 429 442 426 442 430 441 1298 441 425 443 1297 442 428 443 426 442 429 442 1297 442 1298 441 429 442 427 441 429 442 426 442 429 442 426 442 429 442 426 442 426 442 430 441 427 441 429 442 426 442 430 441 426 442 430 441 426 442 429 442 427 441 1298 441 1300 441 426 442 1297 442 430 441,443 423 488 380 489 380 488 381 487 381 488 24938 3557 1700 359 1379 383 455 470 398 488 380 487 1280 412 426 487 382 487 381 488 380 488 1280 411 428 485 1281 411 1325 410 436 383 1376 378 1383 360 1377 384 1352 386 1351 413 426 488 380 488 1279 412 426 488 384 484 384 484 386 479 390 474 396 435 434 433 437 382 504 364 487 381 504 384 485 382 486 435 433 435 433 472 396 471 398 487 381 486 1281 411 427 488 380 488 381 486 382 487 1280 413 427 484 385 483 387 479 390 474 396 436 434 431 438 382 486 382 1376 385 1352 385 479 438 431 478 390 476 392 486 382 486 382 487 382 486 382 486 382 487 382 486 382 486 385 482 386 483 1258 465 402 470 1289 386 462 408 464 380 505 363 504 409 459 409 460 439 429 411 457 447 422 443 425 484 384 485 383 485 384 483 385 484 385 482 386 483 385 484 385 484 386 481 389 473 396 471 398 441 428 468 405 381 486 404 481 365 504 365 504 410 457 409 460 413 456 412 457 414 453 438 431 441 427 441 428 440 428 440 429 439 429 441 428 440 428 441 429 441 428 475 395 476 391 475 396 470 398 466 422 391 1345 388 481 378 1357 410 461 410 458 410 458 442 1298 464 1293 419 426 440 429 439 430 438 430 438 433 436 432 437 434 433 436 431 437 432 456 386 482 387 482 384 484 385 507 386 459 409 483 408 460 385 483 411 457 411 1327 413 1323 413 456 412 1325 411 458 409,401 433 474 433 474 433 474 433 474 433 474 24948 3547 1710 401 1335 401 433 474 433 474 433 474 1335 401 433 474 433 474 433 474 433 474 1335 401 433 474 1335 401 1335 401 433 401 1335 401 1335 401 1335 401 1335 401 1335 401 433 474 433 474 1335 401 433 474 433 474 433 474 433 474 433 474 433 401 433 401 433 401 496 401 496 401 496 401 496 401 496 401 433 401 433 474 433 474 433 474 433 474 1335 401 433 474 433 474 433 474 433 474 1335 401 433 474 433 474 433 474 433 474 433 401 433 401 433 401 496 401 1335 401 1335 401 496 401 433 474 433 474 433 474 433 474 433 474 433 474 433 474 433 474 433 474 433 474 433 474 433 474 1335 474 433 474 1335 401 433 401 433 401 496 401 496 401 433 401 433 401 433 401 433 474 433 401 433 474 433 474 433 474 433 474 433 474 433 474 433 474 433 474 433 474 433 474 433 474 433 474 433 401 433 474 433 401 496 401 496 401 496 401 496 401 433 401 433 401 433 401 433 401 433 401 433 401 433 401 433 401 433 401 433 401 433 401 433 401 433 401 433 401 433 474 433 474 433 474 433 474 433 474 433 401 1335 401 496 401 1335 401 433 401 433 401 433 401 1335 474 1335 401 433 401 433 401 433 401 433 401 433 401 433 401 433 401 433 401 433 401 433 401 496 401 496 401 496 401 496 401 433 401 496 401 433 401 496 401 433 401 1335 401 1335 401 433 401 1335 401 433 401
Daikin_ARC480A53.ir,Off,DAIKIN152 98 bits 11da270000402c007f0f0000000000c5400819,1,True,learned fidelity_check (319 timings),UNKNOWN,False,-27.1,23.5,75,445 455 421 449 416 453 422 447 418 451 424 25400 3494 1753 416 1322 419 450 415 456 420 449 416 1325 416 451 425 444 421 448 417 453 423 1318 423 444 421 1320 421 1316 414 457 419 1320 421 1318 423 1314 417 1322 419 1320 421 449 416 453 422 1317 424 445 420 450 415 456 419 447 418 451 414 456 420 449 416 452 424 448 417 453 422 445 420 450 415 456 419 448 417 452 423 447 418 449 416 453 423 448 417 453 423 446 419 449 416 453 423 447 418 1321 420 451 414 454 422 449 416 1322 419 1319 422 449 416 1322 419 451 424 445 420 449 416 455 421 445 420 449 416 455 420 448 417 452 424 446 419 1321 420 1317 424 1315 416 1324 417 1322 419 1320 421 1320 421 446 419 1319 422 1319 422 1318 423 1313 417 453 423 445 420 450 415 454 421 449 416 454 422 446 419 449 416 456 420 448 417 453 423 444 421 450 415 454 422 447 418 451 424 445 420 450 415 455 420 447 418 452 424 447 418 451 424 445 420 448 417 453 423 446 419 451 424 444 421 448 417 452 423 446 419 451 424 445 420 448 417 451 414 456 420 452 424 443 422 449 416 451 424 448 417 449 416 455 420 1318 423 446 419 1319 422 448 417 451 424 447 418 1320 421 1316 415 455 421 451 414 455 421 449 416 451 424 446 419 1319 422 448 417 454 422 446 419 451 414 1325 416 452 423 447 418 451 424 447 418 1318 423 446 419 449 416 1327 424 1312 419 449 416 455 421 449 416,445 455 421 449 416 453 422 447 418 451 424 25400 3494 1753 416 1322 419 450 415 456 420 449 416 1325 416 451 425 444 421 448 417 453 423 1318 423 444 421 1320 421 1316 414 457 419 1320 421 1318 423 1314 417 1322 419 1320 421 449 416 453 422 1317 424 445 420 450 415 456 419 447 418 451 414 456 420 449 416 452 424 448 417 453 422 445 420 450 415 456 419 448 417 452 423 447 418 449 416 453 423 448 417 453 423 446 419 449 416 453 423 447 418 1321 420 451 414 454 422 449 416 1322 419 1319 422 449 416 1322 419 451 424 445 420 449 416 455 421 445 420 449 416 455 420 448 417 452 424 446 419 1321 420 1317 424 1315 416 1324 417 1322 419 1320 421 1320 421 446 419 1319 422 1319 422 1318 423 1313 417 453 423 445 420 450 415 454 421 449 416 454 422 446 419 449 416 456 420 448 417 453 423 444 421 450 415 454 422 447 418 451 424 445 420 450 415 455 420 447 418 452 424 447 418 451 424 445 420 448 417 453 423 446 419 451 424 444 421 448 417 452 423 446 419 451 424 445 420 448 417 451 414 456 420 452 424 443 422 449 416 451 424 448 417 449 416 455 420 1318 423 446 419 1319 422 448 417 451 424 447 418 1320 421 1316 415 455 421 451 414 455 421 449 416 451 424 446 419 1319 422 448 417 454 422 446 419 451 414 1325 416 452 423 447 418 451 424 447 418 1318 423 446 419 449 416 1327 424 1312 419 449 416 455 421 449 416,470 425 387 483 412 458 359 509 412 458 405 25428 3493 1773 449 1288 397 444 413 458 357 512 421 1340 333 514 432 453 387 481 363 505 415 1352 431 407 415 1352 432 1305 433 404 416 1351 455 1283 388 1349 428 1308 393 1344 333 513 411 458 404 1354 412 452 411 457 362 506 415 454 388 480 363 505 416 452 415 454 415 453 415 453 416 452 416 453 415 453 416 452 416 453 414 455 415 452 415 454 388 483 413 457 381 488 385 483 413 456 404 466 412 1346 361 505 366 503 414 453 364 1402 432 1305 431 408 415 1351 432 407 414 454 416 453 415 454 412 455 416 452 416 455 411 457 413 456 362 508 411 1351 360 1376 385 1351 390 1348 412 1325 456 1284 454 1280 455 409 415 1324 456 1283 446 1293 357 1379 449 419 380 487 359 511 421 448 359 511 411 475 389 479 362 507 390 477 417 453 385 483 419 448 421 448 387 482 420 448 445 423 423 446 447 421 447 421 449 420 450 419 453 415 454 415 393 476 456 412 459 411 391 478 458 411 384 484 413 457 455 413 383 487 386 484 427 458 362 490 378 490 411 473 386 485 418 448 451 419 386 483 415 453 416 452 385 483 418 1320 442 426 442 1295 423 445 415 453 414 454 414 1346 389 1347 392 456 386 486 410 460 401 486 358 491 427 460 357 1379 409 460 383 487 412 457 410 459 380 1377 390 479 388 480 387 482 386 482 386 1350 388 481 388 481 386 1351 384 1352 384 485 384 485 381 489 382,411 466 377 466 377 466 377 521 377 466 377 25438 3483 1783 411 1357 377 466 377 466 377 521 411 1357 377 521 411 466 377 466 377 466 411 1357 411 466 411 1357 411 1357 411 466 411 1357 411 1357 377 1357 411 1357 377 1357 377 521 377 466 377 1357 377 466 377 466 377 466 411 466 377 466 377 466 411 466 411 466 411 466 411 466 411 466 411 466 411 466 411 466 411 466 411 466 411 466 411 466 377 466 377 466 377 466 377 466 377 466 377 466 377 1357 377 466 377 466 411 466 377 1357 411 1357 411 466 411 1357 411 466 411 466 411 466 411 466 377 466 411 466 411 466 377 466 377 466 377 521 377 1357 377 1357 377 1357 377 1357 377 1357 411 1357 411 1357 411 466 411 1357 411 1357 411 1357 377 1357 411 466 377 466 377 521 411 466 377 521 377 466 377 466 377 466 377 466 411 466 377 466 411 466 411 466 377 466 411 466 411 466 411 466 411 466 411 466 411 466 411 466 411 466 411 466 377 466 411 466 411 466 377 466 411 466 377 466 377 466 411 466 377 466 377 466 411 466 377 466 377 466 377 466 377 466 411 466 411 466 377 466 411 466 411 466 377 466 411 1357 411 466 411 1357 411 466 411 466 411 466 411 1357 377 1357 377 466 377 466 377 466 377 466 377 466 411 466 377 1357 377 466 377 466 377 466 377 466 377 1357 377 466 377 466 377 466 377 466 377 1357 377 466 377 466 377 1357 377 1357 377 466 377 466 377 466 377
Daikin_ARC480A53.ir,AUTO,DAIKIN152 98 bits 11da2700000132007f0f0000000000c50008a0,1,True,learned fidelity_check (319 timings),UNKNOWN,False,-24.2,22.9,71,443 457 418 451 424 445 420 449 416 453 423 25403 3491 1753 416 1323 418 452 423 447 418 451 424 1315 416 451 414 457 418 450 415 454 421 1319 422 446 419 1322 419 1317 424 445 420 1320 421 1317 424 1314 417 1325 416 1322 419 452 423 444 421 1320 421 447 418 451 425 443 422 448 417 454 422 446 419 451 414 463 423 437 418 454 422 446 419 449 416 456 420 448 417 451 414 456 420 450 415 454 421 1317 424 446 419 450 415 454 422 448 417 452 423 446 419 450 415 457 418 1324 417 446 419 450 415 1325 416 1323 418 450 415 455 420 449 416 454 422 447 418 450 415 455 421 449 416 452 424 446 419 1320 421 1319 422 1315 415 1326 415 1323 418 1320 421 1319 422 445 420 1320 421 1319 422 1317 424 1314 416 453 422 447 418 451 424 445 420 449 416 453 423 448 417 451 414 454 421 449 416 454 421 448 417 452 423 446 419 451 414 459 416 448 417 451 414 456 419 449 416 454 421 448 417 452 424 447 418 455 421 443 422 448 417 452 424 445 420 451 425 444 421 448 417 451 414 456 420 450 415 454 422 447 418 452 424 447 418 450 415 453 423 447 418 451 414 456 420 1320 421 448 417 1320 421 456 419 444 421 448 417 1320 421 1320 421 447 418 452 423 444 421 450 415 454 421 447 418 452 423 445 420 451 414 454 421 448 417 1323 418 448 417 454 421 449 416 452 423 446 419 449 416 454 422 447 418 452 424 1321 420 444 421 1318 423,443 457 418 451 424 445 420 449 416 453 423 25403 3491 1753 416 1323 418 452 423 447 418 451 424 1315 416 451 414 457 418 450 415 454 421 1319 422 446 419 1322 419 1317 424 445 420 1320 421 1317 424 1314 417 1325 416 1322 419 452 423 444 421 1320 421 447 418 451 425 443 422 448 417 454 422 446 419 451 414 463 423 437 418 454 422 446 419 449 416 456 420 448 417 451 414 456 420 450 415 454 421 1317 424 446 419 450 415 454 422 448 417 452 423 446 419 450 415 457 418 1324 417 446 419 450 415 1325 416 1323 418 450 415 455 420 449 416 454 422 447 418 450 415 455 421 449 416 452 424 446 419 1320 421 1319 422 1315 415 1326 415 1323 418 1320 421 1319 422 445 420 1320 421 1319 422 1317 424 1314 416 453 422 447 418 451 424 445 420 449 416 453 423 448 417 451 414 454 421 449 416 454 421 448 417 452 423 446 419 451 414 459 416 448 417 451 414 456 419 449 416 454 421 448 417 452 424 447 418 455 421 443 422 448 417 452 424 445 420 451 425 444 421 448 417 451 414 456 420 450 415 454 422 447 418 452 424 447 418 450 415 453 423 447 418 451 414 456 420 1320 421 448 417 1320 421 456 419 444 421 448 417 1320 421 1320 421 447 418 452 423 444 421 450 415 454 421 447 418 452 423 445 420 451 414 454 421 448 417 1323 418 448 417 454 421 449 416 452 423 446 419 449 416 454 422 447 418 452 424 1321 420 444 421 1318 423,430 483 362 506 415 454 411 457 363 505 415 25400 3526 1737 391 1347 357 507 415 453 412 457 415 1352 435 402 364 505 415 453 416 453 415 1352 431 406 416 1352 431 1305 394 445 413 1354 387 1350 357 1379 416 1320 334 1428 425 414 415 453 416 1351 431 407 415 453 416 452 416 453 415 453 415 453 416 453 416 460 382 478 415 457 361 507 411 457 413 459 358 510 414 454 441 429 383 487 417 452 380 1375 414 453 387 481 338 530 416 453 411 457 415 453 415 453 412 457 415 1351 431 407 416 453 416 1350 431 1307 428 411 414 456 410 459 413 457 380 489 410 458 444 426 356 514 411 457 406 480 362 1379 457 1278 457 1280 442 1294 456 1281 456 1280 456 1282 419 445 417 1325 413 1327 380 1376 387 1349 390 478 411 457 362 506 415 453 412 457 361 507 417 451 418 451 386 483 418 449 420 449 419 449 421 448 422 446 448 420 424 447 446 420 450 419 452 416 453 416 456 413 461 408 458 411 391 479 454 419 404 460 387 483 445 424 406 464 355 530 416 452 388 480 384 485 337 533 442 426 384 485 415 453 415 453 416 452 416 453 417 451 442 427 443 424 445 424 442 1297 411 457 413 1326 383 506 385 464 378 491 380 1374 361 1377 411 458 382 486 416 453 408 462 381 487 410 458 407 462 412 456 413 477 386 483 389 479 388 1349 386 482 387 482 386 482 388 480 388 480 388 481 386 482 384 485 384 485 382 1357 381 487 381 1356 405,420 464 380 517 380 464 380 464 380 464 380 25410 3516 1747 380 1360 380 517 380 464 380 464 380 1360 420 464 380 464 380 464 420 464 380 1360 420 464 420 1360 420 1360 380 464 380 1360 380 1360 380 1360 420 1360 380 1360 420 464 380 464 420 1360 420 464 380 464 420 464 420 464 380 464 380 464 420 464 420 464 380 464 380 464 380 517 380 464 380 464 380 517 380 464 420 464 380 464 420 464 380 1360 380 464 380 464 380 517 420 464 380 464 380 464 380 464 380 464 380 1360 420 464 420 464 420 1360 420 1360 420 464 380 464 380 464 380 464 380 464 380 464 420 464 380 517 380 464 380 464 380 1360 420 1360 420 1360 420 1360 420 1360 420 1360 420 1360 420 464 420 1360 380 1360 380 1360 380 1360 380 464 380 464 380 517 380 464 380 464 380 517 420 464 420 464 380 464 420 464 420 464 420 464 420 464 420 464 420 464 420 464 420 464 420 464 420 464 420 464 420 464 420 464 420 464 380 464 420 464 380 464 380 464 420 464 380 464 380 517 420 464 380 464 380 464 380 517 420 464 380 464 380 464 380 464 420 464 420 464 420 464 420 464 420 464 420 464 420 1360 380 464 380 1360 380 517 380 464 380 464 380 1360 380 1360 380 464 380 464 420 464 380 464 380 464 380 464 380 464 380 464 380 464 380 464 380 464 380 1360 380 464 380 464 380 464 380 464 380 464 380 464 380 464 380 464 380 464 380 1360 380 464 380 1360 380
Daikin_ARC480A53.ir,COOL,DAIKIN152 98 bits 11da2700003125007f0f0000000000c50008c3,1,True,learned fidelity_check (319 timings),UNKNOWN,False,-11.5,21.2,72,445 456 419 450 415 454 421 450 415 453 422 25403 3491 1753 415 1324 417 454 421 448 417 457 418 1313 417 453 422 447 418 451 424 445 420 1318 423 447 418 1322 419 1319 422 448 417 1321 420 1318 423 1317 424 1316 414 1325 416 451 424 446 419 1327 424 436 419 453 422 446 419 450 415 461 414 449 416 454 421 445 420 450 415 454 422 447 418 451 424 448 417 453 423 444 421 448 417 453 423 445 420 1320 421 447 418 452 423 447 418 1321 420 1319 422 445 420 452 423 1314 417 453 423 1317 424 444 421 447 418 1323 418 450 415 455 421 449 416 453 422 446 419 450 415 455 421 448 417 454 422 445 420 1319 422 1320 421 1316 415 1324 417 1323 418 1322 419 1319 422 446 419 1321 420 1319 422 1319 422 1315 415 456 420 448 417 452 424 445 420 449 416 455 421 448 417 451 414 457 419 450 415 454 422 448 417 458 418 446 419 449 416 453 422 448 417 451 424 447 418 451 424 444 421 449 416 451 414 456 420 450 415 456 420 455 420 442 423 447 418 450 415 454 422 447 418 453 422 446 419 451 414 455 421 449 416 451 424 453 423 441 424 445 420 448 417 451 424 445 420 1319 422 450 415 1323 418 451 424 445 420 450 415 1323 418 1321 420 448 417 454 422 448 417 451 424 445 420 451 414 453 423 448 417 451 424 443 422 450 415 1322 419 452 423 446 419 455 420 443 422 1317 424 1320 421 443 422 445 420 452 424 444 421 1319 422 1317 424,445 456 419 450 415 454 421 450 415 453 422 25403 3491 1753 415 1324 417 454 421 448 417 457 418 1313 417 453 422 447 418 451 424 445 420 1318 423 447 418 1322 419 1319 422 448 417 1321 420 1318 423 1317 424 1316 414 1325 416 451 424 446 419 1327 424 436 419 453 422 446 419 450 415 461 414 449 416 454 421 445 420 450 415 454 422 447 418 451 424 448 417 453 423 444 421 448 417 453 423 445 420 1320 421 447 418 452 423 447 418 1321 420 1319 422 445 420 452 423 1314 417 453 423 1317 424 444 421 447 418 1323 418 450 415 455 421 449 416 453 422 446 419 450 415 455 421 448 417 454 422 445 420 1319 422 1320 421 1316 415 1324 417 1323 418 1322 419 1319 422 446 419 1321 420 1319 422 1319 422 1315 415 456 420 448 417 452 424 445 420 449 416 455 421 448 417 451 414 457 419 450 415 454 422 448 417 458 418 446 419 449 416 453 422 448 417 451 424 447 418 451 424 444 421 449 416 451 414 456 420 450 415 456 420 455 420 442 423 447 418 450 415 454 422 447 418 453 422 446 419 451 414 455 421 449 416 451 424 453 423 441 424 445 420 448 417 451 424 445 420 1319 422 450 415 1323 418 451 424 445 420 450 415 1323 418 1321 420 448 417 454 422 448 417 451 424 445 420 451 414 453 423 448 417 451 424 443 422 450 415 1322 419 452 423 446 419 455 420 443 422 1317 424 1320 421 443 422 445 420 452 424 444 421 1319 422 1317 424,399 512 414 454 363 505 416 453 414 454 416 25403 3488 1770 362 1404 413 424 416 452 415 454 415 1352 431 407 415 453 415 453 416 453 415 1352 431 406 416 1352 428 1309 387 455 412 1351 359 1377 382 1356 411 1350 353 1384 425 413 416 452 416 1351 394 444 416 452 416 453 415 453 415 457 413 452 415 453 415 453 416 452 416 453 413 456 415 454 363 509 413 457 381 486 359 510 414 456 382 486 382 1377 384 481 362 506 415 453 388 1378 432 1305 432 407 416 452 416 1349 433 407 416 1350 418 421 414 454 416 1351 400 442 413 458 358 511 444 425 381 487 385 484 444 426 379 491 378 505 416 453 387 1379 430 1307 430 1281 456 1281 456 1282 456 1282 419 1317 357 508 410 1352 361 1375 385 1353 455 1281 406 459 417 452 414 453 416 453 416 453 415 453 416 452 417 452 416 452 417 451 419 450 392 477 418 458 408 456 409 459 443 426 359 510 416 453 405 465 409 460 428 441 380 505 367 502 430 438 388 480 364 506 460 408 460 409 459 409 459 409 445 424 457 411 457 412 455 413 455 413 454 415 447 421 444 424 412 462 402 462 361 508 388 480 415 453 361 508 412 1328 379 492 404 1349 362 507 442 426 385 483 361 1400 382 1355 391 455 412 456 441 428 439 429 439 429 414 455 410 458 410 459 411 457 409 460 412 458 411 1346 389 480 385 484 383 487 382 484 383 1355 384 1377 387 458 407 461 381 511 384 484 384 1353 385 1352 385,402 521 402 463 402 463 402 463 402 463 402 25413 3478 1780 402 1362 402 463 402 463 402 463 402 1362 402 463 402 463 402 463 402 463 402 1362 402 463 402 1362 402 1362 402 463 402 1362 402 1362 402 1362 402 1362 402 1362 402 463 402 463 402 1362 402 463 402 463 402 463 402 463 402 463 402 463 402 463 402 463 402 463 402 463 402 463 402 463 402 463 402 463 402 463 402 463 402 463 402 463 402 1362 402 463 402 463 402 463 402 1362 402 1362 402 463 402 463 402 1362 402 463 402 1362 402 463 402 463 402 1362 402 463 402 463 402 521 445 463 402 463 402 463 445 463 402 463 402 463 402 463 402 1362 402 1362 402 1362 445 1362 445 1362 445 1362 402 1362 402 463 402 1362 402 1362 402 1362 445 1362 402 463 402 463 402 463 402 463 402 463 402 463 402 463 402 463 402 463 402 463 402 463 402 463 402 463 402 463 402 463 445 463 402 463 402 463 402 463 402 463 402 463 402 463 402 463 402 463 402 463 402 463 445 463 445 463 445 463 445 463 445 463 445 463 445 463 445 463 445 463 445 463 445 463 445 463 402 463 402 463 402 463 402 463 402 463 402 463 402 1362 402 463 402 1362 402 463 445 463 402 463 402 1362 402 1362 402 463 402 463 445 463 445 463 445 463 402 463 402 463 402 463 402 463 402 463 402 463 402 1362 402 463 402 463 402 463 402 463 402 1362 402 1362 402 463 402 463 402 521 402 463 402 1362 402 1362 402
Daikin_ARC480A53.ir,DRY,DAIKIN152 98 bits 11da27000021c000af0f0000000000c500087e,1,True,learned fidelity_check (319 timings),UNKNOWN,False,-25.7,20.8,92,444 456 419 450 415 455 420 448 417 455 420 25402 3491 1755 424 1315 415 455 420 449 416 458 417 1313 417 453 422 447 418 452 423 444 421 1320 421 447 418 1321 420 1319 422 448 417 1322 419 1320 421 1318 423 1315 415 1332 419 442 423 448 417 1320 421 448 417 454 422 445 420 450 415 461 414 450 415 455 420 446 419 452 423 446 419 451 424 444 421 447 418 454 421 445 420 449 416 454 422 447 418 1322 419 449 416 454 421 447 418 451 414 1325 416 453 422 447 418 453 422 446 419 453 422 445 420 448 417 453 422 1315 415 1324 417 453 422 447 418 450 415 454 422 448 417 454 421 446 419 451 424 1314 416 1326 415 1321 420 1318 423 446 419 1321 420 449 416 1322 419 1323 418 1320 421 1317 424 1318 423 445 420 449 416 452 423 449 416 452 423 444 421 449 416 459 416 446 419 458 417 448 417 456 420 443 422 447 418 452 423 445 420 450 415 452 424 447 418 452 423 446 419 449 416 460 415 448 417 452 423 445 420 450 415 455 420 449 416 452 423 445 420 451 414 454 421 449 416 455 420 446 419 451 414 454 422 449 416 452 424 445 420 451 424 443 422 448 417 1323 418 451 424 1315 415 453 422 446 419 450 415 1325 416 1324 417 451 414 456 419 450 415 454 421 447 418 452 423 446 419 450 415 453 423 450 415 451 424 1315 416 453 422 447 418 452 424 447 418 450 415 1323 418 1321 420 1319 422 1318 423 1317 424 1316 414 453 422,444 456 419 450 415 455 420 448 417 455 420 25402 3491 1755 424 1315 415 455 420 449 416 458 417 1313 417 453 422 447 418 452 423 444 421 1320 421 447 418 1321 420 1319 422 448 417 1322 419 1320 421 1318 423 1315 415 1332 419 442 423 448 417 1320 421 448 417 454 422 445 420 450 415 461 414 450 415 455 420 446 419 452 423 446 419 451 424 444 421 447 418 454 421 445 420 449 416 454 422 447 418 1322 419 449 416 454 421 447 418 451 414 1325 416 453 422 447 418 453 422 446 419 453 422 445 420 448 417 453 422 1315 415 1324 417 453 422 447 418 450 415 454 422 448 417 454 421 446 419 451 424 1314 416 1326 415 1321 420 1318 423 446 419 1321 420 449 416 1322 419 1323 418 1320 421 1317 424 1318 423 445 420 449 416 452 423 449 416 452 423 444 421 449 416 459 416 446 419 458 417 448 417 456 420 443 422 447 418 452 423 445 420 450 415 452 424 447 418 452 423 446 419 449 416 460 415 448 417 452 423 445 420 450 415 455 420 449 416 452 423 445 420 451 414 454 421 449 416 455 420 446 419 451 414 454 422 449 416 452 424 445 420 451 424 443 422 448 417 1323 418 451 424 1315 415 453 422 446 419 450 415 1325 416 1324 417 451 414 456 419 450 415 454 421 447 418 452 423 446 419 450 415 453 423 450 415 451 424 1315 416 453 422 447 418 452 424 447 418 450 415 1323 418 1321 420 1319 422 1318 423 1317 424 1316 414 453 422,435 459 416 453 388 480 416 452 416 453 415 25405 3486 1799 432 1305 425 412 416 453 415 453 416 1352 431 406 416 452 416 453 415 453 415 1352 430 408 415 1353 422 1315 359 484 414 1348 333 1403 383 1378 432 1306 380 1355 433 406 415 454 416 1350 432 407 415 453 416 452 416 452 416 459 444 420 414 456 386 480 414 457 380 489 410 460 406 462 359 509 411 461 380 486 358 511 420 450 404 465 380 1402 420 420 362 505 416 453 388 480 363 1404 427 411 416 453 415 453 415 453 415 453 416 452 417 452 415 453 415 1328 455 1280 453 414 362 507 409 459 413 456 361 509 413 458 380 487 385 485 406 1349 390 1349 412 1325 456 1280 456 410 415 1324 455 410 416 1323 456 1283 450 1288 413 1325 357 1400 387 464 379 489 408 460 405 480 362 506 418 450 389 479 363 507 416 452 413 455 420 448 420 449 421 448 447 421 447 421 447 422 448 421 449 419 451 417 454 415 450 418 456 412 460 416 450 412 459 411 390 478 458 412 456 414 387 481 452 416 381 488 382 489 412 455 403 483 363 505 418 451 383 485 337 531 443 427 385 483 417 452 417 451 444 424 444 424 443 1295 415 452 415 1324 412 455 414 454 415 453 417 1343 392 1345 391 459 411 459 401 468 401 468 398 470 376 510 385 484 383 485 383 485 411 481 359 486 412 1348 359 509 387 482 386 482 388 480 388 481 387 1350 385 1352 384 1353 383 1354 383 1355 382 1356 380 489 380,410 464 410 464 375 464 410 464 410 464 410 25415 3476 1809 410 1359 410 464 410 464 410 464 410 1359 410 464 410 464 410 464 410 464 410 1359 410 464 410 1359 410 1359 375 464 410 1359 375 1359 375 1359 410 1359 375 1359 410 464 410 464 410 1359 410 464 410 464 410 464 410 464 410 464 410 464 410 464 375 464 410 464 375 464 375 464 375 464 375 464 375 464 375 464 375 541 410 464 375 464 375 1359 410 464 375 464 410 464 375 464 375 1359 410 464 410 464 410 464 410 464 410 464 410 464 410 464 410 464 410 1359 410 1359 410 464 375 464 375 464 375 464 375 464 375 464 375 464 375 464 375 1359 375 1359 375 1359 410 1359 410 464 410 1359 410 464 410 1359 410 1359 410 1359 375 1359 375 1359 375 464 375 464 375 464 375 464 375 464 410 464 375 464 375 464 410 464 375 464 410 464 410 464 410 464 410 464 410 464 410 464 410 464 410 464 410 464 410 464 410 464 410 464 410 464 410 464 410 464 375 464 410 464 410 464 375 464 410 464 375 464 375 464 375 464 375 464 375 464 410 464 375 464 375 541 410 464 375 464 410 464 410 464 410 464 410 464 410 1359 410 464 410 1359 375 464 410 464 410 464 410 1359 375 1359 375 464 375 464 375 464 375 464 375 464 375 464 375 464 375 464 375 464 375 464 375 464 375 1359 375 464 375 464 375 464 375 464 375 464 375 1359 375 1359 375 1359 375 1359 375 1359 375 1359 375 464 375
Daikin_FTE35KV1.ir,POWER,DAIKIN160 0 bits 11da27f00d000f11da2700d3304100001804087a,1,True,learned fidelity_check (327 timings),DAIKIN160 0 bits 11da27f00d000f11da2700d3304100001804087a,True,-4.7,3.8,359,5041 2133 360 1770 356 693 364 685 362 689 358 1772 364 686 361 689 358 692 365 684 363 1768 358 692 365 1767 359 1771 355 694 363 1769 357 1773 363 1768 358 1772 364 1767 359 689 358 692 365 1765 361 689 358 692 365 685 362 688 359 691 366 684 363 1767 359 1773 363 1768 358 1772 364 1767 359 689 358 1774 362 1769 357 691 366 684 363 687 360 690 357 693 364 685 362 689 358 691 366 684 363 687 360 690 357 693 364 1766 360 1773 363 1767 359 1771 355 694 363 687 360 690 357 693 364 29443 5038 2134 359 1774 362 686 361 689 358 692 365 1765 361 689 358 692 365 685 362 688 359 1771 365 685 362 1769 357 1775 361 687 360 1772 364 1767 359 1771 355 1776 360 1770 356 693 364 686 361 1799 327 693 364 686 361 689 358 692 365 685 362 688 359 691 356 694 363 686 361 689 358 1773 363 1769 357 691 366 684 363 1798 328 692 365 1767 359 1771 355 694 363 686 361 689 358 692 365 1765 361 1772 364 684 363 687 360 1801 335 684 363 687 360 690 357 693 364 686 361 1769 357 694 363 686 361 689 358 692 365 685 362 688 359 691 356 694 363 687 360 690 357 693 365 685 362 688 359 691 367 684 363 687 360 690 357 693 365 685 362 688 359 1772 364 1768 358 690 357 693 364 686 361 689 358 692 365 1765 361 689 358 692 365 685 362 688 359 691 356 694 363 687 360 689 358 1773 363 687 360 690 357 693 364 685 362 688 359 1772 364 686 361 1769 357 1776 360 1770 356 1775 361 687 360,5041 2133 360 1770 356 693 364 685 362 689 358 1772 364 686 361 689 358 692 365 684 363 1768 358 692 365 1767 359 1771 355 694 363 1769 357 1773 363 1768 358 1772 364 1767 359 689 358 692 365 1765 361 689 358 692 365 685 362 688 359 691 366 684 363 1767 359 1773 363 1768 358 1772 364 1767 359 689 358 1774 362 1769 357 691 366 684 363 687 360 690 357 693 364 685 362 689 358 691 366 684 363 687 360 690 357 693 364 1766 360 1773 363 1767 359 1771 355 694 363 687 360 690 357 693 364 29443 5038 2134 359 1774 362 686 361 689 358 692 365 1765 361 689 358 692 365 685 362 688 359 1771 365 685 362 1769 357 1775 361 687 360 1772 364 1767 359 1771 355 1776 360 1770 356 693 364 686 361 1799 327 693 364 686 361 689 358 692 365 685 362 688 359 691 356 694 363 686 361 689 358 1773 363 1769 357 691 366 684 363 1798 328 692 365 1767 359 1771 355 694 363 686 361 689 358 692 365 1765 361 1772 364 684 363 687 360 1801 335 684 363 687 360 690 357 693 364 686 361 1769 357 694 363 686 361 689 358 692 365 685 362 688 359 691 356 694 363 687 360 690 357 693 365 685 362 688 359 691 367 684 363 687 360 690 357 693 365 685 362 688 359 1772 364 1768 358 690 357 693 364 686 361 689 358 692 365 1765 361 689 358 692 365 685 362 688 359 691 356 694 363 687 360 689 358 1773 363 687 360 690 357 693 364 685 362 688 359 1772 364 686 361 1769 357 1776 360 1770 356 1775 361 687 360,5088 2094 303 1856 305 719 313 719 400 652 396 1759 378 648 395 656 397 656 395 657 394 1765 325 701 392 1765 301 1831 280 743 284 1847 352 1780 312 1819 376 1757 336 1795 380 653 398 651 395 1735 404 648 396 656 398 655 395 657 328 725 391 658 285 1847 350 1781 311 1821 351 1781 311 1820 352 681 399 1732 400 1732 399 648 394 659 396 657 397 655 328 726 397 653 327 723 349 706 308 726 393 654 395 657 392 688 371 1730 404 1728 403 1728 403 1728 359 723 376 647 331 751 254 767 286 29509 5083 2093 400 1732 405 677 366 658 301 780 335 1765 338 717 380 673 337 717 377 652 397 1730 395 686 375 1726 404 1728 401 681 373 1729 404 1727 396 1735 330 1801 390 1742 330 752 332 689 336 1823 351 676 336 718 380 674 374 650 396 685 370 654 399 656 325 724 395 687 275 746 384 1747 312 1819 385 671 312 741 381 1757 326 696 400 1730 398 1732 399 654 405 647 405 649 349 703 401 1728 329 1802 396 654 311 742 386 1771 260 749 401 649 403 648 404 648 404 648 405 1725 355 700 403 649 351 697 371 682 310 743 373 662 394 656 401 648 402 650 402 651 359 694 398 654 355 697 282 767 358 695 286 767 339 695 356 694 361 688 390 664 390 1741 388 1743 362 691 328 724 359 694 329 720 337 716 308 1823 335 700 355 714 338 714 339 714 335 717 307 746 335 717 309 744 308 1823 308 721 331 721 333 720 330 720 334 718 334 1798 334 719 334 1797 332 1800 333 1798 329 1803 331 721 305,5078 1775 297 1775 297 699 297 699 365 699 365 1775 365 699 365 699 365 699 365 699 365 1775 365 699 365 1775 297 1775 297 699 297 1775 365 1775 297 1775 365 1775 365 1775 365 699 365 699 365 1775 394 699 365 699 365 699 365 699 365 699 365 699 297 1775 365 1775 297 1775 365 1775 297 1775 365 699 365 1775 365 1775 365 699 365 699 365 699 365 699 365 699 365 699 365 699 365 699 297 699 365 699 365 699 365 699 365 1775 394 1775 365 1775 365 1775 365 699 365 699 365 699 297 699 297 29519 5078 1775 365 1775 394 699 365 699 297 699 365 1775 365 699 365 699 365 699 365 699 365 1775 365 699 365 1775 394 1775 365 699 365 1775 394 1775 365 1775 365 1775 365 1775 365 699 365 699 365 1775 365 699 365 699 365 699 365 699 365 699 365 699 365 699 365 699 365 699 297 699 365 1775 297 1775 365 699 297 699 365 1775 365 699 365 1775 365 1775 365 699 394 699 394 699 365 699 365 1775 365 1775 365 699 297 699 365 1775 297 699 365 699 365 699 394 699 394 699 394 1775 365 699 365 699 365 699 365 699 297 699 365 699 365 699 365 699 365 699 365 699 365 699 365 699 365 699 297 699 365 699 297 699 365 699 365 699 365 699 365 699 365 1775 365 1775 365 699 365 699 365 699 365 699 365 699 297 1775 365 699 365 699 365 699 365 699 365 699 297 699 365 699 297 699 297 1775 297 699 365 699 365 699 365 699 365 699 365 1775 365 699 365 1775 365 1775 365 1775 365 1775 365 699 297
Daikin_FTE35KV1.ir,MODE,DAIKIN160 0 bits 11da27f00d000f11da2700d360410000180408aa,1,True,learned fidelity_check (327 timings),DAIKIN160 0 bits 11da27f00d000f11da2700d360410000180408aa,True,-13.4,11.0,347,5039 2133 360 1773 363 685 362 688 359 691 356 1776 361 688 359 691 356 694 364 687 360 1772 364 684 363 1769 357 1773 363 685 362 1771 355 1775 361 1770 356 1774 362 1769 357 691 366 684 363 1769 357 692 365 684 363 687 360 690 357 693 364 686 361 1771 355 1776 360 1770 356 1775 361 1769 357 692 366 1766 360 1771 355 693 365 686 361 689 358 692 365 685 362 688 359 691 356 694 363 686 361 689 358 692 365 685 362 1770 356 1774 362 1769 357 1773 363 685 362 688 359 691 366 684 363 29445 5038 2134 359 1773 363 685 362 689 358 692 365 1766 360 689 358 692 365 684 363 687 360 1772 364 684 363 1770 356 1774 363 686 361 1772 354 1776 360 1770 356 1775 361 1769 357 692 365 685 362 1770 356 692 365 685 362 688 359 691 356 694 363 687 360 690 357 693 364 685 362 688 359 1773 363 1767 359 690 357 693 365 1768 358 690 357 1775 361 1769 357 692 365 685 362 688 359 691 356 694 364 1768 358 1773 363 685 362 1770 356 693 364 686 361 689 358 691 366 684 363 1769 357 692 365 684 363 687 360 690 357 693 364 686 361 689 358 692 365 684 363 687 360 690 357 693 364 686 361 689 358 692 365 685 362 688 359 691 356 694 363 686 361 1771 355 1776 360 688 359 691 367 684 363 687 360 690 357 1775 362 687 360 690 357 693 365 686 361 689 358 691 367 684 363 687 360 1772 364 684 363 687 360 690 357 693 365 686 361 1771 355 693 365 1768 358 690 357 1776 361 688 359 1773 363,5039 2133 360 1773 363 685 362 688 359 691 356 1776 361 688 359 691 356 694 364 687 360 1772 364 684 363 1769 357 1773 363 685 362 1771 355 1775 361 1770 356 1774 362 1769 357 691 366 684 363 1769 357 692 365 684 363 687 360 690 357 693 364 686 361 1771 355 1776 360 1770 356 1775 361 1769 357 692 366 1766 360 1771 355 693 365 686 361 689 358 692 365 685 362 688 359 691 356 694 363 686 361 689 358 692 365 685 362 1770 356 1774 362 1769 357 1773 363 685 362 688 359 691 366 684 363 29445 5038 2134 359 1773 363 685 362 689 358 692 365 1766 360 689 358 692 365 684 363 687 360 1772 364 684 363 1770 356 1774 363 686 361 1772 354 1776 360 1770 356 1775 361 1769 357 692 365 685 362 1770 356 692 365 685 362 688 359 691 356 694 363 687 360 690 357 693 364 685 362 688 359 1773 363 1767 359 690 357 693 365 1768 358 690 357 1775 361 1769 357 692 365 685 362 688 359 691 356 694 364 1768 358 1773 363 685 362 1770 356 693 364 686 361 689 358 691 366 684 363 1769 357 692 365 684 363 687 360 690 357 693 364 686 361 689 358 692 365 684 363 687 360 690 357 693 364 686 361 689 358 692 365 685 362 688 359 691 356 694 363 686 361 1771 355 1776 360 688 359 691 367 684 363 687 360 690 357 1775 362 687 360 690 357 693 365 686 361 689 358 691 367 684 363 687 360 1772 364 684 363 687 360 690 357 693 365 686 361 1771 355 693 365 1768 358 690 357 1776 361 688 359 1773 363,5084 2101 282 1876 334 689 340 715 379 653 400 1753 379 649 396 654 394 662 394 654 395 1737 406 646 396 1735 354 1778 406 646 328 1803 307 1824 328 1804 332 1796 286 1846 352 703 312 720 399 1732 401 650 395 653 397 659 398 652 330 751 373 650 330 1801 284 1848 328 1803 332 1800 326 1802 352 703 309 1822 372 1760 378 676 346 708 373 650 368 714 372 650 371 712 333 689 284 798 330 692 341 714 378 675 342 712 376 1731 396 1734 394 1737 395 1734 395 686 376 650 364 716 372 649 357 29455 5065 2094 401 1732 395 685 371 651 360 723 400 1702 361 721 254 767 334 721 337 717 380 1729 390 660 394 1738 400 1731 395 655 400 1732 395 1734 402 1730 400 1731 400 1731 396 686 372 652 364 1765 330 753 332 689 314 740 382 672 379 652 401 648 404 648 405 648 405 647 404 649 327 1803 398 1732 328 722 385 668 310 1821 380 674 380 1734 400 1730 400 650 403 647 403 649 405 648 357 695 403 1727 359 1772 403 652 352 1777 285 765 309 744 339 714 368 665 360 690 396 1735 399 653 392 660 368 684 332 721 308 745 331 718 285 768 339 696 303 746 358 692 363 689 363 690 389 663 361 691 302 751 354 695 332 721 363 673 355 696 354 694 359 1794 337 1794 338 694 361 712 340 713 337 714 306 747 286 1847 307 721 307 745 334 718 308 744 336 716 336 716 335 717 334 719 332 1800 333 719 333 720 305 725 328 724 328 724 328 1803 329 722 329 1804 329 722 330 1802 327 725 328 1804 329,5074 1787 296 1787 354 704 354 704 354 704 354 1787 354 704 354 704 354 704 354 704 354 1787 396 704 354 1787 354 1787 396 704 354 1787 296 1787 354 1787 354 1787 296 1787 354 704 296 704 354 1787 354 704 354 704 354 704 354 704 354 704 354 704 354 1787 296 1787 354 1787 354 1787 354 1787 354 704 296 1787 354 1787 354 704 354 704 354 704 354 704 354 704 354 704 354 704 296 704 354 704 354 704 354 704 354 704 354 1787 354 1787 354 1787 354 1787 354 704 354 704 354 704 354 704 354 29465 5074 1787 354 1787 354 704 354 704 354 704 354 1787 354 704 296 704 354 704 354 704 354 1787 354 704 354 1787 354 1787 354 704 354 1787 354 1787 354 1787 354 1787 354 1787 354 704 354 704 354 1787 354 704 354 704 296 704 354 704 354 704 354 704 354 704 354 704 354 704 354 704 354 1787 354 1787 354 704 354 704 296 1787 354 704 354 1787 354 1787 354 704 354 704 354 704 354 704 354 704 354 1787 354 1787 354 704 354 1787 296 704 296 704 354 704 354 704 354 704 354 1787 354 704 354 704 354 704 354 704 296 704 354 704 296 704 354 704 296 704 354 704 354 704 354 704 354 704 354 704 296 704 354 704 354 704 354 704 354 704 354 704 354 1787 354 1787 354 704 354 704 354 704 354 704 296 704 296 1787 296 704 296 704 354 704 296 704 354 704 354 704 354 704 354 704 354 1787 354 704 354 704 296 704 354 704 354 704 354 1787 354 704 354 1787 354 704 354 1787 354 704 354 1787 354
Daikin_FTE35KV1.ir,SWING,DAIKIN160 0 bits 11da27f00d000f11da2700d361f100001804085b,1,True,learned fidelity_check (327 timings),DAIKIN160 0 bits 11da27f00d000f11da2700d361f100001804085b,True,-16.7,13.8,352,5035 2166 327 1776 360 688 359 691 356 694 364 1769 357 691 367 684 363 687 360 690 357 1775 362 687 360 1772 364 1766 360 689 358 1774 362 1768 358 1773 363 1767 359 1772 364 684 363 687 360 1772 364 684 363 687 360 690 357 693 365 686 361 689 358 1774 363 1768 358 1772 364 1767 359 1771 355 694 364 1769 357 1773 363 685 362 688 359 691 366 684 363 687 360 690 357 693 364 685 362 688 359 691 366 684 363 687 360 1772 364 1766 360 1771 355 1775 361 687 360 690 357 693 365 686 361 29447 5037 2136 357 1774 362 686 361 689 358 692 365 1767 359 689 358 692 366 685 362 687 360 1773 363 685 362 1770 356 1775 362 686 361 1772 364 1766 360 1771 355 1775 361 1770 356 692 365 685 362 1770 356 692 366 685 362 688 359 691 356 694 364 686 361 689 358 692 366 685 362 687 360 1773 363 1767 359 689 358 692 366 1767 359 690 357 1775 361 1769 357 1774 363 686 361 688 359 691 367 684 363 1769 357 1774 363 686 361 1771 355 693 365 686 361 689 358 1774 363 1768 358 1773 363 1767 359 689 358 692 365 685 362 688 359 691 356 694 363 686 361 689 358 692 365 685 362 688 359 691 356 694 364 686 361 689 358 693 364 685 362 688 359 691 356 1776 360 1770 356 693 365 685 362 688 359 691 367 684 363 1769 357 692 366 684 363 687 360 690 357 693 364 686 361 689 358 692 366 1766 360 689 358 692 365 685 362 688 359 1772 365 1767 359 689 358 1774 362 1768 358 691 356 1776 361 688 359,5035 2166 327 1776 360 688 359 691 356 694 364 1769 357 691 367 684 363 687 360 690 357 1775 362 687 360 1772 364 1766 360 689 358 1774 362 1768 358 1773 363 1767 359 1772 364 684 363 687 360 1772 364 684 363 687 360 690 357 693 365 686 361 689 358 1774 363 1768 358 1772 364 1767 359 1771 355 694 364 1769 357 1773 363 685 362 688 359 691 366 684 363 687 360 690 357 693 364 685 362 688 359 691 366 684 363 687 360 1772 364 1766 360 1771 355 1775 361 687 360 690 357 693 365 686 361 29447 5037 2136 357 1774 362 686 361 689 358 692 365 1767 359 689 358 692 366 685 362 687 360 1773 363 685 362 1770 356 1775 362 686 361 1772 364 1766 360 1771 355 1775 361 1770 356 692 365 685 362 1770 356 692 366 685 362 688 359 691 356 694 364 686 361 689 358 692 366 685 362 687 360 1773 363 1767 359 689 358 692 366 1767 359 690 357 1775 361 1769 357 1774 363 686 361 688 359 691 367 684 363 1769 357 1774 363 686 361 1771 355 693 365 686 361 689 358 1774 363 1768 358 1773 363 1767 359 689 358 692 365 685 362 688 359 691 356 694 363 686 361 689 358 692 365 685 362 688 359 691 356 694 364 686 361 689 358 693 364 685 362 688 359 691 356 1776 360 1770 356 693 365 685 362 688 359 691 367 684 363 1769 357 692 366 684 363 687 360 690 357 693 364 686 361 689 358 692 366 1766 360 689 358 692 365 685 362 688 359 1772 365 1767 359 689 358 1774 362 1768 358 691 356 1776 361 688 359,5037 2174 324 1781 302 749 375 660 398 651 368 1766 400 648 366 685 393 659 396 657 356 1774 406 648 358 1772 405 1727 361 692 282 1847 358 1775 283 1847 356 1774 345 1786 289 767 344 689 398 1731 393 655 392 689 373 649 362 720 376 646 364 719 274 1828 371 1761 327 1804 367 1764 302 1829 332 720 336 1794 358 1775 339 716 377 676 376 649 394 687 376 645 371 713 325 697 394 688 300 722 350 705 334 720 375 678 401 1706 394 1736 394 1737 394 1736 394 686 376 646 333 750 400 622 334 29478 5064 2097 394 1738 394 658 399 681 356 667 399 1731 360 723 255 766 335 717 315 741 381 1749 337 697 400 1730 402 1727 402 649 401 1730 398 1732 401 1730 399 1731 401 1731 401 654 405 647 401 1729 327 728 401 650 326 722 381 673 381 653 397 653 403 647 405 648 403 649 404 648 394 1736 404 1727 389 665 283 767 335 1797 285 766 377 1754 313 1819 377 1754 311 725 385 664 396 655 398 652 398 1734 400 1731 399 657 388 1739 355 699 363 689 332 721 309 1821 332 1800 308 1823 332 1799 311 740 340 695 326 724 359 691 362 689 387 666 390 662 360 692 283 770 354 696 308 744 338 698 354 696 355 695 357 694 360 694 360 713 340 712 307 746 283 1848 283 1849 309 719 330 723 308 744 335 717 332 720 335 1796 334 718 334 718 333 721 332 720 306 746 334 719 305 725 328 724 327 1805 326 725 329 723 330 722 330 723 328 1803 328 1804 330 723 326 1806 323 1831 297 756 273 1859 296 756 272,5054 2184 352 1784 290 706 352 706 352 706 352 1784 352 706 352 706 352 706 352 706 352 1784 394 706 352 1784 394 1784 352 706 290 1784 352 1784 290 1784 352 1784 352 1784 290 706 352 706 352 1784 352 706 352 706 352 706 352 706 352 706 352 706 290 1784 352 1784 352 1784 352 1784 290 1784 352 706 352 1784 352 1784 352 706 352 706 352 706 352 706 352 706 352 706 352 706 352 706 290 706 352 706 352 706 352 706 352 1784 352 1784 352 1784 352 1784 352 706 352 706 352 706 352 706 352 29488 5054 1784 352 1784 352 706 352 706 352 706 352 1784 352 706 290 706 352 706 290 706 352 1784 352 706 352 1784 394 1784 394 706 352 1784 352 1784 352 1784 352 1784 352 1784 352 706 394 706 352 1784 352 706 352 706 352 706 352 706 352 706 352 706 394 706 394 706 394 706 394 706 352 1784 394 1784 352 706 290 706 352 1784 290 706 352 1784 290 1784 352 1784 290 706 352 706 352 706 352 706 352 1784 352 1784 352 706 352 1784 352 706 352 706 352 706 290 1784 352 1784 290 1784 352 1784 290 706 352 706 352 706 352 706 352 706 352 706 352 706 352 706 290 706 352 706 290 706 352 706 352 706 352 706 352 706 352 706 352 706 352 706 290 706 290 1784 290 1784 290 706 352 706 290 706 352 706 352 706 352 1784 352 706 352 706 352 706 352 706 290 706 352 706 290 706 352 706 352 1784 352 706 352 706 352 706 352 706 352 1784 352 1784 352 706 352 1784 352 1784 290 706 290 1784 290 706 290
Daikin_FTE35KV1.ir,TEMP-,DAIKIN160 0 bits 11da27f00d000f11da2700d331f1000016040829,1,True,learned fidelity_check (327 timings),DAIKIN160 0 bits 11da27f00d000f11da2700d331f1000016040829,True,-13.4,6.4,362,5044 2130 363 1768 358 690 357 693 364 686 361 1771 355 694 363 686 361 689 358 692 366 1767 359 689 358 1774 363 1768 358 691 356 1776 361 1770 356 1775 362 1769 357 1773 363 685 362 719 328 1774 362 686 361 689 358 692 365 684 363 687 360 690 357 1775 362 1769 357 1774 362 1768 358 1773 363 685 362 1770 356 1775 361 687 360 690 357 693 365 685 362 688 359 691 367 684 363 687 360 690 357 693 365 685 362 688 359 1773 363 1767 359 1772 364 1766 360 688 359 691 366 684 363 687 360 29448 5036 2135 358 1775 362 686 361 689 358 692 366 1767 359 689 358 692 366 685 362 688 359 1773 364 685 362 1770 356 1774 363 686 361 1772 354 1776 361 1770 356 1775 362 1769 357 692 366 684 363 1769 357 692 365 684 363 687 360 690 357 693 365 686 361 689 358 692 366 684 363 687 360 1772 365 1766 360 689 358 692 365 1766 360 689 358 1774 363 1768 358 1773 363 685 362 688 359 691 356 1776 361 1770 356 692 366 685 362 1770 356 692 365 685 362 688 359 1773 364 1767 359 1771 355 1776 361 688 359 691 356 694 364 686 361 689 358 692 366 685 362 688 359 691 356 694 364 686 361 689 358 692 366 684 363 687 360 690 357 693 365 1768 358 1772 365 684 363 1769 357 692 366 684 363 687 360 690 357 693 365 1768 358 690 357 693 365 686 361 689 358 691 367 684 363 687 360 690 357 1775 362 687 360 689 358 692 366 685 362 1770 356 692 366 685 362 1770 356 692 366 1767 359 690 357 693 365,5044 2130 363 1768 358 690 357 693 364 686 361 1771 355 694 363 686 361 689 358 692 366 1767 359 689 358 1774 363 1768 358 691 356 1776 361 1770 356 1775 362 1769 357 1773 363 685 362 719 328 1774 362 686 361 689 358 692 365 684 363 687 360 690 357 1775 362 1769 357 1774 362 1768 358 1773 363 685 362 1770 356 1775 361 687 360 690 357 693 365 685 362 688 359 691 367 684 363 687 360 690 357 693 365 685 362 688 359 1773 363 1767 359 1772 364 1766 360 688 359 691 366 684 363 687 360 29448 5036 2135 358 1775 362 686 361 689 358 692 366 1767 359 689 358 692 366 685 362 688 359 1773 364 685 362 1770 356 1774 363 686 361 1772 354 1776 361 1770 356 1775 362 1769 357 692 366 684 363 1769 357 692 365 684 363 687 360 690 357 693 365 686 361 689 358 692 366 684 363 687 360 1772 365 1766 360 689 358 692 365 1766 360 689 358 1774 363 1768 358 1773 363 685 362 688 359 691 356 1776 361 1770 356 692 366 685 362 1770 356 692 365 685 362 688 359 1773 364 1767 359 1771 355 1776 361 688 359 691 356 694 364 686 361 689 358 692 366 685 362 688 359 691 356 694 364 686 361 689 358 692 366 684 363 687 360 690 357 693 365 1768 358 1772 365 684 363 1769 357 692 366 684 363 687 360 690 357 693 365 1768 358 690 357 693 365 686 361 689 358 691 367 684 363 687 360 690 357 1775 362 687 360 689 358 692 366 685 362 1770 356 692 366 685 362 1770 356 692 366 1767 359 690 357 693 365,5090 2093 353 1778 370 684 379 653 368 681 394 1763 376 649 396 656 395 659 358 693 395 1737 390 661 283 1850 391 1740 300 749 378 1755 302 1828 352 1779 284 1847 375 1757 313 722 397 701 308 1777 400 648 392 660 397 684 371 651 396 660 327 722 336 1796 354 1777 284 1848 351 1777 348 1784 285 770 348 1783 378 1754 374 680 377 648 391 690 373 649 396 686 361 662 396 686 360 664 283 768 380 675 335 718 376 678 376 1730 396 1737 391 1737 396 1734 396 685 373 649 369 713 374 648 307 29506 5063 2096 403 1729 396 684 401 621 334 749 373 1730 357 724 254 767 335 719 337 717 382 1749 335 718 381 1730 401 1727 401 650 397 1736 394 1736 395 1735 397 1734 398 1733 398 683 371 653 401 1729 362 720 373 651 358 691 340 714 382 672 315 738 380 651 401 648 406 647 405 647 405 1724 403 1729 405 649 354 699 404 1725 351 699 373 1761 352 1779 284 1844 312 742 372 663 399 651 403 1728 403 1728 403 647 403 650 401 1728 399 655 402 650 390 663 283 1847 391 1741 302 1829 311 1820 327 723 341 712 341 694 330 720 358 692 361 691 362 690 363 690 355 697 305 748 357 692 333 720 339 714 332 702 355 695 356 694 359 693 360 1793 338 1793 339 694 361 1790 333 720 337 716 306 746 284 745 333 719 306 1825 335 718 334 717 336 717 335 717 334 718 334 718 334 719 307 746 306 1826 329 701 327 724 329 723 328 724 329 1803 329 723 330 722 329 1803 328 724 329 1803 329 724 324 729 323,5080 1773 352 1773 352 704 352 704 352 704 352 1773 352 704 352 704 352 704 352 704 352 1773 352 704 292 1773 352 1773 292 704 352 1773 292 1773 352 1773 292 1773 352 1773 292 704 352 704 292 1773 352 704 352 704 352 704 352 704 352 704 352 704 352 1773 352 1773 292 1773 352 1773 352 1773 292 704 352 1773 352 1773 352 704 352 704 352 704 352 704 352 704 352 704 352 704 352 704 292 704 352 704 352 704 352 704 352 1773 352 1773 352 1773 352 1773 352 704 352 704 352 704 352 704 292 29516 5080 1773 393 1773 352 704 352 704 352 704 352 1773 352 704 292 704 352 704 352 704 352 1773 352 704 352 1773 352 1773 352 704 352 1773 352 1773 352 1773 352 1773 352 1773 352 704 352 704 352 1773 352 704 352 704 352 704 352 704 352 704 292 704 352 704 352 704 393 704 393 704 393 1773 393 1773 393 704 352 704 393 1773 352 704 352 1773 352 1773 292 1773 292 704 352 704 352 704 393 1773 393 1773 393 704 393 704 352 1773 352 704 393 704 352 704 292 1773 352 1773 292 1773 292 1773 352 704 352 704 352 704 352 704 352 704 352 704 352 704 352 704 352 704 292 704 352 704 352 704 352 704 352 704 352 704 352 704 352 704 352 1773 352 1773 352 704 352 1773 352 704 352 704 292 704 292 704 352 704 292 1773 352 704 352 704 352 704 352 704 352 704 352 704 352 704 292 704 292 1773 352 704 352 704 352 704 352 704 352 1773 352 704 352 704 352 1773 352 704 352 1773 352 704 352 704 352
Daikin_FTX50GV1B.ir,Temp_up,DAIKIN 118 bits 11da2700c50000d711da2700423c1bab11da27000038360060000006600000c1800087,1,True,learned fidelity_check (583 timings),UNKNOWN,False,-23.1,29.8,102,473 397 473 397 473 397 472 371 472 397 473 25350 3523 1697 449 1292 449 422 474 397 473 397 473 1267 473 372 470 401 468 402 468 402 441 1300 441 402 468 1272 469 1272 469 402 468 1273 468 1273 468 1272 469 1273 468 1273 468 403 440 402 468 1273 468 402 468 402 468 375 468 402 468 402 468 402 441 402 468 402 468 402 468 376 467 1273 468 402 468 1273 468 402 468 402 441 402 468 1273 468 1273 468 402 468 403 467 376 467 403 467 403 467 376 467 403 467 403 467 403 440 403 467 403 467 403 467 376 467 403 467 403 467 403 440 1302 439 1302 439 1302 439 404 466 1274 467 403 467 1274 467 1275 466 34905 3520 1705 469 1273 468 402 441 402 468 402 468 1273 468 402 468 376 467 402 468 402 468 1273 468 402 441 1300 441 1300 441 403 467 1273 468 1273 468 1273 468 1273 468 1273 468 403 467 402 468 1273 468 376 467 402 468 402 468 402 441 403 467 403 468 402 441 403 467 403 467 403 467 376 467 1274 467 403 467 403 467 403 440 403 467 1274 467 403 467 403 467 376 467 1274 467 1274 467 1274 467 1274 467 403 467 404 466 1274 467 1274 467 404 439 1302 439 1302 439 404 466 404 466 404 439 1302 439 1302 439 404 466 1275 466 404 466 1275 466 404 466 1275 466 34906 3519 1705 468 1273 468 376 467 402 468 402 468 1273 468 402 441 402 468 402 468 402 468 1273 468 376 467 1273 468 1273 468 402 468 1273 468 1273 468 1273 468 1273 468 1273 468 402 468 376 467 1273 468 402 468 402 468 403 440 403 467 403 467 403 467 376 467 403 467 403 467 403 440 403 467 403 468 402 468 376 467 403 467 403 467 403 440 403 467 403 467 403 440 403 467 1274 467 1274 467 1274 467 403 467 404 466 376 467 1274 467 1275 466 404 466 1275 466 1275 466 404 466 404 439 404 466 404 467 404 466 377 466 404 466 404 466 404 439 404 466 404 466 405 438 405 465 404 466 405 465 1276 465 1299 442 378 465 406 464 405 465 406 437 405 465 428 442 428 442 401 442 428 442 428 442 428 415 429 441 428 442 429 414 429 441 429 441 428 442 401 442 1300 441 1299 442 429 441 429 441 429 414 429 441 429 441 429 441 402 441 429 441 429 441 429 414 1327 414 1327 414 429 441 429 441 429 441 402 441 429 441 429 441 402 441 429 441 429 441 429 414 429 441 429 441 429 441 402 441 429 441 429 441 429 414 1328 413 430 441 429 441 429 441 402 441 429 441 1300 441 1301 440 429 441 402 441 430 440 430 440 430 413 430 441 429 441 1301 440 430 440 403 440 430 440 430 440 430 413 430 440 430 440 430 440 1301 440 1301 440 1301 440 403 440 430 440 430 440 403 440 1301 440,473 397 473 397 473 397 472 371 472 397 473 25350 3523 1697 449 1292 449 422 474 397 473 397 473 1267 473 372 470 401 468 402 468 402 441 1300 441 402 468 1272 469 1272 469 402 468 1273 468 1273 468 1272 469 1273 468 1273 468 403 440 402 468 1273 468 402 468 402 468 375 468 402 468 402 468 402 441 402 468 402 468 402 468 376 467 1273 468 402 468 1273 468 402 468 402 441 402 468 1273 468 1273 468 402 468 403 467 376 467 403 467 403 467 376 467 403 467 403 467 403 440 403 467 403 467 403 467 376 467 403 467 403 467 403 440 1302 439 1302 439 1302 439 404 466 1274 467 403 467 1274 467 1275 466 34905 3520 1705 469 1273 468 402 441 402 468 402 468 1273 468 402 468 376 467 402 468 402 468 1273 468 402 441 1300 441 1300 441 403 467 1273 468 1273 468 1273 468 1273 468 1273 468 403 467 402 468 1273 468 376 467 402 468 402 468 402 441 403 467 403 468 402 441 403 467 403 467 403 467 376 467 1274 467 403 467 403 467 403 440 403 467 1274 467 403 467 403 467 376 467 1274 467 1274 467 1274 467 1274 467 403 467 404 466 1274 467 1274 467 404 439 1302 439 1302 439 404 466 404 466 404 439 1302 439 1302 439 404 466 1275 466 404 466 1275 466 404 466 1275 466 34906 3519 1705 468 1273 468 376 467 402 468 402 468 1273 468 402 441 402 468 402 468 402 468 1273 468 376 467 1273 468 1273 468 402 468 1273 468 1273 468 1273 468 1273 468 1273 468 402 468 376 467 1273 468 402 468 402 468 403 440 403 467 403 467 403 467 376 467 403 467 403 467 403 440 403 467 403 468 402 468 376 467 403 467 403 467 403 440 403 467 403 467 403 440 403 467 1274 467 1274 467 1274 467 403 467 404 466 376 467 1274 467 1275 466 404 466 1275 466 1275 466 404 466 404 439 404 466 404 467 404 466 377 466 404 466 404 466 404 439 404 466 404 466 405 438 405 465 404 466 405 465 1276 465 1299 442 378 465 406 464 405 465 406 437 405 465 428 442 428 442 401 442 428 442 428 442 428 415 429 441 428 442 429 414 429 441 429 441 428 442 401 442 1300 441 1299 442 429 441 429 441 429 414 429 441 429 441 429 441 402 441 429 441 429 441 429 414 1327 414 1327 414 429 441 429 441 429 441 402 441 429 441 429 441 402 441 429 441 429 441 429 414 429 441 429 441 429 441 402 441 429 441 429 441 429 414 1328 413 430 441 429 441 429 441 402 441 429 441 1300 441 1301 440 429 441 402 441 430 440 430 440 430 413 430 441 429 441 1301 440 430 440 403 440 430 440 430 440 430 413 430 440 430 440 430 440 1301 440 1301 440 1301 440 403 440 430 440 430 440 403 440 1301 440,432 436 431 455 439 428 441 402 465 402 469 25345 3565 1673 467 1296 413 426 468 401 468 400 468 1297 487 327 468 403 465 405 467 403 440 1319 362 478 416 1349 467 1270 485 354 468 1298 484 1254 481 1254 448 1315 431 1306 478 361 486 356 468 1298 483 356 467 403 466 377 465 405 467 403 470 400 431 412 468 418 445 423 390 452 415 1327 503 360 468 1272 509 356 468 401 484 359 466 1279 500 1254 443 424 390 478 415 427 416 453 440 428 467 375 468 400 469 400 467 401 485 357 467 403 466 405 468 374 469 401 499 371 501 369 405 1351 362 1375 412 1324 442 398 470 1271 499 369 468 1275 499 1256 388 34975 3553 1684 442 1295 435 431 436 406 441 427 472 1267 508 358 472 371 470 399 472 399 494 1249 498 369 382 1374 409 1327 438 403 499 1238 507 1241 497 1235 505 1252 443 1294 458 409 440 428 470 1269 507 332 504 365 505 363 506 364 470 374 509 361 508 362 409 435 495 390 444 423 419 424 436 1302 499 369 518 350 512 357 441 401 512 1227 510 359 509 361 509 334 530 1226 426 1313 458 1278 509 1228 510 357 509 362 508 1232 506 1250 446 422 392 1347 410 1326 440 402 505 364 505 363 443 1297 436 1306 464 394 445 1293 389 479 413 1325 491 377 467 1269 496 34875 3548 1682 495 1242 467 374 468 402 467 403 464 1295 416 452 388 454 413 455 421 448 436 1301 470 372 496 1241 494 1245 493 376 493 1266 439 1296 438 1302 460 1276 468 1270 466 401 468 376 466 1276 458 410 432 454 413 454 387 458 434 433 437 432 438 404 462 406 468 401 493 375 441 400 495 374 494 375 493 351 489 381 465 405 462 408 431 429 413 455 411 457 410 433 410 1350 438 1298 443 1294 442 406 463 408 460 382 460 1296 439 1322 413 433 435 1324 444 1293 446 400 468 402 436 407 469 401 462 409 459 401 438 430 435 434 434 436 384 458 432 436 434 435 408 434 434 434 461 408 461 1297 439 1324 416 401 438 431 438 431 436 432 409 433 434 461 408 460 409 457 385 483 409 459 412 456 386 456 415 454 413 455 387 455 413 456 412 456 413 429 413 1325 410 1328 408 484 383 485 384 485 359 483 408 461 411 457 410 432 410 459 409 459 409 460 381 1358 377 1383 355 488 379 489 378 492 376 466 383 509 376 492 377 465 377 491 377 491 377 492 350 492 377 492 375 493 375 467 376 493 375 494 375 494 348 1413 325 517 375 493 376 492 376 467 376 492 375 1362 375 1362 375 493 375 468 374 495 374 494 375 495 347 518 351 517 375 1362 376 492 376 466 376 493 375 493 376 492 350 493 375 493 375 494 374 1364 375 1386 351 1386 374 467 376 493 376 492 376 466 376 1372 364,448 468 448 468 448 468 448 404 448 404 448 25355 3543 1692 448 1307 448 468 448 404 448 404 448 1307 448 404 448 404 448 404 448 404 448 1307 366 468 448 1307 448 1307 448 404 448 1307 448 1307 448 1307 448 1307 448 1307 448 404 448 404 448 1307 448 404 448 404 448 404 448 404 448 404 448 404 448 468 448 468 448 468 366 468 448 1307 448 404 448 1307 499 404 448 404 448 404 448 1307 448 1307 448 468 366 468 448 468 448 468 448 468 448 404 448 404 448 404 448 404 448 404 448 404 448 404 448 404 448 404 448 404 448 404 448 1307 366 1307 448 1307 448 404 448 1307 448 404 448 1307 448 1307 366 34985 3543 1692 448 1307 448 468 448 404 448 468 448 1307 499 404 448 404 448 404 448 404 448 1307 448 404 366 1307 448 1307 448 404 448 1307 499 1307 448 1307 499 1307 448 1307 448 404 448 468 448 1307 499 404 499 404 499 404 499 404 448 404 499 404 499 404 448 468 448 404 448 468 448 468 448 1307 448 404 499 404 499 404 448 404 499 1307 499 404 499 404 499 404 499 1307 448 1307 448 1307 499 1307 499 404 499 404 499 1307 499 1307 448 468 366 1307 448 1307 448 404 499 404 499 404 448 1307 448 1307 448 404 448 1307 366 468 448 1307 448 404 448 1307 448 34985 3543 1692 448 1307 448 404 448 404 448 404 448 1307 448 468 366 468 448 468 448 468 448 1307 448 404 448 1307 448 1307 448 404 448 1307 448 1307 448 1307 448 1307 448 1307 448 404 448 404 448 1307 448 404 448 468 448 468 366 468 448 468 448 468 448 404 448 404 448 404 448 404 448 404 448 404 448 404 448 404 448 404 448 404 448 404 448 468 448 468 448 468 448 468 448 1307 448 1307 448 1307 448 404 448 404 448 404 448 1307 448 1307 448 468 448 1307 448 1307 448 404 448 404 448 404 448 404 448 404 448 404 448 468 448 468 448 468 366 468 448 468 448 468 448 468 448 468 448 404 448 1307 448 1307 448 404 448 468 448 468 448 468 448 468 448 468 448 468 448 468 366 468 448 468 448 468 366 468 448 468 448 468 366 468 448 468 448 468 448 468 448 1307 448 1307 448 468 366 468 366 468 366 468 448 468 448 468 448 468 448 468 448 468 448 468 366 1307 366 1307 366 468 366 468 366 468 366 468 366 468 366 468 366 468 366 468 366 468 366 468 366 468 366 468 366 468 366 468 366 468 366 468 366 468 366 1307 366 468 366 468 366 468 366 468 366 468 366 1307 366 1307 366 468 366 468 366 468 366 468 366 468 366 528 366 468 366 1307 366 468 366 468 366 468 366 468 366 468 366 468 366 468 366 468 366 1307 366 1307 366 1307 366 468 366 468 366 468 366 468 366 1307 366
Daikin_FTX50GV1B.ir,Temp_down,DAIKIN 118 bits 11da2700c50000d711da2700423c1bab11da27000038340060000006600000c1800085,1,True,learned fidelity_check (583 timings),DAIKIN 118 bits 11da2700c50000d711da2700423c1bab11da27000038340060000006600000c1800085,True,-28.6,32.9,98,504 342 501 394 476 394 475 367 476 394 476 25347 3528 1694 451 1290 451 420 476 393 477 394 475 1264 476 369 472 398 471 399 471 399 444 1297 444 399 471 1269 472 1269 472 399 471 1269 472 1270 471 1270 471 1269 472 1270 471 399 471 372 471 1270 471 399 471 399 471 399 444 399 471 399 471 399 444 399 471 399 471 399 471 372 471 1270 471 399 471 1270 471 399 471 399 444 399 471 1270 471 1270 471 399 471 399 471 372 471 399 471 399 471 399 444 400 470 399 471 400 443 400 471 399 471 400 471 372 471 400 470 399 471 400 443 1298 443 1298 443 1298 443 400 470 1271 470 400 470 1271 470 1271 470 34902 3523 1702 471 1269 472 399 471 372 471 399 471 1270 471 399 471 372 471 399 471 399 471 1269 472 399 444 1297 444 1297 444 399 471 1270 471 1270 471 1270 471 1269 472 1270 471 399 471 399 471 1270 471 372 471 399 471 399 471 399 444 399 471 399 471 399 471 373 470 399 471 399 471 399 444 1297 444 399 471 400 470 400 443 400 470 1270 471 399 471 399 471 373 470 1270 471 1271 470 1270 471 1270 471 400 470 400 470 1271 470 1271 470 400 443 1298 443 1298 443 400 470 400 470 400 470 1271 470 1271 470 373 470 1271 470 400 470 1271 470 400 470 1271 470 34902 3523 1702 471 1270 471 373 470 399 471 399 471 1270 471 399 444 400 470 399 471 399 471 1270 471 373 470 1270 471 1270 471 399 471 1270 471 1270 471 1270 471 1270 471 1270 471 399 471 400 443 1298 443 400 470 400 470 400 470 373 470 400 470 399 471 373 470 400 470 400 470 400 443 400 470 400 470 400 470 373 470 400 470 400 470 400 443 400 470 400 470 400 470 373 470 1271 470 1271 470 1271 470 400 470 400 470 373 470 400 470 1271 470 401 469 1272 469 1271 470 401 442 401 469 401 469 401 469 374 469 401 469 401 469 401 442 401 469 401 469 401 469 374 469 401 469 401 469 401 442 1300 441 1300 441 401 469 401 469 402 441 402 468 402 468 402 468 375 468 402 468 402 468 402 441 402 468 402 468 402 468 375 468 403 467 403 467 403 440 403 467 1274 467 1273 468 404 466 427 416 403 467 404 466 427 443 400 443 427 443 427 443 427 416 427 444 1298 443 1298 443 427 443 427 443 400 443 427 443 427 443 427 416 427 443 427 443 427 416 427 443 427 443 427 443 400 443 427 443 427 443 427 416 428 442 1298 443 427 443 428 442 400 443 427 443 427 443 1298 443 1298 443 427 416 428 442 427 443 428 442 400 443 428 442 428 442 1299 442 400 443 428 442 428 442 428 415 428 442 428 442 428 442 401 442 1299 442 428 442 1299 442 428 442 428 415 428 442 428 442 1299 442,504 342 501 394 476 394 475 367 476 394 476 25347 3528 1694 451 1290 451 420 476 393 477 394 475 1264 476 369 472 398 471 399 471 399 444 1297 444 399 471 1269 472 1269 472 399 471 1269 472 1270 471 1270 471 1269 472 1270 471 399 471 372 471 1270 471 399 471 399 471 399 444 399 471 399 471 399 444 399 471 399 471 399 471 372 471 1270 471 399 471 1270 471 399 471 399 444 399 471 1270 471 1270 471 399 471 399 471 372 471 399 471 399 471 399 444 400 470 399 471 400 443 400 471 399 471 400 471 372 471 400 470 399 471 400 443 1298 443 1298 443 1298 443 400 470 1271 470 400 470 1271 470 1271 470 34902 3523 1702 471 1269 472 399 471 372 471 399 471 1270 471 399 471 372 471 399 471 399 471 1269 472 399 444 1297 444 1297 444 399 471 1270 471 1270 471 1270 471 1269 472 1270 471 399 471 399 471 1270 471 372 471 399 471 399 471 399 444 399 471 399 471 399 471 373 470 399 471 399 471 399 444 1297 444 399 471 400 470 400 443 400 470 1270 471 399 471 399 471 373 470 1270 471 1271 470 1270 471 1270 471 400 470 400 470 1271 470 1271 470 400 443 1298 443 1298 443 400 470 400 470 400 470 1271 470 1271 470 373 470 1271 470 400 470 1271 470 400 470 1271 470 34902 3523 1702 471 1270 471 373 470 399 471 399 471 1270 471 399 444 400 470 399 471 399 471 1270 471 373 470 1270 471 1270 471 399 471 1270 471 1270 471 1270 471 1270 471 1270 471 399 471 400 443 1298 443 400 470 400 470 400 470 373 470 400 470 399 471 373 470 400 470 400 470 400 443 400 470 400 470 400 470 373 470 400 470 400 470 400 443 400 470 400 470 400 470 373 470 1271 470 1271 470 1271 470 400 470 400 470 373 470 400 470 1271 470 401 469 1272 469 1271 470 401 442 401 469 401 469 401 469 374 469 401 469 401 469 401 442 401 469 401 469 401 469 374 469 401 469 401 469 401 442 1300 441 1300 441 401 469 401 469 402 441 402 468 402 468 402 468 375 468 402 468 402 468 402 441 402 468 402 468 402 468 375 468 403 467 403 467 403 440 403 467 1274 467 1273 468 404 466 427 416 403 467 404 466 427 443 400 443 427 443 427 443 427 416 427 444 1298 443 1298 443 427 443 427 443 400 443 427 443 427 443 427 416 427 443 427 443 427 416 427 443 427 443 427 443 400 443 427 443 427 443 427 416 428 442 1298 443 427 443 428 442 400 443 427 443 427 443 1298 443 1298 443 427 416 428 442 427 443 428 442 400 443 428 442 428 442 1299 442 400 443 428 442 428 442 428 415 428 442 428 442 428 442 401 442 1299 442 428 442 1299 442 428 442 428 415 428 442 428 442 1299 442,494 347 541 353 469 400 468 374 468 400 469 25352 3460 1798 411 1326 411 427 467 401 441 429 416 1350 386 432 436 434 435 435 431 454 436 1330 411 401 468 1298 486 1251 484 356 466 1299 470 1266 412 1351 478 1258 485 1252 484 355 468 374 469 1299 475 368 464 406 463 407 400 443 432 453 415 453 444 398 441 427 468 401 467 374 468 1299 482 356 468 1300 476 366 463 407 436 407 464 1293 413 1352 483 355 469 400 468 374 468 400 469 399 469 399 487 357 467 402 466 405 472 371 463 407 463 408 431 428 415 453 439 429 464 404 485 1256 437 1298 440 1302 437 402 464 1296 441 426 389 1350 499 1237 509 34856 3551 1684 507 1230 508 359 468 373 468 401 468 1274 472 396 463 380 462 407 463 408 407 1346 441 427 480 1259 443 1294 445 395 471 1271 496 1245 460 1293 415 1324 507 1228 507 360 474 395 472 1268 499 343 444 426 467 402 465 406 382 461 406 479 414 453 441 402 441 428 472 397 498 369 479 1260 471 370 503 365 501 369 447 397 503 1238 464 404 437 449 410 432 439 1300 507 1229 511 1226 511 1227 508 363 507 362 474 1282 415 1323 502 366 438 1299 440 1297 440 402 510 359 510 360 509 1233 438 1314 439 405 465 1273 509 358 510 1227 509 359 508 1233 504 34880 3491 1722 508 1233 498 345 437 433 408 478 413 1326 490 377 441 401 494 375 470 398 468 1269 502 339 468 1272 494 1248 407 478 411 1327 439 1298 468 1268 470 1268 469 1271 437 433 432 455 387 1352 409 431 462 407 477 391 496 347 495 373 494 375 494 347 493 376 469 399 469 401 467 376 466 404 461 409 435 408 431 456 411 456 412 456 410 434 437 431 464 405 492 349 482 1278 446 1291 446 1292 441 409 434 436 430 429 435 434 435 1325 440 406 468 1291 445 1292 444 403 438 405 464 406 463 407 433 411 431 455 412 456 412 456 410 434 435 433 436 432 463 379 466 403 466 402 467 401 439 1321 414 1324 413 411 457 430 436 433 384 458 435 434 434 435 433 409 436 432 460 409 462 406 437 406 461 406 462 408 460 381 461 430 439 430 438 430 414 429 438 1298 436 1325 412 456 436 459 386 430 439 430 440 454 412 430 411 457 411 458 410 459 385 457 411 1328 406 1354 382 487 383 486 407 435 406 462 407 462 408 461 377 466 400 472 395 493 350 492 376 493 375 493 357 485 376 493 376 493 375 493 350 493 376 1385 375 493 376 492 376 466 376 492 377 492 376 1361 375 1362 376 493 349 493 376 493 375 494 375 468 397 494 376 492 376 1362 374 467 375 493 376 493 375 493 350 492 376 493 375 494 374 468 375 1363 375 517 351 1386 375 493 376 493 349 492 375 494 375 1362 375,457 409 531 409 457 409 457 409 457 409 457 25362 3481 1732 387 1306 387 467 457 409 457 467 387 1306 387 467 457 467 457 467 387 467 457 1306 387 409 457 1306 457 1306 457 409 457 1306 457 1306 387 1306 457 1306 457 1306 457 409 457 409 457 1306 457 409 457 409 457 409 387 467 387 467 387 467 457 409 457 467 457 409 457 409 457 1306 457 409 457 1306 457 409 457 409 457 409 457 1306 387 1306 457 409 457 409 457 409 457 409 457 409 457 409 457 409 457 409 457 409 457 409 457 409 457 409 387 467 387 467 457 467 457 409 457 1306 457 1306 457 1306 457 409 457 1306 457 409 387 1306 457 1306 457 34890 3481 1732 457 1306 457 409 457 409 457 409 457 1306 457 409 457 409 457 409 457 409 387 1306 457 467 457 1306 457 1306 457 409 457 1306 457 1306 457 1306 387 1306 457 1306 457 409 457 409 457 1306 457 409 457 409 457 409 457 409 387 467 387 467 387 467 457 409 457 467 457 409 457 409 457 1306 457 409 457 409 457 409 457 409 457 1306 457 409 457 467 387 467 457 1306 457 1306 457 1306 457 1306 457 409 457 409 457 1306 387 1306 457 409 457 1306 457 1306 457 409 457 409 457 409 457 1306 457 1306 457 409 457 1306 457 409 457 1306 457 409 457 1306 457 34890 3481 1732 457 1306 457 409 457 467 387 467 387 1306 457 409 457 409 457 409 457 409 457 1306 457 409 457 1306 457 1306 387 467 387 1306 457 1306 457 1306 457 1306 457 1306 457 467 387 467 387 1306 387 467 457 409 457 409 457 409 457 409 457 409 457 409 457 409 457 409 457 409 457 409 457 409 457 409 457 409 387 467 387 467 387 467 387 467 457 467 457 409 457 409 457 1306 457 1306 457 1306 457 409 457 467 387 467 457 467 457 1306 457 409 457 1306 457 1306 457 409 457 409 457 409 457 409 387 409 387 467 387 467 387 467 387 467 457 467 457 467 457 409 457 409 457 409 457 409 457 1306 387 1306 387 409 457 467 457 467 387 467 457 467 457 467 387 409 457 467 457 409 457 409 457 409 457 409 457 409 457 409 457 467 457 467 457 467 387 467 457 1306 457 1306 387 467 457 467 387 467 457 467 457 467 387 467 387 467 387 467 387 467 387 467 387 1306 387 1306 387 467 387 467 387 467 387 467 387 467 387 467 387 467 387 467 387 467 387 467 387 467 387 467 387 467 387 467 387 467 387 467 387 467 387 1306 387 467 387 467 387 467 387 467 387 467 387 1306 387 1306 387 467 387 467 387 467 387 467 387 467 387 467 387 467 387 1306 387 467 387 467 387 467 387 467 387 467 387 467 387 467 387 467 387 1306 387 467 387 1306 387 467 387 467 387 467 387 467 387 1306 387
Daikin_FTX50GV1B.ir,Fan,DAIKIN 118 bits 11da2700c50000d711da2700423d1bac11da27000038320070000006600000c1800093,1,True,learned fidelity_check (583 timings),DAIKIN 118 bits 11da2700c50000d711da2700423d1bac11da27000038320070000006600000c1800093,True,-22.3,31.4,104,475 396 474 396 474 396 474 369 474 396 474 25349 3525 1696 450 1292 449 422 474 396 475 396 446 1293 447 399 470 400 469 401 469 374 469 1271 470 401 469 1272 469 1272 469 401 470 1271 470 1272 469 1272 469 1271 470 1272 469 401 442 401 469 1271 470 401 469 401 469 374 469 401 469 401 469 401 442 401 469 401 470 401 469 374 469 1272 469 401 469 1272 469 401 469 374 469 401 469 1272 469 1272 469 401 469 401 442 401 469 401 469 401 469 374 469 401 469 401 469 401 442 401 469 402 468 401 469 374 469 402 468 401 469 374 469 1272 469 1273 468 1272 469 402 468 1272 469 402 468 1273 468 1273 468 34904 3522 1703 470 1271 470 401 442 401 469 401 469 1271 470 401 469 374 469 400 470 400 470 1271 470 401 442 1298 443 1298 443 401 469 1271 470 1271 470 1271 470 1271 470 1271 470 400 470 401 442 1299 442 401 469 401 469 401 469 374 469 401 469 401 469 401 442 401 469 401 469 401 469 374 469 1272 469 401 469 401 469 401 442 401 469 1272 469 401 469 1272 469 401 442 1299 442 1299 442 1300 441 1299 442 402 469 401 469 1272 469 1273 468 401 469 1272 469 1273 468 374 469 402 468 402 468 402 441 402 468 1273 468 1273 468 402 468 1273 468 402 468 1273 468 34904 3522 1703 470 1271 470 374 469 400 470 401 469 1271 470 374 469 400 470 400 470 400 443 1298 443 401 469 1271 470 1271 470 400 470 1271 470 1271 470 1271 470 1271 470 1271 470 400 470 374 469 1271 470 401 469 400 470 400 443 401 469 401 469 400 470 374 469 400 470 401 469 401 442 401 469 400 470 401 442 401 469 401 469 401 469 374 469 401 469 401 469 401 442 401 469 1272 469 1272 469 1272 469 401 469 401 469 374 469 1272 469 401 469 401 469 1272 469 1272 469 401 442 401 469 401 469 401 442 401 469 401 469 401 469 374 469 401 469 402 469 401 442 402 468 402 468 401 469 1273 468 1273 468 1273 468 374 469 402 468 402 468 402 441 402 468 402 468 402 441 402 469 402 468 403 467 375 468 403 467 403 467 403 440 403 467 403 467 403 467 376 467 1275 466 1298 443 404 467 427 443 427 416 427 443 427 443 427 443 400 443 427 443 427 443 400 443 1298 443 1298 443 427 443 427 443 427 416 427 443 427 443 427 443 400 443 427 443 427 443 427 416 427 443 427 443 427 443 400 443 427 443 427 443 400 443 1298 443 427 443 428 442 427 416 428 442 428 442 1299 442 1299 442 428 442 400 443 428 442 428 442 428 415 428 442 428 442 1299 442 428 442 401 442 428 442 428 442 401 442 428 442 428 442 428 415 1326 415 1326 415 429 441 428 442 1299 442 428 442 401 442 1299 442,475 396 474 396 474 396 474 369 474 396 474 25349 3525 1696 450 1292 449 422 474 396 475 396 446 1293 447 399 470 400 469 401 469 374 469 1271 470 401 469 1272 469 1272 469 401 470 1271 470 1272 469 1272 469 1271 470 1272 469 401 442 401 469 1271 470 401 469 401 469 374 469 401 469 401 469 401 442 401 469 401 470 401 469 374 469 1272 469 401 469 1272 469 401 469 374 469 401 469 1272 469 1272 469 401 469 401 442 401 469 401 469 401 469 374 469 401 469 401 469 401 442 401 469 402 468 401 469 374 469 402 468 401 469 374 469 1272 469 1273 468 1272 469 402 468 1272 469 402 468 1273 468 1273 468 34904 3522 1703 470 1271 470 401 442 401 469 401 469 1271 470 401 469 374 469 400 470 400 470 1271 470 401 442 1298 443 1298 443 401 469 1271 470 1271 470 1271 470 1271 470 1271 470 400 470 401 442 1299 442 401 469 401 469 401 469 374 469 401 469 401 469 401 442 401 469 401 469 401 469 374 469 1272 469 401 469 401 469 401 442 401 469 1272 469 401 469 1272 469 401 442 1299 442 1299 442 1300 441 1299 442 402 469 401 469 1272 469 1273 468 401 469 1272 469 1273 468 374 469 402 468 402 468 402 441 402 468 1273 468 1273 468 402 468 1273 468 402 468 1273 468 34904 3522 1703 470 1271 470 374 469 400 470 401 469 1271 470 374 469 400 470 400 470 400 443 1298 443 401 469 1271 470 1271 470 400 470 1271 470 1271 470 1271 470 1271 470 1271 470 400 470 374 469 1271 470 401 469 400 470 400 443 401 469 401 469 400 470 374 469 400 470 401 469 401 442 401 469 400 470 401 442 401 469 401 469 401 469 374 469 401 469 401 469 401 442 401 469 1272 469 1272 469 1272 469 401 469 401 469 374 469 1272 469 401 469 401 469 1272 469 1272 469 401 442 401 469 401 469 401 442 401 469 401 469 401 469 374 469 401 469 402 469 401 442 402 468 402 468 401 469 1273 468 1273 468 1273 468 374 469 402 468 402 468 402 441 402 468 402 468 402 441 402 469 402 468 403 467 375 468 403 467 403 467 403 440 403 467 403 467 403 467 376 467 1275 466 1298 443 404 467 427 443 427 416 427 443 427 443 427 443 400 443 427 443 427 443 400 443 1298 443 1298 443 427 443 427 443 427 416 427 443 427 443 427 443 400 443 427 443 427 443 427 416 427 443 427 443 427 443 400 443 427 443 427 443 400 443 1298 443 427 443 428 442 427 416 428 442 428 442 1299 442 1299 442 428 442 400 443 428 442 428 442 428 415 428 442 428 442 1299 442 428 442 401 442 428 442 428 442 401 442 428 442 428 442 428 415 1326 415 1326 415 429 441 428 442 1299 442 428 442 401 442 1299 442,464 405 412 457 411 459 433 410 433 454 439 25373 3557 1682 433 1304 484 381 467 401 468 400 488 1277 413 401 468 400 468 402 466 377 466 1298 450 397 464 1319 434 1302 485 355 468 1297 485 1254 483 1252 451 1285 388 1376 473 365 483 360 468 1298 484 354 469 400 468 375 467 403 466 404 467 404 439 403 471 399 461 426 391 450 415 1351 479 360 468 1298 482 357 467 375 467 402 467 1278 499 1257 442 424 390 478 434 408 416 452 441 428 467 375 468 400 468 401 467 400 486 357 468 401 467 402 467 376 466 405 494 375 467 376 471 1286 389 1349 471 1266 508 358 469 1270 508 360 468 1276 499 1254 442 34924 3563 1656 461 1292 414 454 441 401 440 428 469 1271 505 360 469 373 469 399 470 400 469 1274 498 370 383 1372 410 1330 435 404 474 1265 506 1231 504 1236 496 1245 461 1291 416 452 440 430 444 1293 445 396 501 367 501 368 500 342 503 368 502 367 500 370 441 402 502 368 468 402 459 399 417 1322 466 401 503 365 513 356 443 399 511 1226 511 358 511 1230 509 360 409 1346 409 1330 412 1325 440 1296 440 402 510 360 509 1232 504 1250 416 453 414 1325 503 1234 509 332 508 360 509 360 507 363 438 404 507 1235 500 1253 415 456 434 1303 499 369 497 1240 505 34864 3551 1681 505 1231 505 337 470 399 470 401 464 1276 431 428 391 478 410 458 437 433 410 1327 473 369 493 1244 470 1267 469 401 468 1274 430 1323 437 1302 467 1271 493 1242 495 373 494 351 491 1250 458 411 432 437 430 455 386 456 436 433 437 431 463 379 465 404 468 400 469 399 467 376 469 399 492 376 453 390 492 378 490 380 464 379 461 409 456 431 413 455 386 456 435 1325 439 1298 459 1277 447 399 467 403 465 378 465 1293 414 456 411 458 411 1349 413 1323 443 403 441 401 465 404 465 403 441 401 466 403 465 405 465 379 463 406 459 429 436 433 384 458 435 435 433 435 458 1300 441 1296 440 1298 439 383 459 412 456 431 435 433 388 455 410 458 411 457 410 456 412 456 414 454 439 403 441 428 440 428 441 427 416 426 441 429 440 428 440 403 438 1299 411 1353 408 457 411 484 410 458 383 460 410 458 411 458 410 432 410 458 411 458 409 433 409 1329 407 1354 381 488 380 489 382 487 377 465 402 467 400 492 376 466 376 492 376 493 376 492 349 493 376 492 377 492 376 466 376 493 375 494 375 467 375 1362 376 517 376 492 376 492 349 494 375 493 376 1360 376 1361 376 493 375 467 376 493 375 494 375 494 348 517 352 517 375 1362 375 493 375 467 376 493 376 492 375 467 375 493 375 494 375 494 348 1389 348 1413 326 517 374 494 375 1362 375 493 375 467 375 1362 375,453 409 453 468 453 468 453 409 453 468 453 25383 3547 1691 453 1306 453 409 453 409 453 409 453 1306 453 409 453 409 453 409 453 409 453 1306 453 409 453 1306 453 1306 453 409 453 1306 453 1306 453 1306 453 1306 366 1306 453 409 453 409 453 1306 453 409 453 409 453 409 453 409 453 409 453 409 453 409 453 409 453 468 366 468 453 1306 453 409 453 1306 453 409 453 409 453 409 453 1306 453 1306 453 468 366 468 453 409 453 468 453 468 453 409 453 409 453 409 453 409 453 409 453 409 453 409 453 409 453 409 453 409 453 409 453 1306 366 1306 453 1306 499 409 453 1306 499 409 453 1306 453 1306 453 34934 3547 1691 453 1306 453 468 453 409 453 468 453 1306 453 409 453 409 453 409 453 409 453 1306 453 409 366 1306 453 1306 453 409 453 1306 453 1306 453 1306 453 1306 453 1306 453 468 453 468 453 1306 453 409 453 409 453 409 453 409 453 409 453 409 453 409 453 409 453 409 453 409 453 409 453 1306 453 409 453 409 499 409 453 409 499 1306 499 409 499 1306 499 409 453 1306 453 1306 453 1306 453 1306 453 409 499 409 499 1306 453 1306 453 468 453 1306 453 1306 499 409 499 409 499 409 499 409 453 409 499 1306 453 1306 453 468 453 1306 453 409 453 1306 453 34934 3547 1691 453 1306 453 409 453 409 453 409 453 1306 453 468 366 468 453 468 453 468 453 1306 453 409 453 1306 453 1306 453 409 453 1306 453 1306 453 1306 453 1306 453 1306 453 409 453 409 453 1306 453 409 453 468 453 468 366 468 453 468 453 468 453 409 453 409 453 409 453 409 453 409 453 409 453 409 453 409 453 409 453 409 453 409 453 409 453 468 453 468 366 468 453 1306 453 1306 453 1306 453 409 453 409 453 409 453 1306 453 468 453 468 453 1306 453 1306 453 409 453 409 453 409 453 409 453 409 453 409 453 409 453 409 453 409 453 468 453 468 366 468 453 468 453 468 453 1306 453 1306 453 1306 453 409 453 409 453 468 453 468 366 468 453 468 453 468 453 468 453 468 453 468 453 409 453 468 453 468 453 468 453 468 453 468 453 468 453 409 453 1306 453 1306 453 468 453 468 453 468 366 468 453 468 453 468 453 468 453 468 453 468 453 468 453 1306 453 1306 366 468 366 468 366 468 366 468 366 468 366 468 366 468 366 468 366 468 366 468 366 468 366 468 366 468 366 468 366 468 366 468 366 468 366 1306 366 468 366 468 366 468 366 468 366 468 366 1306 366 1306 366 468 366 468 366 468 366 468 366 468 366 468 366 468 366 1306 366 468 366 468 366 468 366 468 366 468 366 468 366 468 366 468 366 1306 366 1306 366 468 366 468 366 1306 366 468 366 468 366 1306 366
Daikin_FTXM95PVMA.ir,Power,DAIKIN 118 bits 11da2700c51000e711da27004200106411da270000092400a0000006600000c1800086,1,True,learned fidelity_check (583 timings),DAIKIN 118 bits 11da2700c51000e711da27004200106411da270000092400a0000006600000c1800086,True,-21.0,21.5,74,454 414 452 413 453 413 453 413 453 412 454 25103 3488 1708 454 1278 454 413 453 413 453 413 453 1278 454 413 453 413 453 412 453 413 453 1278 479 388 478 1254 478 1255 477 389 476 1257 475 1283 449 1283 449 1284 448 1284 448 417 449 417 449 1284 448 417 449 417 449 417 449 417 449 418 448 417 449 418 448 417 449 418 448 418 448 1284 448 418 448 1284 448 418 448 418 448 418 448 1284 448 1284 448 418 448 418 448 418 448 418 448 1284 448 418 448 418 447 418 448 418 448 418 448 418 448 418 448 418 448 418 448 418 448 418 448 1284 448 1284 448 1285 447 418 448 418 448 1285 447 1285 447 1285 447 35478 3510 1713 449 1284 448 418 448 418 448 417 449 1284 448 418 448 418 448 418 448 418 448 1284 448 418 448 1284 448 1284 448 417 449 1284 448 1284 448 1284 448 1284 448 1284 448 418 448 418 448 1284 448 418 448 418 448 418 448 418 448 418 448 418 448 418 448 418 447 418 448 418 448 418 448 1284 448 418 448 418 448 418 448 418 448 1285 447 418 448 418 447 418 448 418 448 418 448 418 448 418 448 418 448 418 447 418 448 418 448 419 447 419 447 1285 447 418 448 418 448 418 448 418 448 418 448 1285 447 419 447 418 448 1285 447 1285 447 418 448 35479 3509 1713 449 1284 448 417 449 417 449 417 449 1284 448 418 448 418 448 418 448 418 448 1284 448 418 448 1284 448 1284 448 418 448 1284 448 1284 448 1284 448 1284 448 1284 448 418 448 418 448 1284 448 418 448 418 448 418 448 418 448 418 448 418 448 418 448 418 448 418 448 418 448 418 448 418 448 418 448 418 448 418 448 418 447 418 448 418 448 1285 447 418 448 418 448 1285 447 418 448 418 448 418 448 418 448 418 448 418 448 1285 447 418 448 418 448 1285 447 418 448 418 448 418 448 418 448 418 448 418 448 418 448 418 448 418 448 418 448 418 448 418 448 419 447 418 448 418 448 1285 447 419 447 1285 447 418 448 418 447 419 447 419 447 419 447 419 447 419 447 419 447 419 447 419 447 419 447 419 447 419 447 419 447 419 447 419 447 419 447 1285 447 1286 446 419 447 419 447 419 447 419 447 419 447 419 447 419 447 420 446 419 446 420 446 1286 446 1286 446 420 446 420 446 419 446 420 446 420 446 420 446 420 446 420 446 420 446 420 446 420 446 420 446 420 446 420 446 420 446 420 446 420 446 1287 445 420 446 420 446 420 446 420 446 421 445 1287 445 1287 445 421 445 421 445 421 445 421 445 421 445 421 445 421 445 1288 444 421 445 421 445 421 445 422 444 421 445 422 444 421 445 422 444 422 444 1288 444 1288 444 422 444 422 444 422 444 422 444 1289 443,454 414 452 413 453 413 453 413 453 412 454 25103 3488 1708 454 1278 454 413 453 413 453 413 453 1278 454 413 453 413 453 412 453 413 453 1278 479 388 478 1254 478 1255 477 389 476 1257 475 1283 449 1283 449 1284 448 1284 448 417 449 417 449 1284 448 417 449 417 449 417 449 417 449 418 448 417 449 418 448 417 449 418 448 418 448 1284 448 418 448 1284 448 418 448 418 448 418 448 1284 448 1284 448 418 448 418 448 418 448 418 448 1284 448 418 448 418 447 418 448 418 448 418 448 418 448 418 448 418 448 418 448 418 448 418 448 1284 448 1284 448 1285 447 418 448 418 448 1285 447 1285 447 1285 447 35478 3510 1713 449 1284 448 418 448 418 448 417 449 1284 448 418 448 418 448 418 448 418 448 1284 448 418 448 1284 448 1284 448 417 449 1284 448 1284 448 1284 448 1284 448 1284 448 418 448 418 448 1284 448 418 448 418 448 418 448 418 448 418 448 418 448 418 448 418 447 418 448 418 448 418 448 1284 448 418 448 418 448 418 448 418 448 1285 447 418 448 418 447 418 448 418 448 418 448 418 448 418 448 418 448 418 447 418 448 418 448 419 447 419 447 1285 447 418 448 418 448 418 448 418 448 418 448 1285 447 419 447 418 448 1285 447 1285 447 418 448 35479 3509 1713 449 1284 448 417 449 417 449 417 449 1284 448 418 448 418 448 418 448 418 448 1284 448 418 448 1284 448 1284 448 418 448 1284 448 1284 448 1284 448 1284 448 1284 448 418 448 418 448 1284 448 418 448 418 448 418 448 418 448 418 448 418 448 418 448 418 448 418 448 418 448 418 448 418 448 418 448 418 448 418 448 418 447 418 448 418 448 1285 447 418 448 418 448 1285 447 418 448 418 448 418 448 418 448 418 448 418 448 1285 447 418 448 418 448 1285 447 418 448 418 448 418 448 418 448 418 448 418 448 418 448 418 448 418 448 418 448 418 448 418 448 419 447 418 448 418 448 1285 447 419 447 1285 447 418 448 418 447 419 447 419 447 419 447 419 447 419 447 419 447 419 447 419 447 419 447 419 447 419 447 419 447 419 447 419 447 419 447 1285 447 1286 446 419 447 419 447 419 447 419 447 419 447 419 447 419 447 420 446 419 446 420 446 1286 446 1286 446 420 446 420 446 419 446 420 446 420 446 420 446 420 446 420 446 420 446 420 446 420 446 420 446 420 446 420 446 420 446 420 446 420 446 1287 445 420 446 420 446 420 446 420 446 421 445 1287 445 1287 445 421 445 421 445 421 445 421 445 421 445 421 445 421 445 1288 444 421 445 421 445 421 445 422 444 421 445 422 444 421 445 422 444 422 444 1288 444 1288 444 422 444 422 444 422 444 422 444 1289 443,509 356 462 403 412 454 416 451 448 421 456 25098 3522 1713 412 1302 478 366 505 361 499 367 435 1328 378 459 451 418 457 411 487 381 488 1254 463 383 485 1273 410 1327 442 395 467 1300 484 1279 412 1299 483 1253 433 1304 360 478 461 407 488 1278 413 427 486 381 488 381 487 365 496 371 458 407 407 460 415 450 452 415 483 386 487 1279 412 426 487 1252 484 366 463 403 453 413 386 1376 410 1326 412 427 486 382 486 382 487 382 486 1252 436 410 385 481 445 420 480 388 485 383 487 382 487 381 486 382 485 383 487 367 490 375 456 1279 384 1349 439 1299 438 426 485 383 485 1252 479 1261 406 1308 434 35503 3537 1674 439 1300 437 427 485 383 486 383 484 1254 443 405 429 436 386 481 446 419 484 1255 441 425 485 1254 442 1294 471 376 456 1280 384 1349 443 1294 442 1293 445 1291 480 371 459 406 430 1305 438 426 486 382 482 386 484 385 482 386 481 387 481 387 486 367 456 408 430 436 387 479 445 1292 446 421 478 390 481 388 480 388 478 1259 469 380 452 414 385 480 446 421 449 420 475 392 475 394 473 396 471 397 472 394 480 373 454 412 427 439 386 1347 468 400 442 426 442 427 441 427 440 428 441 1294 445 406 428 437 386 1348 415 1321 440 428 440 35480 3561 1672 440 1293 487 367 486 380 452 413 430 1305 415 452 440 428 441 428 441 427 440 1295 508 360 472 1247 427 1304 413 454 441 1296 441 1296 440 1294 474 1246 427 1305 386 479 443 425 474 1263 442 426 478 391 476 390 470 400 436 414 429 437 409 457 414 452 444 424 474 393 474 396 470 398 471 397 470 398 469 399 441 410 428 438 406 459 410 1324 466 402 443 425 443 1295 442 425 453 414 438 415 426 439 404 462 407 459 436 1301 467 399 469 400 468 1271 465 399 443 426 411 439 429 437 408 458 410 456 438 430 441 428 439 429 440 428 440 429 439 428 439 429 412 440 426 439 428 1327 389 455 440 1320 417 429 438 430 439 429 440 428 435 433 411 438 430 436 408 458 436 431 441 427 442 426 441 428 440 428 439 430 438 429 438 430 410 458 409 1326 387 1349 415 432 437 453 416 452 416 452 416 430 436 432 409 459 409 459 409 458 410 458 412 1325 411 1325 411 458 410 458 410 458 384 462 406 461 407 461 407 460 409 459 409 460 407 462 407 461 408 461 404 465 401 467 400 468 377 491 376 492 376 1360 376 492 376 492 376 493 375 493 376 492 376 1336 400 1336 376 492 377 491 375 493 376 493 375 493 376 492 376 492 377 1336 399 470 376 491 376 492 375 493 375 493 375 493 376 492 376 492 376 493 376 1361 375 1336 376 493 374 494 374 494 375 492 375 1363 374,470 421 470 421 404 475 404 475 470 421 470 25108 3527 1684 404 1309 470 421 470 421 470 421 404 1309 404 475 470 421 470 421 470 421 470 1309 470 421 470 1309 404 1309 404 421 470 1309 470 1309 404 1309 470 1309 404 1309 404 475 470 421 470 1309 404 421 470 421 470 421 470 421 470 421 470 421 404 475 404 475 470 421 470 421 470 1309 404 421 470 1309 470 421 470 421 470 421 404 1309 404 1309 404 421 470 421 470 421 470 421 470 1309 404 421 404 475 404 421 470 421 470 421 470 421 470 421 470 421 470 421 470 421 470 421 470 1309 404 1309 404 1309 404 421 470 421 470 1309 470 1309 404 1309 404 35513 3527 1684 404 1309 404 421 470 421 470 421 470 1309 404 421 404 421 404 475 404 421 470 1309 404 421 470 1309 404 1309 470 421 470 1309 404 1309 404 1309 404 1309 404 1309 470 421 470 421 404 1309 404 421 470 421 470 421 470 421 470 421 470 421 470 421 470 421 470 421 404 421 404 475 404 1309 404 421 470 421 470 421 470 421 470 1309 470 421 470 421 404 475 404 421 470 421 470 421 470 421 470 421 470 421 470 421 470 421 470 421 404 421 404 1309 470 421 404 421 404 421 404 421 404 421 404 1309 404 421 404 421 404 1309 404 1309 404 421 404 35513 3527 1684 404 1309 470 421 470 421 470 421 404 1309 404 475 404 421 404 421 404 421 404 1309 470 421 470 1309 404 1309 404 475 404 1309 404 1309 404 1309 470 1309 404 1309 404 475 404 421 470 1309 404 421 470 421 470 421 470 421 404 421 404 421 404 475 404 475 404 421 470 421 470 421 470 421 470 421 470 421 470 421 404 421 404 421 404 475 404 1309 470 421 404 421 404 1309 404 421 470 421 404 421 404 421 404 475 404 475 404 1309 470 421 470 421 470 1309 470 421 404 421 404 421 404 421 404 475 404 475 404 421 404 421 404 421 404 421 404 421 404 421 404 421 404 421 404 421 404 1309 404 475 404 1309 404 421 404 421 404 421 404 421 404 421 404 421 404 421 404 475 404 421 404 421 404 421 404 421 404 421 404 421 404 421 404 421 404 475 404 1309 404 1309 404 421 404 475 404 475 404 475 404 421 404 421 404 475 404 475 404 475 404 475 404 1309 404 1309 404 475 404 475 404 475 404 475 404 475 404 475 404 475 404 475 404 475 404 475 404 475 404 475 404 475 404 475 404 475 404 475 404 475 404 1309 404 475 404 475 404 475 404 475 404 475 404 1309 404 1309 404 475 404 475 404 475 404 475 404 475 404 475 404 475 404 1309 404 475 404 475 404 475 404 475 404 475 404 475 404 475 404 475 404 475 404 1309 404 1309 404 475 404 475 404 475 404 475 404 1309 404
Daikin_FTXM95PVMA.ir,Fan,DAIKIN 118 bits 11da2700c51000e711da27004200106411da270000092400b0000006600000c1800096,1,True,learned fidelity_check (583 timings),DAIKIN 118 bits 11da2700c51000e711da27004200106411da270000092400b0000006600000c1800096,True,-24.0,22.3,80,453 411 455 413 453 412 453 412 454 413 453 25101 3491 1707 482 1250 483 384 482 383 482 384 482 1248 483 384 480 385 454 411 454 412 454 1277 455 412 479 1253 479 1253 479 389 476 1280 451 1281 451 1282 450 1283 449 1283 449 417 449 417 449 1283 449 417 449 417 449 417 449 417 449 417 449 417 449 417 449 417 449 417 449 417 449 1284 448 418 448 1284 448 417 449 417 449 417 449 1284 448 1284 448 417 449 417 449 417 449 418 448 1284 448 417 449 417 449 417 449 417 449 417 448 418 448 418 448 418 448 418 448 417 448 418 448 1284 448 1284 448 1284 448 418 448 418 448 1284 448 1284 448 1284 448 35504 3485 1713 448 1284 448 417 449 417 449 417 449 1284 448 417 449 417 449 417 449 417 449 1284 448 417 449 1284 448 1284 448 417 449 1284 448 1284 448 1284 448 1284 448 1284 448 417 449 417 449 1283 449 418 448 417 449 417 449 418 448 418 448 417 449 418 448 417 449 417 448 418 448 418 448 1284 448 418 448 418 448 418 448 417 448 1284 448 418 448 418 448 418 448 418 448 418 448 418 448 418 448 418 448 418 448 418 448 418 448 418 448 418 448 1284 448 418 448 418 448 418 448 418 448 418 448 1284 448 418 448 418 448 1284 448 1284 448 418 448 35504 3484 1713 449 1284 448 417 449 418 448 418 448 1284 448 417 449 418 448 417 448 418 448 1284 448 417 449 1284 448 1284 448 417 449 1284 448 1284 448 1284 448 1284 448 1284 448 418 448 418 448 1284 448 418 448 417 449 418 448 418 448 418 448 418 448 418 448 418 448 418 448 418 448 418 448 418 448 418 448 418 448 418 447 418 448 418 448 418 448 1284 448 418 448 418 448 1284 448 418 448 418 448 418 448 418 448 418 448 418 448 1285 447 419 447 418 448 1285 447 419 447 419 447 418 448 419 447 418 448 419 447 419 447 419 447 419 447 419 447 419 447 418 448 419 447 419 447 1285 447 1285 447 419 447 1285 447 419 447 419 447 419 447 419 447 419 447 419 447 419 447 419 447 419 447 419 447 419 447 419 447 419 447 419 447 419 447 419 447 419 447 1285 447 1286 446 419 447 419 447 419 447 419 447 419 447 419 447 419 447 419 447 419 447 419 447 1286 446 1286 446 419 447 419 447 419 447 420 446 419 447 420 446 419 446 420 446 419 447 420 446 420 446 420 446 420 445 420 446 420 446 420 446 420 446 1286 446 420 445 420 446 420 446 420 446 420 446 1286 446 1287 445 420 446 420 446 420 446 420 446 420 446 420 446 421 445 1287 445 420 446 421 445 421 445 421 445 421 445 421 445 421 445 421 445 421 444 1288 444 1287 445 421 445 1287 445 421 445 421 444 1288 444,453 411 455 413 453 412 453 412 454 413 453 25101 3491 1707 482 1250 483 384 482 383 482 384 482 1248 483 384 480 385 454 411 454 412 454 1277 455 412 479 1253 479 1253 479 389 476 1280 451 1281 451 1282 450 1283 449 1283 449 417 449 417 449 1283 449 417 449 417 449 417 449 417 449 417 449 417 449 417 449 417 449 417 449 417 449 1284 448 418 448 1284 448 417 449 417 449 417 449 1284 448 1284 448 417 449 417 449 417 449 418 448 1284 448 417 449 417 449 417 449 417 449 417 448 418 448 418 448 418 448 418 448 417 448 418 448 1284 448 1284 448 1284 448 418 448 418 448 1284 448 1284 448 1284 448 35504 3485 1713 448 1284 448 417 449 417 449 417 449 1284 448 417 449 417 449 417 449 417 449 1284 448 417 449 1284 448 1284 448 417 449 1284 448 1284 448 1284 448 1284 448 1284 448 417 449 417 449 1283 449 418 448 417 449 417 449 418 448 418 448 417 449 418 448 417 449 417 448 418 448 418 448 1284 448 418 448 418 448 418 448 417 448 1284 448 418 448 418 448 418 448 418 448 418 448 418 448 418 448 418 448 418 448 418 448 418 448 418 448 418 448 1284 448 418 448 418 448 418 448 418 448 418 448 1284 448 418 448 418 448 1284 448 1284 448 418 448 35504 3484 1713 449 1284 448 417 449 418 448 418 448 1284 448 417 449 418 448 417 448 418 448 1284 448 417 449 1284 448 1284 448 417 449 1284 448 1284 448 1284 448 1284 448 1284 448 418 448 418 448 1284 448 418 448 417 449 418 448 418 448 418 448 418 448 418 448 418 448 418 448 418 448 418 448 418 448 418 448 418 448 418 447 418 448 418 448 418 448 1284 448 418 448 418 448 1284 448 418 448 418 448 418 448 418 448 418 448 418 448 1285 447 419 447 418 448 1285 447 419 447 419 447 418 448 419 447 418 448 419 447 419 447 419 447 419 447 419 447 419 447 418 448 419 447 419 447 1285 447 1285 447 419 447 1285 447 419 447 419 447 419 447 419 447 419 447 419 447 419 447 419 447 419 447 419 447 419 447 419 447 419 447 419 447 419 447 419 447 419 447 1285 447 1286 446 419 447 419 447 419 447 419 447 419 447 419 447 419 447 419 447 419 447 419 447 1286 446 1286 446 419 447 419 447 419 447 420 446 419 447 420 446 419 446 420 446 419 447 420 446 420 446 420 446 420 445 420 446 420 446 420 446 420 446 1286 446 420 445 420 446 420 446 420 446 420 446 1286 446 1287 445 420 446 420 446 420 446 420 446 420 446 420 446 421 445 1287 445 420 446 421 445 421 445 421 445 421 445 421 445 421 445 421 445 421 444 1288 444 1287 445 421 445 1287 445 421 445 421 444 1288 444,441 425 490 378 488 381 487 362 507 360 491 25079 3440 1772 412 1326 444 394 466 402 468 400 469 1273 465 378 517 348 413 453 417 451 450 1317 411 427 468 1273 464 1273 461 383 457 1329 362 1374 413 1324 412 1324 413 1298 473 373 456 410 386 1375 386 453 487 382 487 381 486 382 487 381 488 381 487 365 498 368 461 405 407 459 415 1348 410 428 487 1279 413 426 487 382 486 383 485 1254 433 1305 360 477 480 388 488 381 487 381 487 1280 411 427 486 366 495 371 458 408 386 480 445 421 456 411 486 383 486 382 486 382 486 383 486 1253 444 1273 401 1330 436 428 486 384 485 1254 438 1296 485 1254 434 35507 3477 1713 403 1330 437 427 485 384 486 382 485 1255 438 427 486 367 496 369 460 407 407 1328 437 427 483 1256 440 1297 442 424 481 1257 444 1272 402 1330 418 1319 441 1295 443 423 479 389 488 1232 454 411 405 459 440 427 448 420 480 388 482 387 481 387 479 389 479 388 489 380 475 376 455 1278 385 479 479 389 477 391 478 391 479 1258 472 394 490 379 476 376 453 412 428 438 410 456 420 448 473 395 446 423 443 425 443 425 442 426 442 425 483 1236 427 438 386 480 411 456 417 452 440 428 441 1296 441 427 441 425 485 1236 450 1281 386 480 415 35553 3467 1717 442 1295 441 428 440 428 441 425 483 1238 451 412 429 439 385 480 417 451 442 1295 441 427 441 1294 482 1239 449 415 406 1328 414 1322 440 1296 440 1297 440 1294 412 438 406 460 411 1322 443 425 476 393 474 393 476 394 474 393 474 393 469 400 412 438 429 437 409 458 412 453 443 425 469 399 468 400 444 425 466 402 444 423 443 426 433 1284 404 461 411 455 441 1296 468 400 469 399 469 400 468 398 468 401 436 415 427 1309 406 457 437 429 467 1293 444 401 465 404 441 427 441 426 438 430 411 440 428 438 429 437 432 434 437 431 439 429 439 430 439 429 439 429 439 1296 412 1325 386 461 408 1348 418 427 441 428 440 428 441 427 442 427 441 426 437 432 410 440 428 438 430 436 433 433 438 430 438 431 437 431 437 431 437 432 437 430 435 1300 409 1327 389 479 414 454 415 453 414 454 414 455 412 456 413 456 413 433 432 435 409 459 408 1327 408 1329 410 458 410 458 411 458 409 459 409 459 408 461 383 464 402 464 404 463 406 462 406 463 402 467 399 493 377 491 376 493 375 469 401 466 399 1337 377 491 376 492 376 492 377 492 376 492 376 1361 376 1336 376 492 376 492 376 491 376 492 376 493 375 493 375 493 376 1362 375 469 399 469 399 469 375 492 376 492 375 493 376 492 375 493 376 493 376 1361 375 1337 399 469 375 1360 376 492 376 492 376 1361 375,403 418 469 418 469 418 469 418 469 418 469 25089 3457 1727 403 1307 403 418 469 418 469 418 469 1307 469 418 469 418 403 473 403 473 469 1307 403 418 469 1307 469 1307 469 418 469 1307 403 1307 403 1307 403 1307 403 1307 469 418 469 418 403 1307 403 473 469 418 469 418 469 418 469 418 469 418 469 418 469 418 469 418 403 473 403 1307 403 418 469 1307 403 418 469 418 469 418 469 1307 403 1307 403 473 469 418 469 418 469 418 469 1307 403 418 469 418 469 418 469 418 403 473 403 418 469 418 469 418 469 418 469 418 469 418 469 1307 403 1307 403 1307 403 418 469 418 469 1307 403 1307 469 1307 403 35563 3457 1727 403 1307 403 418 469 418 469 418 469 1307 403 418 469 418 469 418 469 418 403 1307 403 418 469 1307 403 1307 403 418 469 1307 403 1307 403 1307 403 1307 403 1307 403 418 469 418 469 1307 469 418 403 473 403 418 469 418 469 418 469 418 469 418 469 418 469 418 469 418 469 418 469 1307 403 473 469 418 469 418 469 418 469 1307 469 418 469 418 469 418 469 418 403 473 403 473 403 473 469 418 403 418 403 418 403 418 403 418 403 418 469 1307 403 473 403 473 403 473 403 473 403 418 403 1307 403 418 403 418 469 1307 469 1307 403 473 403 35563 3457 1727 403 1307 403 418 403 418 403 418 469 1307 469 418 403 473 403 473 403 473 403 1307 403 418 403 1307 469 1307 469 418 403 1307 403 1307 403 1307 403 1307 403 1307 403 473 403 473 403 1307 403 418 469 418 469 418 469 418 469 418 469 418 469 418 403 473 403 418 403 473 403 473 403 418 469 418 469 418 403 418 469 418 403 418 403 418 403 1307 403 473 403 473 403 1307 469 418 469 418 469 418 469 418 469 418 403 418 403 1307 403 473 403 418 469 1307 403 418 469 418 403 418 403 418 403 418 403 473 403 473 403 418 403 418 403 418 403 418 403 418 403 418 403 418 403 1307 403 1307 403 473 403 1307 403 418 403 418 403 418 403 418 403 418 403 418 403 418 403 473 403 473 403 418 403 418 403 418 403 418 403 418 403 418 403 418 403 418 403 1307 403 1307 403 473 403 473 403 473 403 473 403 473 403 473 403 473 403 418 403 418 403 473 403 1307 403 1307 403 473 403 473 403 473 403 473 403 473 403 473 403 473 403 473 403 473 403 473 403 473 403 473 403 473 403 473 403 473 403 473 403 473 403 1307 403 473 403 473 403 473 403 473 403 473 403 1307 403 1307 403 473 403 473 403 473 403 473 403 473 403 473 403 473 403 1307 403 473 403 473 403 473 403 473 403 473 403 473 403 473 403 473 403 473 403 1307 403 1307 403 473 403 1307 403 473 403 473 403 1307 403
Daikin_FTXM95PVMA.ir,Powerful,DAIKIN 118 bits 11da2700c51000e711da27004200106411da270000092400b0000006600100c1800097,1,True,learned fidelity_check (583 timings),DAIKIN 118 bits 11da2700c51000e711da27004200106411da270000092400b0000006600100c1800097,True,-23.1,23.5,89,487 413 453 412 454 412 454 412 454 412 454 25102 3489 1707 455 1278 482 384 482 383 482 384 482 1249 483 384 481 384 481 386 479 386 480 1251 481 387 478 1252 480 1253 478 414 451 1281 450 1282 449 1283 449 1283 449 1284 448 417 449 417 449 1284 448 417 449 417 449 418 448 418 448 417 449 418 448 418 448 418 448 418 448 418 447 1285 447 418 448 1284 448 418 448 418 448 418 448 1284 448 1284 448 418 448 418 448 418 448 418 448 1284 448 418 448 418 447 418 448 418 448 418 448 418 448 418 448 418 448 418 448 418 448 418 448 1285 447 1285 447 1285 448 418 448 418 447 1285 447 1285 447 1285 447 35504 3484 1713 449 1284 448 417 449 417 449 417 449 1284 448 418 448 417 449 418 448 417 449 1284 448 418 448 1284 448 1284 448 418 448 1284 448 1284 448 1284 448 1284 448 1284 448 418 448 418 448 1284 448 418 448 418 448 418 448 418 448 418 448 418 448 418 448 418 448 418 448 418 448 418 448 1285 447 418 448 418 448 418 448 418 448 1285 447 418 448 418 448 418 448 419 447 418 448 419 447 418 448 419 447 419 447 418 448 419 446 419 447 419 447 1285 447 419 447 419 447 419 446 419 447 419 447 1286 446 419 447 419 447 1285 447 1285 447 419 447 35505 3485 1712 449 1283 449 417 449 417 449 417 449 1284 448 417 449 417 449 417 449 417 449 1284 448 417 449 1283 449 1284 448 417 449 1284 448 1284 448 1284 448 1284 448 1284 448 418 448 417 449 1284 448 418 448 418 448 418 447 418 448 418 447 418 448 418 448 418 447 418 448 418 448 418 448 418 448 418 448 418 448 418 447 418 448 418 448 418 448 1284 448 418 448 418 448 1284 448 417 449 417 449 417 449 417 449 417 449 417 449 1284 448 417 449 417 449 1283 449 417 449 417 449 417 449 417 448 417 449 417 449 417 449 417 449 417 449 417 449 417 449 417 449 417 449 417 449 1284 448 1284 448 417 449 1284 448 417 449 417 449 417 449 417 449 417 449 417 449 417 449 417 449 417 449 417 449 417 449 417 449 417 449 418 448 417 449 418 448 418 448 1284 448 1284 448 418 448 418 448 417 449 418 448 418 448 418 448 418 448 418 448 418 448 418 448 1284 448 1284 448 418 448 1284 448 418 448 418 448 418 448 418 448 418 448 418 448 418 448 418 448 418 448 418 448 418 448 418 448 418 448 418 448 418 448 1285 447 418 448 418 448 418 448 418 448 418 448 1285 447 1285 447 419 447 419 447 418 448 419 447 419 447 419 447 419 446 1286 446 419 447 419 447 419 447 419 446 419 447 419 447 419 447 419 447 1285 447 1285 447 1285 447 419 447 1286 446 419 447 419 447 1286 446,487 413 453 412 454 412 454 412 454 412 454 25102 3489 1707 455 1278 482 384 482 383 482 384 482 1249 483 384 481 384 481 386 479 386 480 1251 481 387 478 1252 480 1253 478 414 451 1281 450 1282 449 1283 449 1283 449 1284 448 417 449 417 449 1284 448 417 449 417 449 418 448 418 448 417 449 418 448 418 448 418 448 418 448 418 447 1285 447 418 448 1284 448 418 448 418 448 418 448 1284 448 1284 448 418 448 418 448 418 448 418 448 1284 448 418 448 418 447 418 448 418 448 418 448 418 448 418 448 418 448 418 448 418 448 418 448 1285 447 1285 447 1285 448 418 448 418 447 1285 447 1285 447 1285 447 35504 3484 1713 449 1284 448 417 449 417 449 417 449 1284 448 418 448 417 449 418 448 417 449 1284 448 418 448 1284 448 1284 448 418 448 1284 448 1284 448 1284 448 1284 448 1284 448 418 448 418 448 1284 448 418 448 418 448 418 448 418 448 418 448 418 448 418 448 418 448 418 448 418 448 418 448 1285 447 418 448 418 448 418 448 418 448 1285 447 418 448 418 448 418 448 419 447 418 448 419 447 418 448 419 447 419 447 418 448 419 446 419 447 419 447 1285 447 419 447 419 447 419 446 419 447 419 447 1286 446 419 447 419 447 1285 447 1285 447 419 447 35505 3485 1712 449 1283 449 417 449 417 449 417 449 1284 448 417 449 417 449 417 449 417 449 1284 448 417 449 1283 449 1284 448 417 449 1284 448 1284 448 1284 448 1284 448 1284 448 418 448 417 449 1284 448 418 448 418 448 418 447 418 448 418 447 418 448 418 448 418 447 418 448 418 448 418 448 418 448 418 448 418 448 418 447 418 448 418 448 418 448 1284 448 418 448 418 448 1284 448 417 449 417 449 417 449 417 449 417 449 417 449 1284 448 417 449 417 449 1283 449 417 449 417 449 417 449 417 448 417 449 417 449 417 449 417 449 417 449 417 449 417 449 417 449 417 449 417 449 1284 448 1284 448 417 449 1284 448 417 449 417 449 417 449 417 449 417 449 417 449 417 449 417 449 417 449 417 449 417 449 417 449 417 449 418 448 417 449 418 448 418 448 1284 448 1284 448 418 448 418 448 417 449 418 448 418 448 418 448 418 448 418 448 418 448 418 448 1284 448 1284 448 418 448 1284 448 418 448 418 448 418 448 418 448 418 448 418 448 418 448 418 448 418 448 418 448 418 448 418 448 418 448 418 448 418 448 1285 447 418 448 418 448 418 448 418 448 418 448 1285 447 1285 447 419 447 419 447 418 448 419 447 419 447 419 447 419 446 1286 446 419 447 419 447 419 447 419 446 419 447 419 447 419 447 419 447 1285 447 1285 447 1285 447 419 447 1286 446 419 447 419 447 1286 446,468 427 488 380 488 381 488 363 504 362 507 25062 3475 1737 432 1306 440 398 417 451 469 399 469 1273 464 381 486 379 523 344 486 379 460 1307 452 386 468 1298 484 1228 463 408 495 1264 379 1357 412 1324 413 1324 413 1298 482 365 463 403 430 1331 360 478 458 410 488 380 488 381 487 381 486 382 487 382 487 365 490 376 455 411 385 1376 409 429 488 1278 413 426 487 382 486 382 486 1254 433 1305 359 479 478 389 487 382 486 382 486 1254 438 427 485 384 448 401 454 412 386 480 443 423 455 413 485 383 486 382 486 382 485 383 487 1250 478 1263 405 1308 409 453 458 410 485 1254 440 1298 438 1296 443 35501 3474 1715 428 1307 436 427 485 383 486 382 485 1255 439 427 483 385 486 365 489 377 430 1305 410 454 481 1257 440 1296 444 422 482 1255 478 1241 426 1306 437 1298 443 1294 444 422 481 387 481 1257 444 404 452 413 386 480 445 422 477 391 479 389 478 390 480 389 480 388 479 388 489 380 475 1244 426 437 415 452 446 421 477 392 476 1261 472 396 474 394 473 394 482 387 441 408 428 439 385 480 417 451 440 427 443 426 442 426 442 426 442 427 441 1295 440 410 426 440 384 481 413 453 442 426 442 1295 441 428 440 428 440 1295 438 1279 384 481 411 35554 3469 1718 415 1321 441 428 440 428 440 429 440 1294 469 380 431 436 429 436 389 478 415 1322 440 429 442 1295 439 1294 469 383 430 1303 386 1346 440 1298 441 1295 443 1290 447 424 412 437 431 1303 410 455 470 398 474 395 473 394 473 396 472 395 472 397 438 413 428 438 406 459 411 455 441 427 467 402 443 424 467 401 445 424 445 422 446 423 433 1284 403 462 411 455 442 1296 467 399 470 399 469 399 469 398 445 424 437 413 429 1306 408 455 437 431 442 1318 443 402 441 427 440 427 442 427 435 415 429 437 430 436 408 458 413 455 439 430 439 429 439 430 438 430 439 428 441 1295 412 1324 387 462 408 1347 419 426 442 427 441 427 441 428 441 426 440 428 435 415 428 438 430 436 432 434 435 433 438 431 437 432 437 431 436 432 437 430 438 431 434 1301 386 1349 413 456 415 453 414 454 413 455 413 456 413 455 414 432 435 433 409 458 408 461 407 1328 409 1327 411 458 411 1326 409 459 409 459 384 463 404 462 406 461 406 463 405 463 406 462 403 466 400 492 377 492 376 492 376 468 401 467 400 468 377 1359 377 491 376 492 377 492 375 493 376 492 376 1336 401 1335 380 488 377 491 377 491 377 492 375 493 376 492 376 493 375 1362 376 468 399 468 378 490 376 492 376 492 376 492 376 492 376 492 376 1362 375 1337 400 1335 376 492 376 1361 375 493 375 493 376 1361 375,470 418 470 418 470 418 470 418 470 418 470 25072 3464 1728 407 1308 407 418 407 472 470 418 470 1308 470 418 470 418 470 418 470 418 470 1308 470 418 470 1308 470 1308 470 418 470 1308 407 1308 407 1308 407 1308 407 1308 470 418 470 418 407 1308 407 472 470 418 470 418 470 418 470 418 470 418 470 418 470 418 470 418 470 418 407 1308 407 418 470 1308 407 418 470 418 470 418 470 1308 407 1308 407 472 470 418 470 418 470 418 470 1308 407 418 470 418 470 418 470 418 407 472 407 418 470 418 470 418 470 418 470 418 470 418 470 1308 470 1308 407 1308 407 472 470 418 470 1308 407 1308 407 1308 407 35564 3464 1728 407 1308 407 418 470 418 470 418 470 1308 407 418 470 418 470 418 470 418 407 1308 407 472 470 1308 407 1308 407 418 470 1308 470 1308 407 1308 407 1308 407 1308 407 418 470 418 470 1308 407 418 470 418 407 472 407 418 470 418 470 418 470 418 470 418 470 418 470 418 470 418 470 1308 407 472 407 472 407 418 470 418 470 1308 470 418 470 418 470 418 470 418 407 418 407 472 407 472 407 472 407 418 407 418 407 418 407 418 407 418 407 1308 407 418 407 472 407 472 407 472 407 418 407 1308 407 418 407 418 407 1308 407 1308 407 472 407 35564 3464 1728 407 1308 407 418 407 418 407 418 407 1308 470 418 407 472 407 472 407 472 407 1308 407 418 407 1308 407 1308 470 418 407 1308 407 1308 407 1308 407 1308 407 1308 470 418 407 472 407 1308 407 472 470 418 470 418 470 418 470 418 470 418 470 418 407 418 407 472 407 472 407 472 407 418 470 418 407 418 470 418 407 418 407 418 407 418 407 1308 407 472 407 472 407 1308 470 418 470 418 470 418 470 418 407 418 407 418 407 1308 407 472 407 418 407 1308 407 418 407 418 407 418 407 418 407 418 407 472 407 472 407 472 407 472 407 418 407 418 407 418 407 418 407 418 407 1308 407 1308 407 472 407 1308 407 418 407 418 407 418 407 418 407 418 407 418 407 418 407 472 407 472 407 472 407 472 407 418 407 418 407 418 407 418 407 418 407 418 407 1308 407 1308 407 472 407 472 407 472 407 472 407 472 407 472 407 418 407 472 407 472 407 472 407 1308 407 1308 407 472 407 1308 407 472 407 472 407 472 407 472 407 472 407 472 407 472 407 472 407 472 407 472 407 472 407 472 407 472 407 472 407 472 407 1308 407 472 407 472 407 472 407 472 407 472 407 1308 407 1308 407 472 407 472 407 472 407 472 407 472 407 472 407 472 407 1308 407 472 407 472 407 472 407 472 407 472 407 472 407 472 407 472 407 1308 407 1308 407 1308 407 472 407 1308 407 472 407 472 407 1308 407
Daikin_FTXM95PVMA.ir,Temp+,DAIKIN 118 bits 11da2700c51000e711da27004200106411da270000092600b0000006600100c1800099,1,True,learned fidelity_check (583 timings),DAIKIN 118 bits 11da2700c51000e711da27004200106411da270000092600b0000006600100c1800099,True,-25.5,32.4,86,453 414 452 413 453 412 454 414 452 413 453 25102 3490 1707 455 1278 483 384 482 383 482 383 482 1249 483 384 481 384 481 385 480 385 480 1251 481 387 478 1252 480 1253 478 414 451 1281 450 1282 449 1283 448 1283 449 1284 448 417 449 417 449 1284 448 417 449 417 449 417 449 417 449 418 448 417 449 417 449 417 449 417 449 417 449 1284 448 417 449 1284 448 417 449 417 449 417 449 1284 448 1284 448 417 449 417 449 417 449 418 448 1284 448 418 448 417 449 418 448 418 448 417 449 418 448 418 448 418 448 418 448 418 448 418 448 1284 448 1284 448 1284 448 418 448 418 448 1284 448 1284 448 1284 448 35479 3509 1713 449 1284 448 418 448 417 449 418 448 1284 448 417 449 418 448 417 449 418 448 1284 448 418 448 1284 448 1284 448 418 448 1284 448 1284 448 1284 448 1284 448 1284 448 418 448 418 448 1284 448 418 448 418 448 418 448 418 448 418 448 418 448 418 448 418 448 418 448 418 448 418 448 1284 448 418 448 418 448 418 447 418 448 1285 447 418 448 418 448 418 448 418 448 418 448 418 448 418 448 418 448 418 448 418 448 418 448 418 448 418 448 1284 448 418 448 418 448 418 448 418 447 418 448 1285 447 418 448 418 448 1285 447 1284 448 418 448 35478 3510 1713 449 1284 448 417 449 417 449 417 449 1284 448 417 449 417 449 417 449 417 449 1284 448 418 448 1284 448 1284 448 417 449 1284 448 1284 448 1284 448 1284 448 1284 448 418 448 417 449 1284 448 418 448 418 448 418 448 418 448 418 448 417 448 418 448 418 448 418 448 418 448 418 448 418 448 418 448 418 447 418 448 418 448 418 448 418 448 1284 448 418 448 418 448 1284 448 418 448 418 448 418 448 418 447 418 448 1284 448 1285 447 418 448 418 448 1284 448 418 448 418 448 418 448 418 448 418 448 418 448 418 448 419 447 418 447 419 447 418 448 418 448 418 448 418 448 1285 447 1285 447 419 447 1285 447 419 447 418 448 419 447 419 447 419 447 418 448 419 447 419 447 419 447 419 447 419 447 419 446 419 447 419 447 419 447 419 447 419 447 1285 447 1286 446 419 447 419 447 419 447 419 447 419 447 420 446 419 447 419 447 419 447 419 447 1286 446 1286 446 419 447 1286 446 419 447 420 446 419 446 420 446 420 446 420 446 420 446 420 446 420 446 420 446 420 446 420 446 420 446 420 446 420 445 1286 446 420 446 420 446 420 446 420 446 420 446 1287 445 1287 445 420 446 420 446 420 446 421 445 420 446 421 445 421 445 1287 445 421 445 420 446 421 445 421 445 421 445 421 445 421 445 421 445 1287 445 421 445 421 445 1287 445 1287 445 421 445 421 445 1287 445,453 414 452 413 453 412 454 414 452 413 453 25102 3490 1707 455 1278 483 384 482 383 482 383 482 1249 483 384 481 384 481 385 480 385 480 1251 481 387 478 1252 480 1253 478 414 451 1281 450 1282 449 1283 448 1283 449 1284 448 417 449 417 449 1284 448 417 449 417 449 417 449 417 449 418 448 417 449 417 449 417 449 417 449 417 449 1284 448 417 449 1284 448 417 449 417 449 417 449 1284 448 1284 448 417 449 417 449 417 449 418 448 1284 448 418 448 417 449 418 448 418 448 417 449 418 448 418 448 418 448 418 448 418 448 418 448 1284 448 1284 448 1284 448 418 448 418 448 1284 448 1284 448 1284 448 35479 3509 1713 449 1284 448 418 448 417 449 418 448 1284 448 417 449 418 448 417 449 418 448 1284 448 418 448 1284 448 1284 448 418 448 1284 448 1284 448 1284 448 1284 448 1284 448 418 448 418 448 1284 448 418 448 418 448 418 448 418 448 418 448 418 448 418 448 418 448 418 448 418 448 418 448 1284 448 418 448 418 448 418 447 418 448 1285 447 418 448 418 448 418 448 418 448 418 448 418 448 418 448 418 448 418 448 418 448 418 448 418 448 418 448 1284 448 418 448 418 448 418 448 418 447 418 448 1285 447 418 448 418 448 1285 447 1284 448 418 448 35478 3510 1713 449 1284 448 417 449 417 449 417 449 1284 448 417 449 417 449 417 449 417 449 1284 448 418 448 1284 448 1284 448 417 449 1284 448 1284 448 1284 448 1284 448 1284 448 418 448 417 449 1284 448 418 448 418 448 418 448 418 448 418 448 417 448 418 448 418 448 418 448 418 448 418 448 418 448 418 448 418 447 418 448 418 448 418 448 418 448 1284 448 418 448 418 448 1284 448 418 448 418 448 418 448 418 447 418 448 1284 448 1285 447 418 448 418 448 1284 448 418 448 418 448 418 448 418 448 418 448 418 448 418 448 419 447 418 447 419 447 418 448 418 448 418 448 418 448 1285 447 1285 447 419 447 1285 447 419 447 418 448 419 447 419 447 419 447 418 448 419 447 419 447 419 447 419 447 419 447 419 446 419 447 419 447 419 447 419 447 419 447 1285 447 1286 446 419 447 419 447 419 447 419 447 419 447 420 446 419 447 419 447 419 447 419 447 1286 446 1286 446 419 447 1286 446 419 447 420 446 419 446 420 446 420 446 420 446 420 446 420 446 420 446 420 446 420 446 420 446 420 446 420 446 420 445 1286 446 420 446 420 446 420 446 420 446 420 446 1287 445 1287 445 420 446 420 446 420 446 421 445 420 446 421 445 421 445 1287 445 421 445 420 446 421 445 421 445 421 445 421 445 421 445 421 445 1287 445 421 445 421 445 1287 445 1287 445 421 445 421 445 1287 445,439 427 501 367 489 380 487 381 488 364 504 25065 3440 1772 438 1297 412 426 436 433 418 450 469 1272 464 384 484 381 489 377 493 372 485 1279 449 391 468 1297 484 1227 465 409 502 1256 405 1330 412 1325 413 1324 412 1297 484 365 488 378 431 1330 361 477 479 389 485 383 487 381 487 382 486 382 487 382 486 365 492 374 456 410 386 1376 409 429 486 1281 411 427 487 381 486 382 487 1252 440 1299 360 479 451 416 483 385 487 382 485 1256 437 427 486 382 486 366 488 378 454 411 386 481 443 423 478 390 485 383 485 383 485 383 485 1254 441 1297 436 1278 383 481 450 416 482 1257 440 1297 440 1294 483 35435 3442 1776 459 1275 383 481 448 418 481 387 484 1254 443 424 483 384 486 384 486 366 487 1246 403 461 443 1293 443 1294 446 419 481 1259 445 1292 448 1266 384 1348 446 1291 446 421 478 390 480 1256 485 367 460 406 451 415 384 481 436 431 451 417 476 393 475 393 475 393 476 393 473 393 489 1251 434 412 427 439 387 480 445 422 446 1291 444 424 442 426 442 424 489 380 475 376 453 413 428 438 387 480 414 453 441 430 438 428 441 427 440 429 440 1294 478 374 456 411 428 438 385 481 413 453 442 1296 439 428 441 428 440 1294 474 1245 427 438 386 35554 3493 1717 414 1323 440 428 441 427 442 426 443 1292 472 380 429 437 406 460 386 480 413 1323 442 426 476 1261 442 1292 471 398 436 1282 404 1327 442 1295 474 1263 474 1263 472 393 440 411 430 1303 410 456 437 429 469 401 443 425 443 424 445 424 444 426 467 400 437 413 428 438 404 462 386 480 438 430 468 399 470 399 469 399 469 399 468 399 470 1267 411 438 406 460 409 1347 443 403 441 427 441 427 441 427 441 427 441 1294 412 1325 387 458 412 455 439 1321 416 429 439 430 439 429 439 428 438 431 411 438 428 438 407 460 410 455 442 427 441 428 441 427 441 427 464 405 440 1294 412 1324 411 437 431 1325 415 431 437 432 436 432 437 432 436 431 436 431 417 451 409 442 402 463 406 461 432 435 436 453 415 454 416 452 416 452 416 429 438 431 434 1301 410 1325 412 456 413 456 413 458 411 455 414 454 413 456 411 457 409 437 406 461 407 460 409 1327 410 1327 409 459 409 1329 408 459 408 461 381 487 382 486 381 464 401 467 400 492 375 493 376 492 376 493 375 493 376 492 376 468 399 469 376 492 376 1360 376 492 376 492 376 493 376 492 376 492 376 1336 400 1336 376 492 377 491 376 493 375 493 375 494 375 493 375 493 375 1337 400 468 398 470 376 492 376 492 376 492 375 493 375 493 376 493 376 1361 375 493 375 493 375 1337 375 1361 375 493 375 493 375 1362 376,403 434 471 434 471 434 471 434 471 434 471 25075 3432 1782 403 1305 403 434 403 434 403 434 471 1305 471 434 471 434 471 434 471 434 471 1305 471 434 471 1305 471 1305 471 434 471 1305 403 1305 403 1305 403 1305 403 1305 471 434 471 434 403 1305 403 496 471 434 471 434 471 434 471 434 471 434 471 434 471 434 471 434 471 434 403 1305 403 434 471 1305 403 434 471 434 471 434 471 1305 403 1305 403 496 471 434 471 434 471 434 471 1305 403 434 471 434 471 434 471 434 471 434 403 496 403 434 471 434 471 434 471 434 471 434 471 1305 403 1305 403 1305 403 496 471 434 471 1305 403 1305 403 1305 471 35564 3432 1782 471 1305 403 496 471 434 471 434 471 1305 403 434 471 434 471 434 471 434 471 1305 403 496 403 1305 403 1305 403 434 471 1305 403 1305 471 1305 403 1305 403 1305 403 434 471 434 471 1305 471 434 471 434 471 434 403 496 403 434 471 434 471 434 471 434 471 434 471 434 471 434 471 1305 403 434 403 434 403 496 403 434 403 1305 403 434 403 434 403 434 471 434 471 434 471 434 403 434 403 496 403 434 403 434 403 434 403 434 403 434 403 1305 471 434 471 434 403 434 403 496 403 434 403 1305 403 434 403 434 403 1305 471 1305 403 434 403 35564 3432 1782 403 1305 403 434 403 434 403 434 403 1305 471 434 403 434 403 496 403 496 403 1305 403 434 471 1305 403 1305 471 434 403 1305 403 1305 403 1305 471 1305 471 1305 471 434 403 434 403 1305 403 434 403 434 471 434 403 434 403 434 403 434 403 434 471 434 403 434 403 434 403 496 403 496 403 434 471 434 471 434 471 434 471 434 471 434 471 1305 403 434 403 496 403 1305 403 434 403 434 403 434 403 434 403 434 403 1305 403 1305 403 496 403 434 403 1305 403 434 403 434 403 434 403 434 403 434 403 434 403 434 403 496 403 434 403 434 403 434 403 434 403 434 471 434 403 1305 403 1305 403 434 403 1305 403 434 403 434 403 434 403 434 403 434 403 434 403 434 403 434 403 496 403 496 403 434 403 434 403 434 403 434 403 434 403 434 403 434 403 1305 403 1305 403 434 403 434 403 496 403 434 403 434 403 434 403 434 403 434 403 496 403 496 403 1305 403 1305 403 496 403 1305 403 496 403 496 403 496 403 496 403 496 403 496 403 496 403 496 403 496 403 496 403 496 403 496 403 496 403 496 403 496 403 1305 403 496 403 496 403 496 403 496 403 496 403 1305 403 1305 403 496 403 496 403 496 403 496 403 496 403 496 403 496 403 1305 403 496 403 496 403 496 403 496 403 496 403 496 403 496 403 496 403 1305 403 496 403 496 403 1305 403 1305 403 496 403 496 403 1305 403
Daikin_FTXS25KVMA.ir,Power,DAIKIN 118 bits 11da2700c50000d711da27004200106411da270000092400a0000006600000c1800086,1,True,learned fidelity_check (583 timings),DAIKIN 118 bits 11da2700c50000d711da27004200106411da270000092400a0000006600000c1800086,True,-22.4,25.2,88,484 388 457 415 458 389 484 387 458 389 484 25430 3545 1717 430 1314 431 415 457 415 457 415 486 1258 487 360 484 387 458 414 458 414 431 1313 432 414 484 1261 484 1261 484 389 483 1262 482 1264 481 1265 480 1292 453 1292 453 420 452 393 452 1293 452 420 452 420 452 420 425 420 452 420 452 420 425 421 451 421 451 421 451 394 451 1295 449 422 451 1296 449 423 450 423 422 424 449 1296 449 1297 448 424 448 424 449 395 450 423 449 423 450 423 422 423 450 423 449 422 423 422 451 422 450 422 451 395 450 422 450 422 450 422 423 1323 422 1323 423 1323 423 422 451 1296 449 423 450 1296 449 1296 449 34986 3536 1727 451 1294 451 421 451 394 451 421 452 1294 451 421 451 394 451 421 452 421 451 1294 451 421 424 1321 424 1322 423 421 452 1294 451 1294 451 1294 451 1294 451 1294 451 421 451 421 451 1294 451 394 451 421 451 421 451 421 424 421 451 421 451 421 451 394 451 421 451 421 451 394 451 1294 451 422 450 422 450 422 423 422 450 1295 450 422 450 422 450 395 450 422 450 422 450 422 423 422 450 422 451 422 450 395 450 422 450 422 450 422 423 1323 422 423 450 422 450 423 422 423 449 423 449 1296 449 422 450 396 449 1296 449 1296 449 424 448 35010 3511 1726 451 1294 451 421 451 421 425 420 452 1293 452 421 452 420 452 393 452 420 452 1293 452 421 452 1293 451 1294 451 394 452 1294 451 1294 451 1294 451 1294 451 1294 452 421 451 421 452 1294 451 421 425 421 452 421 451 420 452 393 452 420 452 420 453 420 425 421 452 420 452 421 452 393 452 421 451 421 451 393 452 421 452 420 452 421 424 1321 424 421 452 421 451 1294 451 421 451 394 452 421 451 421 452 421 424 421 451 1294 451 421 452 421 451 1294 451 393 452 421 452 420 452 393 452 421 452 420 452 421 424 421 451 421 451 421 452 393 452 421 451 421 451 421 424 421 452 1294 451 421 452 1294 451 421 452 393 452 421 452 421 451 421 424 421 452 421 451 421 424 421 452 421 451 421 451 394 451 421 452 421 452 421 424 421 451 422 451 1294 451 1295 451 421 452 394 451 422 451 421 451 421 424 421 452 421 451 421 424 421 451 422 451 1294 451 1294 451 421 452 394 451 421 451 421 451 421 424 421 452 421 451 421 451 394 451 421 451 421 451 421 424 421 451 421 451 421 424 421 451 421 451 1294 451 421 451 394 451 421 451 421 451 421 424 1322 423 1322 423 422 451 421 452 421 451 394 451 421 451 421 452 421 424 1322 423 422 451 421 451 421 451 394 451 421 451 421 451 394 451 421 451 421 451 1294 451 1294 451 421 424 421 451 421 452 421 451 1294 451,484 388 457 415 458 389 484 387 458 389 484 25430 3545 1717 430 1314 431 415 457 415 457 415 486 1258 487 360 484 387 458 414 458 414 431 1313 432 414 484 1261 484 1261 484 389 483 1262 482 1264 481 1265 480 1292 453 1292 453 420 452 393 452 1293 452 420 452 420 452 420 425 420 452 420 452 420 425 421 451 421 451 421 451 394 451 1295 449 422 451 1296 449 423 450 423 422 424 449 1296 449 1297 448 424 448 424 449 395 450 423 449 423 450 423 422 423 450 423 449 422 423 422 451 422 450 422 451 395 450 422 450 422 450 422 423 1323 422 1323 423 1323 423 422 451 1296 449 423 450 1296 449 1296 449 34986 3536 1727 451 1294 451 421 451 394 451 421 452 1294 451 421 451 394 451 421 452 421 451 1294 451 421 424 1321 424 1322 423 421 452 1294 451 1294 451 1294 451 1294 451 1294 451 421 451 421 451 1294 451 394 451 421 451 421 451 421 424 421 451 421 451 421 451 394 451 421 451 421 451 394 451 1294 451 422 450 422 450 422 423 422 450 1295 450 422 450 422 450 395 450 422 450 422 450 422 423 422 450 422 451 422 450 395 450 422 450 422 450 422 423 1323 422 423 450 422 450 423 422 423 449 423 449 1296 449 422 450 396 449 1296 449 1296 449 424 448 35010 3511 1726 451 1294 451 421 451 421 425 420 452 1293 452 421 452 420 452 393 452 420 452 1293 452 421 452 1293 451 1294 451 394 452 1294 451 1294 451 1294 451 1294 451 1294 452 421 451 421 452 1294 451 421 425 421 452 421 451 420 452 393 452 420 452 420 453 420 425 421 452 420 452 421 452 393 452 421 451 421 451 393 452 421 452 420 452 421 424 1321 424 421 452 421 451 1294 451 421 451 394 452 421 451 421 452 421 424 421 451 1294 451 421 452 421 451 1294 451 393 452 421 452 420 452 393 452 421 452 420 452 421 424 421 451 421 451 421 452 393 452 421 451 421 451 421 424 421 452 1294 451 421 452 1294 451 421 452 393 452 421 452 421 451 421 424 421 452 421 451 421 424 421 452 421 451 421 451 394 451 421 452 421 452 421 424 421 451 422 451 1294 451 1295 451 421 452 394 451 422 451 421 451 421 424 421 452 421 451 421 424 421 451 422 451 1294 451 1294 451 421 452 394 451 421 451 421 451 421 424 421 452 421 451 421 451 394 451 421 451 421 451 421 424 421 451 421 451 421 424 421 451 421 451 1294 451 421 451 394 451 421 451 421 451 421 424 1322 423 1322 423 422 451 421 452 421 451 394 451 421 451 421 452 421 424 1322 423 422 451 421 451 421 451 394 451 421 451 421 451 394 451 421 451 421 451 1294 451 1294 451 421 424 421 451 421 452 421 451 1294 451,414 452 439 433 466 381 486 400 488 353 467 25451 3488 1776 414 1351 395 417 391 479 439 433 530 1233 464 373 467 401 447 422 415 454 473 1293 411 427 468 1298 442 1296 464 381 487 1297 485 1252 413 1324 465 1323 414 1323 362 482 410 435 497 1288 413 426 486 383 478 390 364 481 409 463 492 380 431 427 487 381 488 380 487 355 454 1312 439 428 485 1280 412 427 457 414 361 485 457 1304 436 1326 411 429 449 423 407 437 490 397 486 382 486 382 416 427 482 388 444 427 381 464 499 388 485 383 486 356 486 382 483 387 444 428 381 1380 456 1280 456 1287 379 463 503 1253 441 425 485 1260 452 1306 440 34983 3537 1725 491 1265 441 427 482 359 485 383 445 1320 482 383 486 357 487 382 483 384 477 1269 460 409 431 1325 457 1280 414 429 409 1350 486 1252 445 1296 406 1351 488 1252 470 396 453 417 415 1347 486 355 488 381 480 388 480 387 446 398 417 454 408 463 493 353 502 382 483 385 480 362 479 1262 406 466 463 425 487 380 449 393 478 1260 416 455 406 466 462 399 487 381 472 397 445 423 458 385 416 454 430 443 457 387 499 387 443 425 441 428 458 1282 412 432 458 429 486 384 458 384 441 428 440 1300 385 485 458 403 480 1259 440 1297 412 460 428 35037 3484 1752 440 1301 430 441 485 401 417 427 441 1296 416 452 390 482 455 389 463 424 480 1264 435 428 414 1329 457 1300 440 401 470 1268 388 1372 470 1269 441 1295 415 1330 458 426 471 400 474 1263 440 430 380 466 456 431 471 398 471 371 471 397 471 398 413 458 381 465 457 430 473 396 444 397 468 402 442 427 410 434 408 465 458 428 467 402 417 1321 413 427 412 462 430 1330 466 400 469 373 468 400 438 433 434 439 418 442 444 1317 444 401 440 429 411 1350 441 402 442 427 440 428 439 403 437 432 409 463 432 458 412 430 439 430 439 429 439 403 437 432 410 462 430 460 411 431 441 1319 418 428 413 1348 437 432 442 401 441 428 440 428 438 431 383 462 431 458 439 430 412 431 438 431 437 431 435 407 433 440 429 459 440 431 412 429 437 433 435 1323 387 1351 439 454 416 426 415 453 411 458 411 459 384 459 436 456 413 455 385 458 411 457 409 1329 432 1330 411 457 411 431 411 458 408 461 407 465 402 462 409 459 408 461 407 436 407 462 403 466 401 491 375 468 401 492 376 493 349 492 376 493 377 1360 401 469 400 442 400 492 377 492 376 492 350 1387 374 1389 349 493 376 492 376 492 377 466 377 492 401 469 399 493 349 1388 349 493 376 495 397 470 401 442 399 492 376 493 375 467 376 492 377 492 378 1361 400 1361 375 493 349 493 376 493 400 470 400 1361 375,398 476 450 424 450 424 450 424 450 424 450 25461 3478 1762 398 1316 398 424 398 476 450 424 450 1316 450 424 450 424 450 424 398 476 450 1316 398 424 450 1316 450 1316 450 424 450 1316 450 1316 398 1316 450 1316 398 1316 398 476 398 424 450 1316 398 424 450 424 450 424 398 476 398 476 450 424 398 424 450 424 450 424 450 424 450 1316 450 424 450 1316 398 424 450 424 398 476 450 1316 450 1316 398 424 450 424 398 424 450 424 450 424 450 424 398 424 450 424 450 424 398 476 450 424 450 424 450 424 450 424 450 424 450 424 398 1316 450 1316 450 1316 398 476 450 1316 450 424 450 1316 450 1316 450 35047 3478 1762 450 1316 450 424 450 424 450 424 450 1316 450 424 450 424 450 424 450 424 450 1316 450 424 398 1316 450 1316 398 424 398 1316 450 1316 450 1316 398 1316 450 1316 450 424 450 424 398 1316 450 424 450 424 450 424 450 424 450 424 398 476 398 476 450 424 450 424 450 424 450 424 450 1316 398 476 450 424 450 424 450 424 450 1316 398 476 398 476 450 424 450 424 450 424 450 424 450 424 398 476 398 424 450 424 450 424 450 424 450 424 450 1316 398 424 450 424 450 424 450 424 450 424 450 1316 398 476 450 424 450 1316 450 1316 398 476 398 35047 3478 1762 450 1316 398 424 450 424 398 424 450 1316 398 476 398 476 450 424 450 424 450 1316 450 424 398 1316 450 1316 450 424 450 1316 398 1316 450 1316 450 1316 398 1316 450 424 450 424 450 1316 450 424 398 476 450 424 450 424 450 424 450 424 450 424 398 476 398 476 450 424 450 424 450 424 450 424 450 424 398 424 398 476 450 424 450 424 398 1316 398 424 398 476 398 1316 450 424 450 424 450 424 450 424 450 424 398 424 450 1316 450 424 450 424 398 1316 450 424 450 424 450 424 450 424 450 424 398 476 398 476 398 424 450 424 450 424 450 424 450 424 398 476 398 476 398 424 450 1316 398 424 398 1316 450 424 450 424 450 424 450 424 450 424 398 476 398 476 450 424 398 424 450 424 450 424 450 424 398 424 398 476 450 424 398 424 450 424 450 1316 398 1316 450 476 398 424 398 476 398 476 398 476 398 476 450 476 398 476 398 476 398 476 398 1316 398 1316 398 476 398 424 398 476 398 476 398 476 398 476 398 476 398 476 398 424 398 476 398 476 398 476 398 476 398 476 398 476 398 476 398 476 398 1316 398 476 398 424 398 476 398 476 398 476 398 1316 398 1316 398 476 398 476 398 476 398 476 398 476 398 476 398 476 398 1316 398 476 398 476 398 476 398 424 398 476 398 476 398 476 398 476 398 476 398 1316 398 1316 398 476 398 476 398 476 398 476 398 1316 398
Daikin_FTXS25KVMA.ir,Fan,DAIKIN 118 bits 11da2700c50000d711da27004200106411da27000009240030000006600000c1800016,1,True,learned fidelity_check (583 timings),UNKNOWN,False,-35.7,32.6,112,506 393 452 393 480 393 479 367 506 366 479 25407 3593 1643 537 1208 537 363 511 334 509 363 509 1209 536 363 482 362 510 362 510 363 508 1236 509 336 508 1237 480 1266 478 394 477 1269 476 1270 475 1271 474 1271 474 1271 474 398 474 398 447 1298 447 398 475 398 475 398 474 371 474 398 474 398 475 398 447 398 475 398 474 398 447 1299 446 398 474 1272 473 398 474 399 473 371 474 1272 473 1272 474 398 474 399 473 399 446 399 473 399 473 399 473 372 473 399 473 399 473 400 445 399 473 400 472 400 472 372 473 400 472 400 472 1273 472 1273 472 1273 472 397 448 1298 447 425 447 1298 447 1298 447 34988 3532 1705 475 1270 475 397 475 397 448 398 475 1271 474 398 474 398 474 370 475 398 474 1271 474 398 474 1271 474 1271 474 398 447 1299 446 1299 446 1299 446 1299 446 1299 446 399 474 398 475 1272 473 399 446 399 473 399 473 399 473 372 473 399 473 399 474 399 446 399 474 399 473 399 473 1273 473 372 473 400 472 400 472 400 445 1301 444 400 473 401 471 400 445 400 473 401 471 424 448 397 448 424 448 425 447 424 421 425 448 425 447 425 447 1298 447 398 447 425 447 425 448 425 420 425 447 1298 447 425 447 425 420 1326 419 1326 419 425 447 34988 3533 1706 474 1271 474 398 475 398 474 371 474 1271 474 398 474 398 474 398 447 398 474 1271 474 398 474 1271 474 1272 473 399 473 1272 473 1272 473 1272 473 1272 473 1272 473 372 473 399 473 1272 473 399 473 372 473 399 473 399 473 399 446 400 473 400 472 400 472 372 473 399 473 400 472 400 445 401 472 400 472 400 472 373 472 400 472 401 471 1274 471 401 444 402 471 1298 447 425 447 425 420 425 447 425 447 425 447 398 447 1299 446 426 447 425 447 1299 447 426 419 426 447 426 446 426 447 398 447 426 446 426 446 426 419 426 446 426 447 426 419 426 446 426 447 426 446 1299 446 1299 446 399 446 426 447 427 446 426 419 427 445 427 445 427 446 399 446 427 445 427 445 427 418 427 445 427 446 427 418 428 445 427 445 428 445 400 445 428 444 1301 445 1301 444 428 444 428 417 428 444 428 444 428 444 401 444 428 444 428 444 428 417 428 444 1302 444 1302 443 429 443 429 443 401 444 429 443 429 444 402 443 429 443 430 442 430 415 430 443 430 442 430 443 403 442 455 417 455 418 455 390 456 416 1328 417 456 416 456 416 428 417 456 416 456 416 1329 416 1329 417 429 416 456 416 456 416 456 389 456 416 456 416 456 416 1329 416 429 416 457 415 457 415 457 388 457 415 457 415 457 415 430 415 457 415 1331 414 1331 414 458 414 1332 413 431 414 458 414 484 388,506 393 452 393 480 393 479 367 506 366 479 25407 3593 1643 537 1208 537 363 511 334 509 363 509 1209 536 363 482 362 510 362 510 363 508 1236 509 336 508 1237 480 1266 478 394 477 1269 476 1270 475 1271 474 1271 474 1271 474 398 474 398 447 1298 447 398 475 398 475 398 474 371 474 398 474 398 475 398 447 398 475 398 474 398 447 1299 446 398 474 1272 473 398 474 399 473 371 474 1272 473 1272 474 398 474 399 473 399 446 399 473 399 473 399 473 372 473 399 473 399 473 400 445 399 473 400 472 400 472 372 473 400 472 400 472 1273 472 1273 472 1273 472 397 448 1298 447 425 447 1298 447 1298 447 34988 3532 1705 475 1270 475 397 475 397 448 398 475 1271 474 398 474 398 474 370 475 398 474 1271 474 398 474 1271 474 1271 474 398 447 1299 446 1299 446 1299 446 1299 446 1299 446 399 474 398 475 1272 473 399 446 399 473 399 473 399 473 372 473 399 473 399 474 399 446 399 474 399 473 399 473 1273 473 372 473 400 472 400 472 400 445 1301 444 400 473 401 471 400 445 400 473 401 471 424 448 397 448 424 448 425 447 424 421 425 448 425 447 425 447 1298 447 398 447 425 447 425 448 425 420 425 447 1298 447 425 447 425 420 1326 419 1326 419 425 447 34988 3533 1706 474 1271 474 398 475 398 474 371 474 1271 474 398 474 398 474 398 447 398 474 1271 474 398 474 1271 474 1272 473 399 473 1272 473 1272 473 1272 473 1272 473 1272 473 372 473 399 473 1272 473 399 473 372 473 399 473 399 473 399 446 400 473 400 472 400 472 372 473 399 473 400 472 400 445 401 472 400 472 400 472 373 472 400 472 401 471 1274 471 401 444 402 471 1298 447 425 447 425 420 425 447 425 447 425 447 398 447 1299 446 426 447 425 447 1299 447 426 419 426 447 426 446 426 447 398 447 426 446 426 446 426 419 426 446 426 447 426 419 426 446 426 447 426 446 1299 446 1299 446 399 446 426 447 427 446 426 419 427 445 427 445 427 446 399 446 427 445 427 445 427 418 427 445 427 446 427 418 428 445 427 445 428 445 400 445 428 444 1301 445 1301 444 428 444 428 417 428 444 428 444 428 444 401 444 428 444 428 444 428 417 428 444 1302 444 1302 443 429 443 429 443 401 444 429 443 429 444 402 443 429 443 430 442 430 415 430 443 430 442 430 443 403 442 455 417 455 418 455 390 456 416 1328 417 456 416 456 416 428 417 456 416 456 416 1329 416 1329 417 429 416 456 416 456 416 456 389 456 416 456 416 456 416 1329 416 429 416 457 415 457 415 457 388 457 415 457 415 457 415 430 415 457 415 1331 414 1331 414 458 414 1332 413 431 414 458 414 484 388,442 453 388 457 516 357 485 374 540 328 468 25423 3573 1665 519 1246 494 371 492 352 491 381 550 1211 536 328 468 374 501 367 468 403 490 1275 536 301 541 1226 455 1282 411 435 459 1325 485 1251 455 1283 412 1351 484 1252 480 363 413 459 428 1357 412 401 468 400 468 402 464 381 412 460 433 453 468 401 486 355 468 401 468 402 454 1308 442 399 468 1298 484 355 468 404 414 430 411 1376 483 1254 482 357 464 409 412 460 451 408 442 427 468 400 468 374 468 400 468 404 413 460 401 443 431 453 469 400 467 375 468 400 469 402 441 1320 415 1325 507 1230 499 367 447 1314 475 393 485 1254 442 1300 383 35056 3522 1713 509 1235 432 454 440 427 487 356 467 1274 469 400 411 460 433 427 441 428 467 1271 509 358 444 1320 438 1299 504 361 484 1260 386 1374 438 1298 445 1295 437 1320 447 395 472 396 472 1270 467 403 384 461 431 454 463 406 473 368 474 394 499 371 446 427 384 461 432 453 470 400 500 1238 506 337 469 404 435 451 441 428 473 1265 471 370 508 366 471 400 425 434 442 428 510 385 441 400 442 427 441 430 410 460 410 436 460 426 441 427 442 1295 441 403 411 461 427 460 472 398 457 386 440 1296 440 432 385 487 355 1401 457 1280 456 386 438 35005 3562 1674 510 1231 463 407 457 429 500 344 508 1229 508 362 503 368 411 461 428 431 495 1244 505 362 498 1245 433 1324 504 363 470 1269 501 1259 443 1296 494 1242 468 1277 451 408 461 408 470 1268 469 397 495 353 436 434 429 457 439 430 444 399 496 372 496 372 496 349 464 408 432 455 438 431 441 401 493 376 469 399 469 376 463 409 432 455 437 1303 466 400 469 374 468 1319 387 482 411 459 414 428 441 427 442 426 441 403 436 1323 412 459 439 429 439 1320 415 436 380 482 409 460 438 431 438 404 438 430 439 431 435 437 381 481 411 457 438 432 414 428 441 427 441 430 436 1322 412 1349 417 403 440 428 440 434 429 459 358 484 434 436 437 432 436 406 437 433 434 438 404 483 383 459 409 462 436 432 412 430 436 434 435 455 385 458 408 484 411 1325 416 1322 412 459 407 461 383 482 412 456 413 456 413 429 413 457 410 459 408 463 379 485 385 1352 410 1329 407 485 383 486 383 459 408 460 409 460 408 435 405 465 404 488 380 490 350 492 400 492 376 492 377 466 375 520 349 520 349 544 323 519 349 1388 349 520 349 519 350 493 350 543 349 519 350 1388 349 1388 350 493 350 542 350 518 350 519 323 519 350 519 348 521 349 1413 348 493 350 519 350 519 349 520 322 520 348 523 347 544 348 494 349 519 349 1389 348 1390 348 544 349 1388 349 493 349 520 349 547 321,431 440 340 440 498 373 431 373 498 373 431 25433 3552 1684 498 1308 431 373 431 373 431 440 498 1308 498 373 431 373 498 373 431 440 431 1308 498 373 498 1308 431 1308 431 440 431 1308 431 1308 431 1308 431 1308 431 1308 431 373 431 440 431 1308 431 440 431 440 431 440 431 440 431 440 431 440 431 440 431 373 431 440 431 440 431 1308 431 440 431 1308 431 373 431 440 431 440 431 1308 431 1308 431 373 431 440 431 440 431 440 431 440 431 440 431 373 431 440 431 440 431 440 431 440 431 440 431 440 431 373 431 440 431 440 431 1308 431 1308 498 1308 498 373 431 1308 431 440 431 1308 431 1308 340 35066 3552 1684 498 1308 431 440 431 440 431 373 431 1308 431 440 431 440 431 440 431 440 431 1308 498 373 431 1308 431 1308 498 373 431 1308 340 1308 431 1308 431 1308 431 1308 431 440 431 440 431 1308 431 440 340 440 431 440 431 440 431 373 431 440 498 373 431 440 340 440 431 440 431 440 498 1308 498 373 431 440 431 440 431 440 431 1308 431 373 498 373 431 440 431 440 431 440 498 440 431 440 431 440 431 440 431 440 431 440 431 440 431 440 431 1308 431 440 431 440 431 440 431 440 431 440 431 1308 431 440 340 529 340 1308 431 1308 431 440 431 35066 3552 1684 498 1308 431 440 431 440 498 373 498 1308 498 373 498 373 431 440 431 440 431 1308 498 373 498 1308 431 1308 498 373 431 1308 498 1308 431 1308 431 1308 431 1308 431 440 431 440 431 1308 431 440 431 373 431 440 431 440 431 440 431 440 431 373 431 373 431 373 431 440 431 440 431 440 431 440 431 373 431 440 431 373 431 440 431 440 431 1308 431 440 431 373 431 1308 340 529 431 440 431 440 431 440 431 440 431 440 431 1308 431 440 431 440 431 1308 431 440 340 529 431 440 431 440 431 440 431 440 431 440 431 440 340 529 431 440 431 440 431 440 431 440 431 440 431 1308 431 1308 431 440 431 440 431 440 431 440 340 529 431 440 431 440 431 440 431 440 431 440 431 529 340 440 431 440 431 440 431 440 431 440 431 440 340 440 431 529 431 1308 431 1308 431 440 431 440 340 529 431 440 431 440 431 440 431 440 431 440 431 440 340 529 340 1308 431 1308 431 529 340 529 340 440 431 440 431 440 431 440 431 440 431 529 340 529 340 529 431 529 340 529 340 440 340 529 340 529 340 529 340 529 340 1308 340 529 340 529 340 529 340 529 340 529 340 1308 340 1308 340 529 340 529 340 529 340 529 340 529 340 529 340 529 340 1308 340 529 340 529 340 529 340 529 340 529 340 529 340 529 340 529 340 529 340 1308 340 1308 340 529 340 1308 340 529 340 529 340 529 340
Daikin_FTXS25KVMA.ir,Powerful,DAIKIN 118 bits 11da2700c50000d711da27004200106411da27000009240030000006600100c1800017,1,True,learned fidelity_check (583 timings),DAIKIN 118 bits 11da2700c50000d711da27004200106411da27000009240030000006600100c1800017,True,-25.5,22.3,95,457 417 428 416 456 416 456 416 429 416 456 25456 3517 1719 458 1288 458 388 485 387 486 387 485 1259 485 388 430 415 457 414 458 414 458 1286 458 387 459 1286 459 1287 458 415 483 1263 482 1264 481 1265 480 1266 479 1292 453 420 452 420 425 1320 425 420 453 420 452 420 452 393 452 420 452 420 452 393 452 420 452 420 452 420 425 1320 425 420 453 1293 452 420 453 420 452 393 452 1293 452 1293 452 420 452 420 452 420 425 420 453 420 452 420 452 393 452 420 453 420 452 393 452 420 453 420 452 420 425 421 452 420 452 420 452 1293 452 1294 451 1294 451 393 452 1293 452 421 451 1294 451 1293 452 34984 3539 1725 451 1293 452 420 452 421 424 420 452 1293 451 421 452 420 425 421 451 421 452 1293 451 421 452 1294 451 1294 451 394 452 1294 451 1295 450 1295 450 1295 451 1295 450 422 450 422 451 1295 450 423 423 422 450 422 450 422 450 395 450 422 450 422 450 422 423 422 451 422 451 422 450 1295 450 395 451 421 451 422 451 394 451 1295 450 422 451 422 450 422 423 422 451 422 451 422 450 394 451 422 451 421 451 422 423 422 451 422 450 422 450 1295 450 395 450 422 450 422 451 395 450 422 450 1295 450 423 450 423 422 1323 422 1323 422 423 449 34987 3535 1728 451 1294 451 422 450 422 451 394 451 1295 450 422 450 422 451 421 424 422 450 1295 450 422 451 1294 451 1294 451 422 423 1322 423 1322 423 1322 423 1322 423 1322 423 422 451 422 451 1295 450 422 450 395 450 422 450 422 451 422 423 422 450 422 451 422 450 395 450 422 451 422 450 422 423 422 450 422 451 422 423 422 451 422 450 422 450 1295 451 395 450 422 450 1295 450 422 450 422 423 423 449 423 450 422 450 395 450 1296 449 422 450 422 450 1296 449 423 422 423 449 423 449 423 449 396 449 423 450 423 449 396 449 423 449 423 449 423 422 423 450 423 449 423 449 1296 449 1296 449 396 449 423 449 423 449 423 422 423 450 423 449 424 449 396 449 423 449 424 448 396 449 424 448 424 448 424 421 424 449 424 448 424 448 396 449 424 448 1297 448 1297 448 424 448 424 421 424 448 424 449 424 449 396 449 424 448 424 449 397 448 424 448 1297 448 1297 448 424 448 1297 448 424 421 425 448 424 448 424 448 397 448 425 447 425 448 425 420 425 448 425 447 425 447 398 447 425 447 425 447 425 420 1326 419 426 447 426 446 426 419 426 446 450 422 1300 445 1324 421 451 422 423 422 451 421 451 421 451 394 451 421 451 421 1324 421 451 421 424 421 451 421 451 421 451 394 451 422 451 421 451 394 1352 393 1352 393 1352 393 452 420 1325 420 452 420 452 420 424 421,457 417 428 416 456 416 456 416 429 416 456 25456 3517 1719 458 1288 458 388 485 387 486 387 485 1259 485 388 430 415 457 414 458 414 458 1286 458 387 459 1286 459 1287 458 415 483 1263 482 1264 481 1265 480 1266 479 1292 453 420 452 420 425 1320 425 420 453 420 452 420 452 393 452 420 452 420 452 393 452 420 452 420 452 420 425 1320 425 420 453 1293 452 420 453 420 452 393 452 1293 452 1293 452 420 452 420 452 420 425 420 453 420 452 420 452 393 452 420 453 420 452 393 452 420 453 420 452 420 425 421 452 420 452 420 452 1293 452 1294 451 1294 451 393 452 1293 452 421 451 1294 451 1293 452 34984 3539 1725 451 1293 452 420 452 421 424 420 452 1293 451 421 452 420 425 421 451 421 452 1293 451 421 452 1294 451 1294 451 394 452 1294 451 1295 450 1295 450 1295 451 1295 450 422 450 422 451 1295 450 423 423 422 450 422 450 422 450 395 450 422 450 422 450 422 423 422 451 422 451 422 450 1295 450 395 451 421 451 422 451 394 451 1295 450 422 451 422 450 422 423 422 451 422 451 422 450 394 451 422 451 421 451 422 423 422 451 422 450 422 450 1295 450 395 450 422 450 422 451 395 450 422 450 1295 450 423 450 423 422 1323 422 1323 422 423 449 34987 3535 1728 451 1294 451 422 450 422 451 394 451 1295 450 422 450 422 451 421 424 422 450 1295 450 422 451 1294 451 1294 451 422 423 1322 423 1322 423 1322 423 1322 423 1322 423 422 451 422 451 1295 450 422 450 395 450 422 450 422 451 422 423 422 450 422 451 422 450 395 450 422 451 422 450 422 423 422 450 422 451 422 423 422 451 422 450 422 450 1295 451 395 450 422 450 1295 450 422 450 422 423 423 449 423 450 422 450 395 450 1296 449 422 450 422 450 1296 449 423 422 423 449 423 449 423 449 396 449 423 450 423 449 396 449 423 449 423 449 423 422 423 450 423 449 423 449 1296 449 1296 449 396 449 423 449 423 449 423 422 423 450 423 449 424 449 396 449 423 449 424 448 396 449 424 448 424 448 424 421 424 449 424 448 424 448 396 449 424 448 1297 448 1297 448 424 448 424 421 424 448 424 449 424 449 396 449 424 448 424 449 397 448 424 448 1297 448 1297 448 424 448 1297 448 424 421 425 448 424 448 424 448 397 448 425 447 425 448 425 420 425 448 425 447 425 447 398 447 425 447 425 447 425 420 1326 419 426 447 426 446 426 419 426 446 450 422 1300 445 1324 421 451 422 423 422 451 421 451 421 451 394 451 421 451 421 1324 421 451 421 424 421 451 421 451 421 451 394 451 422 451 421 451 394 1352 393 1352 393 1352 393 452 420 1325 420 452 420 452 420 424 421,510 374 416 426 488 380 480 389 365 477 415 25504 3556 1708 362 1377 481 337 487 401 467 400 467 1300 411 429 469 376 467 404 506 382 486 1280 361 451 390 1378 482 1254 482 382 466 1300 412 1325 464 1298 485 1253 411 1352 484 380 488 380 416 1351 388 428 411 462 505 381 487 355 487 381 488 380 481 362 447 424 387 485 488 385 430 1351 431 381 458 1310 436 410 505 381 487 355 486 1280 362 1375 473 376 503 381 487 381 416 427 485 383 448 423 388 457 459 413 504 381 486 356 487 381 483 385 448 424 406 440 490 399 484 383 486 1253 436 1308 457 1298 440 400 486 1254 388 481 387 1373 485 1254 438 35002 3521 1744 439 1298 438 427 452 420 379 465 434 1325 485 382 485 383 416 426 454 417 388 1374 486 381 485 1255 414 1327 455 388 505 1251 444 1293 436 1327 478 1259 442 1295 412 457 387 485 498 1260 444 423 419 422 450 420 388 485 454 390 496 389 488 382 482 386 447 395 453 416 389 485 455 1302 473 368 481 387 479 390 441 404 387 1373 488 381 479 389 477 392 451 391 389 485 457 431 486 355 489 381 473 395 445 424 460 384 431 441 458 430 487 1251 443 398 443 426 415 455 432 414 459 428 487 1251 441 428 441 429 446 1313 389 1351 457 383 442 35002 3565 1698 440 1297 415 454 388 484 459 385 500 1257 439 428 441 427 412 458 388 460 454 1302 439 429 440 1297 388 1373 480 390 452 1284 455 1287 383 1372 420 1320 452 1288 386 458 432 456 444 1294 444 424 475 368 438 433 410 462 456 429 444 399 475 394 473 395 471 372 415 457 433 457 439 428 419 425 469 399 468 401 441 402 410 462 430 458 442 1297 442 398 444 425 439 1323 410 459 444 425 415 427 469 398 470 399 439 406 409 1349 443 427 468 401 467 1273 412 458 379 466 428 457 466 404 441 401 441 427 440 429 412 433 431 441 429 458 438 431 441 401 439 429 439 430 413 1348 411 1350 416 403 440 429 439 429 413 460 404 441 429 457 442 427 441 401 448 421 441 429 434 410 431 459 410 458 440 429 411 431 438 431 437 432 434 410 430 460 409 1352 415 1322 416 452 412 458 383 460 409 460 437 454 413 429 413 455 414 456 410 433 409 461 432 1328 410 1327 408 461 408 1331 433 458 384 459 409 459 409 460 408 435 407 486 381 488 406 463 381 461 404 465 401 491 377 466 377 492 400 469 401 491 351 1387 349 493 376 493 377 492 350 517 375 519 349 1362 375 1388 351 519 374 469 373 518 349 520 349 519 323 519 350 519 350 1413 349 519 349 493 350 518 350 519 349 520 323 519 374 519 350 519 322 1415 322 1416 322 1439 323 519 349 1388 350 519 350 520 349 517 349,495 399 432 468 432 399 432 399 364 468 432 25514 3546 1718 364 1330 432 399 432 399 432 399 432 1330 432 468 432 399 432 399 495 399 432 1330 364 468 364 1330 432 1330 432 399 432 1330 432 1330 432 1330 432 1330 432 1330 432 399 432 399 432 1330 364 468 432 468 495 399 432 399 432 399 432 399 432 399 432 468 364 468 432 399 432 1330 432 399 432 1330 432 399 495 399 432 399 432 1330 364 1330 432 399 495 399 432 399 432 468 432 399 432 399 364 468 432 399 495 399 432 399 432 399 432 399 432 468 432 468 432 399 432 399 432 1330 432 1330 432 1330 432 399 432 1330 364 468 364 1330 432 1330 432 35012 3546 1718 432 1330 432 468 432 399 364 468 432 1330 432 399 432 399 432 468 432 399 364 1330 432 399 432 1330 432 1330 432 399 495 1330 432 1330 432 1330 432 1330 432 1330 432 468 364 468 432 1330 432 399 432 399 432 399 364 468 432 399 432 399 432 399 432 399 432 399 432 399 364 468 432 1330 432 399 432 399 432 399 432 399 364 1330 432 399 432 399 432 399 432 399 364 468 432 468 432 399 432 399 432 399 432 468 432 399 432 468 432 468 432 1330 432 399 432 468 432 468 432 399 432 468 432 1330 432 468 432 468 432 1330 364 1330 432 399 432 35012 3546 1718 432 1330 432 468 364 468 432 399 495 1330 432 468 432 468 432 468 364 468 432 1330 432 468 432 1330 364 1330 432 399 432 1330 432 1330 364 1330 432 1330 432 1330 364 468 432 468 432 1330 432 468 432 399 432 468 432 468 432 468 432 399 432 399 432 399 432 399 432 468 432 468 432 468 432 468 432 399 432 399 432 399 432 468 432 468 432 1330 432 399 432 468 432 1330 432 468 432 468 432 468 432 399 432 399 432 399 432 1330 432 468 432 399 432 1330 432 468 364 468 432 468 432 399 432 399 432 468 432 468 432 468 432 468 432 468 432 468 432 399 432 468 432 468 432 1330 432 1330 432 399 432 468 432 468 432 468 432 468 432 468 432 468 432 399 432 399 432 468 432 399 432 468 432 468 432 468 432 468 432 468 432 468 432 399 432 468 432 1330 432 1330 432 468 432 468 364 468 432 468 432 468 432 468 432 468 432 468 432 468 432 468 432 1330 432 1330 432 468 432 1330 432 468 364 468 432 468 432 468 432 468 432 468 364 468 432 468 364 468 432 468 432 468 364 468 364 468 364 468 432 468 364 1330 364 468 364 468 364 468 364 468 364 468 364 1330 364 1330 364 468 364 468 364 468 364 468 364 468 364 468 364 468 364 1330 364 468 364 468 364 468 364 468 364 468 364 468 364 468 364 468 364 1330 364 1330 364 1330 364 468 364 1330 364 468 364 468 364 468 364
Daikin_FTXS25KVMA.ir,Temp+,DAIKIN 118 bits 11da2700c50000d711da27004200106411da27000009260030000006600100c1800019,1,True,learned fidelity_check (583 timings),UNKNOWN,False,-27.7,22.6,87,511 362 483 363 509 362 483 391 454 391 457 25457 3518 1719 457 1287 458 389 456 415 457 415 457 1287 485 389 456 388 457 415 457 415 457 1286 459 387 458 1286 459 1287 458 415 483 1262 483 1263 482 1264 481 1265 480 1291 454 419 453 420 425 1320 425 420 453 420 452 420 453 392 453 420 452 420 452 393 452 420 453 420 452 420 425 1320 425 420 453 1293 452 420 453 420 452 393 452 1293 452 1293 452 420 453 420 452 420 425 420 453 420 453 420 452 393 452 420 452 420 452 420 425 420 453 420 452 420 425 420 452 420 452 420 452 1293 452 1293 452 1293 452 393 452 1293 452 420 453 1293 452 1293 452 34983 3540 1724 452 1293 452 420 452 420 425 420 452 1293 452 420 453 420 453 392 453 420 452 1293 452 420 452 1293 452 1293 452 393 452 1293 452 1293 452 1293 452 1293 452 1294 451 420 452 421 452 1293 452 421 424 420 452 420 452 420 452 393 452 420 452 420 452 420 425 421 452 420 453 420 452 1293 452 394 451 421 451 421 451 393 452 1294 451 421 451 421 451 421 424 421 451 421 451 421 452 393 452 421 452 421 451 421 424 421 452 421 451 421 451 1294 451 394 451 421 452 421 451 394 451 421 451 1294 451 421 452 421 424 1322 423 1322 423 422 451 34985 3539 1724 452 1293 452 420 452 420 453 393 452 1293 452 421 452 420 452 420 425 420 452 1293 452 421 452 1293 452 1294 451 421 424 1321 424 1322 424 1321 424 1321 424 1321 424 421 451 421 452 1294 451 421 452 393 452 421 451 421 452 420 425 421 452 420 452 421 451 393 452 420 452 421 452 421 424 421 451 421 452 421 451 393 452 421 451 421 451 1294 451 394 452 421 451 1294 451 421 452 421 424 421 452 421 451 421 451 1294 451 1295 451 394 451 422 451 1294 450 422 451 421 424 421 451 421 451 421 452 394 451 422 451 422 450 394 451 421 451 421 451 421 424 422 451 422 450 1295 450 1295 450 422 450 395 450 422 450 422 450 422 423 422 450 422 450 422 451 394 451 422 450 422 450 395 450 422 450 422 450 422 423 422 451 422 450 422 450 395 450 1295 449 1296 449 423 449 423 450 423 422 423 450 422 450 423 449 396 449 423 450 423 449 423 422 1324 420 1324 422 424 449 1297 448 424 449 423 422 423 450 424 448 424 448 396 449 423 449 423 449 424 421 424 449 424 449 423 449 396 449 423 449 424 449 1297 447 425 420 425 448 424 449 424 421 425 448 1297 447 1298 447 425 447 425 448 397 448 425 447 424 448 425 420 426 447 1322 423 450 423 449 423 422 423 450 422 450 423 450 395 450 422 450 422 1323 421 451 395 450 423 1323 421 1324 421 451 421 451 422 423 422,511 362 483 363 509 362 483 391 454 391 457 25457 3518 1719 457 1287 458 389 456 415 457 415 457 1287 485 389 456 388 457 415 457 415 457 1286 459 387 458 1286 459 1287 458 415 483 1262 483 1263 482 1264 481 1265 480 1291 454 419 453 420 425 1320 425 420 453 420 452 420 453 392 453 420 452 420 452 393 452 420 453 420 452 420 425 1320 425 420 453 1293 452 420 453 420 452 393 452 1293 452 1293 452 420 453 420 452 420 425 420 453 420 453 420 452 393 452 420 452 420 452 420 425 420 453 420 452 420 425 420 452 420 452 420 452 1293 452 1293 452 1293 452 393 452 1293 452 420 453 1293 452 1293 452 34983 3540 1724 452 1293 452 420 452 420 425 420 452 1293 452 420 453 420 453 392 453 420 452 1293 452 420 452 1293 452 1293 452 393 452 1293 452 1293 452 1293 452 1293 452 1294 451 420 452 421 452 1293 452 421 424 420 452 420 452 420 452 393 452 420 452 420 452 420 425 421 452 420 453 420 452 1293 452 394 451 421 451 421 451 393 452 1294 451 421 451 421 451 421 424 421 451 421 451 421 452 393 452 421 452 421 451 421 424 421 452 421 451 421 451 1294 451 394 451 421 452 421 451 394 451 421 451 1294 451 421 452 421 424 1322 423 1322 423 422 451 34985 3539 1724 452 1293 452 420 452 420 453 393 452 1293 452 421 452 420 452 420 425 420 452 1293 452 421 452 1293 452 1294 451 421 424 1321 424 1322 424 1321 424 1321 424 1321 424 421 451 421 452 1294 451 421 452 393 452 421 451 421 452 420 425 421 452 420 452 421 451 393 452 420 452 421 452 421 424 421 451 421 452 421 451 393 452 421 451 421 451 1294 451 394 452 421 451 1294 451 421 452 421 424 421 452 421 451 421 451 1294 451 1295 451 394 451 422 451 1294 450 422 451 421 424 421 451 421 451 421 452 394 451 422 451 422 450 394 451 421 451 421 451 421 424 422 451 422 450 1295 450 1295 450 422 450 395 450 422 450 422 450 422 423 422 450 422 450 422 451 394 451 422 450 422 450 395 450 422 450 422 450 422 423 422 451 422 450 422 450 395 450 1295 449 1296 449 423 449 423 450 423 422 423 450 422 450 423 449 396 449 423 450 423 449 423 422 1324 420 1324 422 424 449 1297 448 424 449 423 422 423 450 424 448 424 448 396 449 423 449 423 449 424 421 424 449 424 449 423 449 396 449 423 449 424 449 1297 447 425 420 425 448 424 449 424 421 425 448 1297 447 1298 447 425 447 425 448 397 448 425 447 424 448 425 420 426 447 1322 423 450 423 449 423 422 423 450 422 450 423 450 395 450 422 450 422 1323 421 451 395 450 423 1323 421 1324 421 451 421 451 422 423 422,540 328 468 374 508 360 418 452 413 432 466 25449 3564 1701 471 1267 482 355 487 381 488 380 472 1295 463 382 503 341 505 381 487 381 488 1277 432 382 440 1326 484 1279 410 429 417 1350 463 1298 485 1251 448 1290 462 1327 412 427 487 381 414 1353 359 461 506 381 486 382 486 356 487 381 476 394 415 430 433 439 505 382 486 382 415 1352 419 394 388 1374 486 381 487 382 487 355 482 1267 452 1299 486 381 487 382 486 382 365 479 389 484 466 423 486 355 486 383 485 383 486 382 365 479 388 485 462 410 431 427 486 382 486 383 485 1257 407 1351 486 1252 441 399 484 1259 456 414 506 1251 441 1296 388 35055 3494 1768 441 1298 406 464 434 438 431 428 486 1253 444 422 445 425 389 457 460 413 503 1251 443 425 479 1263 431 1325 487 355 483 1256 417 1325 489 1269 445 1291 419 1324 458 411 504 382 484 1254 446 421 392 453 434 437 462 409 504 355 489 380 479 390 479 389 423 420 388 484 464 408 504 1252 469 372 474 394 416 455 433 411 461 1299 442 425 442 427 441 427 455 389 430 441 460 413 503 354 488 382 441 430 439 427 453 391 431 442 488 398 486 1253 440 402 440 428 389 483 431 413 489 398 485 1254 440 427 417 453 413 1347 414 1325 456 385 441 35002 3561 1703 440 1296 414 455 388 484 457 389 494 1260 442 427 443 425 389 482 382 463 433 1325 440 428 477 1261 388 1371 473 397 416 1322 442 1300 403 1354 415 1321 416 1326 403 441 434 452 473 1266 470 398 414 428 411 462 431 457 470 398 420 423 443 425 445 424 416 426 410 464 430 458 469 401 439 402 469 400 468 401 438 404 412 462 429 459 457 1281 466 374 468 401 436 1326 436 432 468 402 415 427 441 427 438 431 410 1350 443 1318 419 401 439 430 409 1351 438 431 440 430 440 402 439 429 439 430 410 435 431 459 438 431 441 401 440 429 440 428 441 428 408 437 432 458 437 1323 418 1319 412 437 432 413 428 459 439 431 437 431 412 430 437 432 437 432 432 413 429 460 437 432 437 406 437 432 436 433 436 432 409 437 404 484 410 459 438 428 415 1321 416 1322 410 460 433 436 437 454 388 454 414 455 413 456 410 432 409 462 433 458 411 457 386 1352 384 1355 381 485 410 1327 409 459 409 460 380 464 405 488 405 463 407 436 401 468 399 493 375 493 351 492 377 492 401 492 376 466 376 492 377 492 376 1362 376 493 374 492 376 492 376 493 350 492 376 1362 400 1362 376 492 376 492 376 467 376 493 376 493 399 493 350 493 375 1388 349 519 351 518 351 492 374 519 349 519 349 519 324 519 349 519 350 1388 374 519 323 519 349 1388 350 1388 373 520 349 519 350 492 349,495 393 430 393 495 393 430 452 430 452 430 25459 3551 1713 430 1331 430 393 430 393 430 393 430 1331 430 393 495 393 495 393 430 393 430 1331 430 393 430 1331 430 1331 430 452 430 1331 430 1331 430 1331 430 1331 430 1331 430 452 430 393 430 1331 366 452 495 393 430 393 430 393 430 393 430 393 430 452 430 452 495 393 430 393 430 1331 430 393 366 1331 430 393 430 393 430 393 430 1331 430 1331 430 393 430 393 430 393 366 452 366 452 430 452 430 393 430 393 430 393 430 393 366 452 366 452 430 393 430 452 430 393 430 393 430 1331 430 1331 430 1331 430 393 430 1331 430 452 495 1331 430 1331 366 35065 3551 1713 430 1331 430 452 430 452 430 452 430 1331 430 452 430 452 366 452 430 452 495 1331 430 452 430 1331 430 1331 430 393 430 1331 430 1331 430 1331 430 1331 430 1331 430 393 495 393 430 1331 430 452 366 452 430 452 430 393 495 393 430 393 430 393 430 393 430 452 366 452 430 393 495 1331 430 393 430 393 430 452 430 393 430 1331 430 452 430 452 430 452 430 393 430 452 430 452 495 393 430 393 430 452 430 452 430 393 430 452 430 393 430 1331 430 393 430 452 366 452 430 452 430 393 430 1331 430 452 430 452 430 1331 430 1331 430 393 430 35065 3551 1713 430 1331 430 452 366 452 430 393 430 1331 430 452 430 452 366 452 366 452 430 1331 430 452 430 1331 366 1331 430 393 430 1331 430 1331 430 1331 430 1331 430 1331 430 452 430 452 430 1331 430 393 430 452 430 452 430 452 430 393 430 452 430 452 430 452 430 452 430 452 430 452 430 393 430 393 430 393 430 393 430 393 430 452 430 452 430 1331 430 393 430 393 430 1331 430 452 430 393 430 452 430 452 430 452 430 1331 430 1331 430 393 430 452 430 1331 430 452 430 452 430 393 430 452 430 452 430 452 430 452 430 452 430 393 430 452 430 452 430 452 430 452 430 452 430 1331 430 1331 430 452 430 452 430 452 430 452 430 452 430 452 430 452 430 452 430 452 430 452 430 452 430 393 430 452 430 452 430 452 430 452 430 452 430 452 430 452 430 1331 430 1331 430 452 430 452 430 452 366 452 430 452 430 452 430 452 430 452 430 452 430 452 366 1331 366 1331 366 452 430 1331 430 452 430 452 366 452 430 452 430 452 430 452 366 452 366 452 366 452 366 452 366 452 366 452 366 452 366 452 366 452 366 1331 366 452 366 452 366 452 366 452 366 452 366 1331 366 1331 366 452 366 452 366 452 366 452 366 452 366 452 366 452 366 1331 366 529 366 452 366 452 366 529 366 529 366 529 366 529 366 529 366 1331 366 529 366 529 366 1331 366 1331 366 529 366 529 366 452 366
Hisense_EN_33926A.ir,Power,NEC 20 bits 0x20df10ef,1,True,learned fidelity_check (107 timings),NEC 20 bits 0x20df10ef,True,-4.0,-16197.4,95427,9021 4377 655 452 654 452 654 1567 654 453 653 453 653 453 652 454 651 455 651 1568 654 1569 653 455 651 1570 652 1570 652 1570 652 1571 651 1572 649 480 626 481 624 482 623 1599 623 483 623 484 622 484 622 484 622 1601 621 1601 621 1601 621 484 622 1601 621 1601 621 1601 621 1601 621 39912 8910 2137 622 95435 8933 2137 622 95434 8934 2137 622 95434 8934 2137 622 95434 8934 2137 622 95434 8933 2137 622 95434 8933 2138 621 95436 8932 2138 621 95435 8933 2138 621 95435 8933 2137 622,9021 4377 655 452 654 452 654 1567 654 453 653 453 653 453 652 454 651 455 651 1568 654 1569 653 455 651 1570 652 1570 652 1570 652 1571 651 1572 649 480 626 481 624 482 623 1599 623 483 623 484 622 484 622 484 622 1601 621 1601 621 1601 621 484 622 1601 621 1601 621 1601 621 1601 621 39912 8910 2137 622 95435 8933 2137 622 95434 8934 2137 622 95434 8934 2137 622 95434 8934 2137 622 95434 8933 2137 622 95434 8933 2138 621 95436 8932 2138 621 95435 8933 2138 621 95435 8933 2137 622,8941 4452 623 481 690 415 695 1545 623 455 695 411 694 412 689 417 684 422 678 1582 595 1616 622 457 691 1571 569 1642 623 1584 617 1622 622 1586 574 539 625 498 607 498 608 1605 668 434 626 479 626 480 625 481 624 1614 546 1664 668 1566 615 490 612 1600 669 1567 643 1569 653 1563 662 39879 8859 2192 547 65535 8968 2106 669 65535 8959 2101 664 65535 8909 2170 546 65535 8970 2105 664 65535 8984 2098 666 65535 8883 2224 542 65535 8968 2134 632 65535 8985 2097 666 65535 8884 2196 630,8949 4462 614 467 681 467 681 1596 614 467 681 467 681 467 681 467 681 467 681 1596 614 1596 614 467 681 1596 614 1596 614 1596 614 1596 614 1596 614 549 614 467 614 467 614 1596 614 467 614 467 614 467 614 467 614 1596 614 1596 614 1596 614 467 614 1596 614 1596 614 1596 614 1596 614 39889 8949 2144 614 9 8949 2144 614 9 8949 2144 614 9 8949 2144 614 9 8949 2144 614 9 8949 2144 614 9 8949 2144 614 9 8949 2144 614 9 8949 2144 614 9 8949 2144 614
Hisense_EN_33926A.ir,1,NEC 20 bits 0x20df8877,1,True,learned fidelity_check (75 timings),NEC 20 bits 0x20df8877,True,-8.2,-2587.6,95424,9017 4378 655 451 654 454 652 1568 654 454 652 454 651 455 650 456 650 456 649 1571 651 1572 650 480 625 1575 647 1597 624 1598 624 1598 623 1599 623 1600 622 484 622 484 622 484 622 1600 622 485 621 485 621 484 622 485 621 1601 621 1601 622 1601 621 484 622 1600 622 1601 621 1600 622 39912 8911 2137 622 95433 8936 2136 623,9017 4378 655 451 654 454 652 1568 654 454 652 454 651 455 650 456 650 456 649 1571 651 1572 650 480 625 1575 647 1597 624 1598 624 1598 623 1599 623 1600 622 484 622 484 622 484 622 1600 622 485 621 485 621 484 622 485 621 1601 621 1601 622 1601 621 484 622 1600 622 1601 621 1600 622 39912 8911 2137 622 95433 8936 2136 623,9090 4304 691 414 722 386 718 1547 591 482 683 422 682 423 682 423 688 417 688 1555 650 1586 566 534 573 1642 651 1586 567 1669 633 1577 630 1607 629 1582 633 448 689 417 688 418 685 1573 626 447 627 479 626 479 626 479 626 1617 628 1608 633 1577 633 450 686 1573 625 1585 633 1604 587 39909 8908 2166 667 65535 8860 2218 637,8898 4314 623 433 712 433 712 1596 623 433 623 433 623 433 623 433 623 433 623 1596 623 1596 623 544 623 1596 623 1596 623 1596 623 1596 623 1596 623 1596 623 433 623 433 623 433 623 1596 623 433 623 433 623 433 623 433 623 1596 623 1596 623 1596 623 433 623 1596 623 1596 623 1596 623 39919 8898 2228 623 9 8898 2228 623
Hisense_EN_33926A.ir,2,NEC 20 bits 0x20df48b7,1,True,learned fidelity_check (75 timings),NEC 20 bits 0x20df48b7,True,-22.6,-2546.8,95462,8989 4407 627 479 627 479 627 1595 627 479 627 479 627 480 626 481 625 480 626 1596 680 1542 680 426 680 1543 678 1544 677 1545 675 1572 599 1598 624 481 625 1597 625 481 625 482 624 1598 624 482 624 483 623 507 599 1623 599 508 598 1624 623 1599 623 483 623 1600 621 1601 596 1626 621 39924 8883 2163 597 95471 8908 2162 598,8989 4407 627 479 627 479 627 1595 627 479 627 479 627 480 626 481 625 480 626 1596 680 1542 680 426 680 1543 678 1544 677 1545 675 1572 599 1598 624 481 625 1597 625 481 625 482 624 1598 624 482 624 483 623 507 599 1623 599 508 598 1624 623 1599 623 483 623 1600 621 1601 596 1626 621 39924 8883 2163 597 95471 8908 2162 598,8937 4419 733 409 626 480 626 1616 598 483 648 458 620 503 576 529 547 558 548 1694 686 1524 596 504 600 1642 685 1525 679 1558 674 1562 599 1612 592 481 599 1643 632 445 624 483 655 1608 591 482 598 507 622 509 670 1573 598 481 624 1638 589 1622 633 444 624 1640 538 1673 597 1639 516 40000 8908 2146 570 65535 8906 2193 570,8898 4429 669 492 588 492 588 1632 588 492 669 492 588 492 588 568 588 568 588 1632 669 1632 588 492 588 1632 669 1632 669 1632 669 1632 588 1632 588 492 588 1632 588 492 588 492 669 1632 588 492 588 492 588 492 669 1632 588 492 588 1632 588 1632 588 492 588 1632 588 1632 588 1632 588 40010 8898 2203 588 9 8898 2203 588
Hisense_EN_33926A.ir,6,NEC 20 bits 0x20df6897,1,True,learned fidelity_check (71 timings),NEC 20 bits 0x20df6897,True,3.6,10.4,158,9041 4355 678 429 676 429 625 1597 625 481 625 481 625 481 625 481 625 481 625 1596 626 1597 625 481 625 1597 625 1596 626 1597 625 1596 626 1597 625 481 625 1599 623 1622 600 507 599 1623 623 483 623 483 623 483 623 1599 623 484 622 484 622 1600 622 484 622 1601 621 1600 622 1601 621 39912 8908 2139 623,9041 4355 678 429 676 429 625 1597 625 481 625 481 625 481 625 481 625 481 625 1596 626 1597 625 481 625 1597 625 1596 626 1597 625 1596 626 1597 625 481 625 1599 623 1622 600 507 599 1623 623 483 623 483 623 483 623 1599 623 484 622 484 622 1600 622 484 622 1601 621 1600 622 1601 621 39912 8908 2139 623,9076 4319 714 391 741 364 686 1576 625 448 625 480 626 479 626 479 627 478 627 1616 625 1611 633 440 626 1616 630 1607 624 1586 633 1604 564 1646 633 442 624 1643 537 1700 597 475 671 1572 597 503 630 475 603 502 576 1666 633 441 625 481 624 1643 516 557 577 1665 634 1576 601 1636 632 39884 8888 2167 666,9066 4329 676 451 676 451 676 1626 615 451 615 490 615 490 615 490 615 490 615 1626 615 1626 615 451 615 1626 615 1626 615 1626 615 1626 615 1626 615 451 615 1626 615 1626 615 490 676 1626 615 490 615 490 615 490 615 1626 615 451 615 490 615 1626 615 490 615 1626 615 1626 615 1626 615 39894 9066 2177 676
LG_MR21GC_Magic_Remote.ir,Settings,NEC 20 bits 0x20dfc23d,1,True,learned fidelity_check (71 timings),NEC 20 bits 0x20dfc23d,True,-20.7,14.6,75,9100 4401 685 475 658 475 657 1609 657 478 654 480 653 480 654 480 654 480 654 1615 653 1615 653 480 654 1615 653 1615 653 1615 653 1615 653 1615 652 1615 653 1615 653 481 652 481 653 481 652 481 653 1615 653 481 653 481 653 481 652 1615 653 1615 653 1615 653 1616 652 481 653 1615 653 39937 9097 2166 653,9100 4401 685 475 658 475 657 1609 657 478 654 480 653 480 654 480 654 480 654 1615 653 1615 653 480 654 1615 653 1615 653 1615 653 1615 653 1615 652 1615 653 1615 653 481 652 481 653 481 652 481 653 1615 653 481 653 481 653 481 652 1615 653 1615 653 1615 653 1616 652 481 653 1615 653 39937 9097 2166 653,9129 4368 648 511 596 537 595 1693 617 509 650 481 686 446 723 408 724 408 723 1572 651 1612 620 488 592 1720 615 1648 651 1612 651 1612 650 1612 595 1695 566 1697 650 449 723 409 723 408 723 409 722 1572 624 484 593 558 592 538 620 1675 623 1640 650 1613 649 1614 621 487 592 1720 591 39957 9128 2159 620,9119 4378 610 459 610 548 610 1650 610 459 610 459 610 459 713 459 713 459 713 1650 610 1650 610 459 610 1650 610 1650 610 1650 610 1650 610 1650 610 1650 610 1650 610 459 713 459 713 459 713 459 713 1650 610 459 610 548 610 548 610 1650 610 1650 610 1650 610 1650 610 459 610 1650 610 39967 9119 2169 610
LG_MR21GC_Magic_Remote.ir,Red,NEC 20 bits 0x20df4eb1,1,True,learned fidelity_check (71 timings),NEC 20 bits 0x20df4eb1,True,-15.2,13.9,61,9096 4404 683 477 657 476 657 1611 655 478 654 481 652 482 651 482 651 482 652 1616 652 1616 652 483 651 1616 652 1617 651 1617 651 1617 651 1617 651 483 650 1618 650 483 651 483 650 1617 651 1618 650 1618 650 484 650 1618 650 484 650 1641 627 1641 627 507 627 507 627 507 627 1642 626 39938 9096 2169 650,9096 4404 683 477 657 476 657 1611 655 478 654 481 652 482 651 482 651 482 652 1616 652 1616 652 483 651 1616 652 1617 651 1617 651 1617 651 1617 651 483 650 1618 650 483 651 483 650 1617 651 1618 650 1618 650 484 650 1618 650 484 650 1641 627 1641 627 507 627 507 627 507 627 1642 626 39938 9096 2169 650,9127 4371 709 449 683 449 622 1668 613 513 644 487 651 480 687 445 721 410 723 1572 650 1613 651 457 618 1669 590 1699 620 1642 651 1613 652 1610 624 487 590 1720 565 534 680 452 692 1602 651 1613 650 1612 648 479 575 1719 589 510 687 1635 633 1629 633 469 624 510 624 510 655 1659 562 39959 9128 2158 622,9118 4381 711 489 623 489 623 1645 623 489 623 489 623 489 623 489 711 489 711 1645 623 1645 623 489 623 1645 623 1645 623 1645 623 1645 623 1645 623 489 623 1645 623 544 623 489 623 1645 623 1645 623 1645 623 489 623 1645 623 489 623 1645 623 1645 623 489 623 489 623 489 623 1645 623 39969 9118 2168 623
LG_MR21GC_Magic_Remote.ir,Left,NEC 20 bits 0x20dfe01f,1,True,learned fidelity_check (71 timings),NEC 20 bits 0x20dfe01f,True,-6.1,26.5,84,9117 4381 682 477 656 478 655 1612 654 481 651 508 625 509 625 509 624 509 625 1643 625 1643 625 509 625 1643 625 1643 625 1643 625 1643 625 1643 625 1643 625 1643 625 1643 625 509 625 509 625 509 625 509 624 509 625 510 624 509 625 510 624 1644 623 1644 624 1644 624 1644 624 1644 624 39940 9092 2197 624,9117 4381 682 477 656 478 655 1612 654 481 651 508 625 509 625 509 624 509 625 1643 625 1643 625 509 625 1643 625 1643 625 1643 625 1643 625 1643 625 1643 625 1643 625 1643 625 509 625 509 625 509 625 509 624 509 625 510 624 509 625 510 624 1644 623 1644 624 1644 624 1644 624 1644 624 39940 9092 2197 624,9098 4400 626 532 684 447 720 1575 651 448 723 435 626 506 625 509 623 510 626 1664 597 1692 564 536 598 1697 633 1630 634 1628 630 1634 543 1746 591 1672 632 1630 633 1630 633 475 659 492 602 528 548 583 573 559 598 533 627 505 626 505 626 1669 633 1630 626 1663 538 1725 625 1638 633 39909 9074 2245 587,9088 4410 616 516 710 516 710 1673 616 516 710 516 616 516 616 516 616 516 616 1673 616 1673 616 516 616 1673 616 1673 616 1673 616 1673 616 1673 616 1673 616 1673 616 1673 616 516 616 516 616 516 616 593 616 593 616 516 616 516 616 516 616 1673 616 1673 616 1673 616 1673 616 1673 616 39919 9088 2255 616
LG_MR21GC_Magic_Remote.ir,Right,NEC 20 bits 0x20df609f,1,True,learned fidelity_check (71 timings),NEC 20 bits 0x20df609f,True,-2.2,21.5,70,9119 4379 683 477 656 477 656 1611 656 479 653 482 651 484 649 484 650 484 649 1618 650 1618 650 507 627 1641 626 1642 626 1642 626 1642 626 1642 626 508 626 1642 626 1642 626 508 626 508 626 508 626 508 626 508 626 1642 626 508 626 508 625 1643 625 1642 626 1642 626 1643 625 1643 625 39940 9093 2196 625,9119 4379 683 477 656 477 656 1611 656 479 653 482 651 484 649 484 650 484 649 1618 650 1618 650 507 627 1641 626 1642 626 1642 626 1642 626 1642 626 508 626 1642 626 1642 626 508 626 508 626 508 626 508 626 508 626 1642 626 508 626 508 625 1643 625 1642 626 1642 626 1643 625 1643 625 39940 9093 2196 625,9115 4401 624 532 675 456 688 1607 651 448 723 409 723 410 722 411 720 414 683 1606 622 1668 543 582 573 1722 633 1630 633 1630 632 1631 598 1691 562 537 598 1697 634 1629 633 469 623 511 652 482 658 477 618 529 567 1728 626 473 626 505 627 1668 633 1630 630 1633 543 1746 594 1669 634 39940 9042 2245 587,9105 4411 616 547 616 479 712 1678 616 479 712 479 712 479 712 479 712 479 712 1678 616 1678 616 547 616 1678 616 1678 616 1678 616 1678 616 1678 616 547 616 1678 616 1678 616 479 616 479 616 479 616 479 616 547 616 1678 616 479 616 479 616 1678 616 1678 616 1678 616 1678 616 1678 616 39950 9105 2255 616
Panasonic_N2QAYB000926.ir,Vol_up,PANASONIC 30 bits 0x400401000405,1,True,learned fidelity_check (99 timings),PANASONIC 30 bits 0x400401000405,True,-18.7,19.9,81,3596 1604 513 388 429 1282 459 442 428 442 428 442 428 442 428 442 428 441 429 441 429 442 428 442 428 443 426 445 449 1289 452 446 423 447 423 448 422 448 422 448 422 448 422 448 422 448 422 448 422 1319 422 448 422 448 422 448 422 448 422 448 422 448 422 448 423 448 422 448 422 448 422 448 422 448 422 448 422 1319 422 448 422 449 422 448 422 448 422 448 422 448 422 448 422 1319 422 448 422 1320 421,3596 1604 513 388 429 1282 459 442 428 442 428 442 428 442 428 442 428 441 429 441 429 442 428 442 428 443 426 445 449 1289 452 446 423 447 423 448 422 448 422 448 422 448 422 448 422 448 422 448 422 1319 422 448 422 448 422 448 422 448 422 448 422 448 422 448 423 448 422 448 422 448 422 448 422 448 422 448 422 1319 422 448 422 449 422 448 422 448 422 448 422 448 422 448 422 1319 422 448 422 1320 421,3572 1642 517 350 476 1261 477 413 415 453 415 453 416 452 416 453 416 452 413 455 365 504 364 504 383 487 406 465 386 1378 437 435 405 481 415 453 415 453 416 452 416 453 415 453 415 453 416 453 415 1353 388 452 362 509 378 491 361 509 380 490 404 481 415 453 415 453 416 452 415 453 416 453 416 452 416 452 416 1353 385 456 359 512 381 489 381 491 402 481 414 453 416 453 416 1352 424 413 415 1353 421,3562 1652 467 423 467 1363 467 423 405 463 405 463 405 463 405 463 405 463 405 463 405 463 405 463 405 463 405 463 405 1363 405 423 405 463 405 463 405 463 405 463 405 463 405 463 405 463 405 463 405 1363 405 463 405 463 405 463 405 463 405 463 405 463 405 463 405 463 405 463 405 463 405 463 405 463 405 463 405 1363 405 463 405 463 405 463 405 463 405 463 405 463 405 463 405 1363 405 423 405 1363 405
Panasonic_N2QAYB000926.ir,Vol_dn,PANASONIC 30 bits 0x400401008485,1,True,learned fidelity_check (99 timings),UNKNOWN,False,-16.0,39.1,106,3480 1715 457 441 429 1284 457 442 428 442 428 442 428 442 428 442 428 441 429 442 428 442 453 417 453 417 453 418 451 1289 451 421 449 447 423 447 423 447 423 447 423 448 422 448 422 448 423 447 423 1318 423 447 423 448 422 448 423 447 423 448 423 448 422 448 422 448 422 1319 422 448 422 448 422 448 423 448 422 1319 422 448 423 448 422 1319 422 448 422 448 422 448 422 448 422 1319 422 448 423 1319 422,3480 1715 457 441 429 1284 457 442 428 442 428 442 428 442 428 442 428 441 429 442 428 442 453 417 453 417 453 418 451 1289 451 421 449 447 423 447 423 447 423 447 423 448 422 448 422 448 423 447 423 1318 423 447 423 448 422 448 423 447 423 448 423 448 422 448 422 448 422 1319 422 448 422 448 422 448 423 448 422 1319 422 448 423 448 422 1319 422 448 422 448 422 448 422 448 422 1319 422 448 423 1319 422,3471 1744 475 397 432 1300 476 414 415 453 415 453 414 454 365 504 364 504 383 486 413 456 414 458 433 436 462 409 524 1236 476 387 512 382 416 453 416 452 416 452 416 452 416 453 414 456 363 507 361 1404 381 465 405 481 415 452 416 453 416 452 415 453 416 453 416 452 415 1354 387 453 360 510 380 490 382 489 404 1381 423 413 416 453 415 1353 424 413 415 453 413 458 362 507 361 1404 379 467 405 1380 424,3461 1754 466 463 405 1390 466 463 405 463 405 463 405 463 405 514 405 514 405 514 405 463 405 463 405 463 466 463 466 1390 466 463 466 463 405 463 405 463 405 463 405 463 405 463 405 463 405 514 405 1390 405 463 405 514 405 463 405 463 405 463 405 463 405 463 405 463 405 1390 405 463 405 514 405 514 405 514 405 1390 405 463 405 463 405 1390 405 463 405 463 405 463 405 514 405 1390 405 463 405 1390 405
Panasonic_N2QAYB000926.ir,Mute,PANASONIC 30 bits 0x400401004c4d,1,True,learned fidelity_check (99 timings),PANASONIC 30 bits 0x400401004c4d,True,-30.9,17.8,80,3537 1660 458 441 429 1311 430 442 428 442 428 442 428 442 428 442 428 442 428 442 428 442 428 442 453 417 453 417 453 1287 453 420 449 422 447 447 423 448 422 448 422 448 422 448 422 448 422 448 422 1319 422 448 422 447 423 448 422 448 422 448 422 448 422 448 422 448 423 448 422 1319 422 448 422 448 423 1319 422 1319 423 448 422 448 422 448 422 1319 422 448 422 448 422 1319 422 1319 422 448 422 1319 422,3537 1660 458 441 429 1311 430 442 428 442 428 442 428 442 428 442 428 442 428 442 428 442 428 442 453 417 453 417 453 1287 453 420 449 422 447 447 423 448 422 448 422 448 422 448 422 448 422 448 422 1319 422 448 422 447 423 448 422 448 422 448 422 448 422 448 422 448 423 448 422 1319 422 448 422 448 423 1319 422 1319 423 448 422 448 422 448 422 1319 422 448 422 448 422 1319 422 1319 422 448 422 1319 422,3492 1719 475 398 432 1353 424 412 416 452 416 453 413 455 365 503 365 504 383 486 433 437 438 433 433 436 465 405 531 1230 476 387 512 356 513 381 416 453 415 453 416 452 416 453 415 454 388 482 362 1404 355 490 381 488 405 480 416 453 415 453 416 452 415 454 415 453 415 453 416 1353 413 426 362 508 380 1384 406 1357 424 412 416 452 416 453 416 1352 425 412 412 458 363 1404 332 1404 409 454 416 1352 424,3482 1729 406 422 406 1367 406 422 406 464 406 464 406 464 370 464 370 464 370 464 406 422 406 422 406 422 406 422 521 1367 406 422 406 422 406 422 406 464 406 464 406 464 406 464 406 464 370 464 370 1367 370 464 370 464 370 464 406 464 406 464 406 464 406 464 406 464 406 464 406 1367 406 422 370 464 370 1367 370 1367 406 422 406 464 406 464 406 1367 406 422 370 464 370 1367 370 1367 370 464 406 1367 406
Panasonic_N2QAYB000926.ir,Ch_next,PANASONIC 30 bits 0x400401002c2d,1,True,learned fidelity_check (99 timings),UNKNOWN,False,-30.1,27.9,74,3481 1715 457 441 429 1311 430 442 429 442 428 442 428 442 428 442 428 441 429 442 428 442 453 417 453 417 452 419 450 1289 451 422 447 447 423 447 423 447 423 448 422 448 422 448 422 448 422 448 422 1319 422 448 422 448 422 448 422 448 422 448 423 448 422 448 422 448 422 448 422 448 422 1319 422 448 422 1319 422 1319 422 448 422 448 422 448 422 448 422 1319 422 448 422 1319 422 1319 422 448 422 1319 422,3481 1715 457 441 429 1311 430 442 429 442 428 442 428 442 428 442 428 441 429 442 428 442 453 417 453 417 452 419 450 1289 451 422 447 447 423 447 423 447 423 448 422 448 422 448 422 448 422 448 422 1319 422 448 422 448 422 448 422 448 422 448 423 448 422 448 422 448 422 448 422 448 422 1319 422 448 422 1319 422 1319 422 448 422 448 422 448 422 448 422 1319 422 448 422 1319 422 1319 422 448 422 1319 422,3486 1748 437 426 364 1404 333 505 440 431 469 401 469 401 434 436 433 436 432 453 415 453 513 355 513 370 498 356 513 1255 414 424 509 385 364 506 363 507 379 492 380 490 381 489 404 481 414 454 416 1353 423 413 416 452 416 452 416 453 415 453 389 482 362 508 360 510 380 490 381 489 404 1382 424 412 415 1353 425 1312 424 412 415 455 387 484 361 508 359 1405 381 467 403 1380 424 1313 424 412 416 1353 422,3476 1758 414 422 370 1363 370 494 414 422 414 422 414 422 414 422 414 422 414 494 414 494 414 422 414 422 414 422 414 1363 414 422 414 422 370 494 370 494 370 494 370 494 370 494 370 494 414 494 414 1363 414 422 414 494 414 494 414 494 414 494 370 494 370 494 370 494 370 494 370 494 370 1363 414 422 414 1363 414 1363 414 422 414 494 370 494 370 494 370 1363 370 494 370 1363 414 1363 414 422 414 1363 414
Philips_XXPFL9955H.ir,Home,RC6 4 bits 0x0,1,True,learned fidelity_check (45 timings),RC6 2 bits 0x0,False,-9.8,-8789.2,96956,2736 828 493 835 490 421 462 448 408 863 796 640 268 96852 2708 856 491 862 300 585 296 587 296 1030 517 864 210 96965 2707 855 489 864 434 448 464 421 437 916 823 476 428 512 295 721 241,2736 828 493 835 490 421 462 448 408 863 796 640 268 96852 2708 856 491 862 300 585 296 587 296 1030 517 864 210 96965 2707 855 489 864 434 448 464 421 437 916 823 476 428 512 295 721 241,2700 872 495 824 562 356 392 511 479 804 814 610 275 65535 2647 925 488 855 308 586 355 520 372 994 483 859 176 65535 2645 925 436 906 482 412 419 455 475 919 809 449 409 539 355 653 320,2637 916 473 916 473 422 382 521 473 916 804 620 298 9 2637 916 473 916 298 620 382 521 382 916 473 916 166 9 2637 916 382 916 473 422 382 521 473 916 804 521 382 521 382 620 298
Philips_XXPFL9955H.ir,Vol_dn,RC6 7 bits 0x8,1,True,learned fidelity_check (37 timings),RC6 4 bits 0x1,False,3.8,-5133,92386,2737 825 494 832 494 390 492 392 1352 1328 461 450 405 450 435 477 297 587 296 644 295 92395 2734 829 491 836 490 394 491 419 1286 1395 296 587 378 1474 239,2737 825 494 832 494 390 492 392 1352 1328 461 450 405 450 435 477 297 587 296 644 295 92395 2734 829 491 836 490 394 491 419 1286 1395 296 587 378 1474 239,2737 789 523 812 520 354 528 361 1339 1377 359 511 479 382 434 488 354 514 257 690 355 65535 2676 875 562 760 519 369 565 356 1276 1413 317 546 355 1535 203,2727 799 513 799 513 371 513 371 1329 1423 345 524 513 371 345 524 345 524 307 799 345 9 2727 885 513 799 513 371 513 371 1329 1423 307 524 345 1423 193
Samsung_BN59-01247A.ir,C,SAMSUNG 20 bits 0xe0e0a857,1,True,learned fidelity_check (67 timings),SAMSUNG 20 bits 0xe0e0a857,True,-15.6,14.8,69,4643 4362 687 1554 685 1553 685 1553 684 433 685 435 632 488 631 487 632 487 632 1606 632 1606 632 1607 631 488 631 488 631 489 656 487 632 487 631 1607 630 489 629 1610 628 491 628 1611 627 492 627 492 627 492 627 492 627 1611 627 492 627 1612 626 492 627 1611 627 1612 626 1611 627,4643 4362 687 1554 685 1553 685 1553 684 433 685 435 632 488 631 487 632 487 632 1606 632 1606 632 1607 631 488 631 488 631 489 656 487 632 487 631 1607 630 489 629 1610 628 491 628 1611 627 492 627 492 627 492 627 492 627 1611 627 492 627 1612 626 492 627 1611 627 1612 626 1611 627,4625 4374 681 1587 685 1551 686 1551 685 398 667 454 626 506 625 480 626 505 627 1642 633 1604 632 1604 633 447 568 557 626 508 617 512 625 488 591 1669 566 534 627 1642 632 467 597 1672 622 454 623 505 625 485 625 501 627 1642 634 447 650 1611 543 556 626 1643 634 1602 634 1603 634,4615 4384 675 1621 675 1621 675 1621 675 464 616 464 616 518 616 464 616 518 616 1621 616 1621 616 1621 616 464 616 518 616 518 616 518 616 464 616 1621 616 518 616 1621 616 464 616 1621 616 464 616 518 616 464 616 518 616 1621 616 464 616 1621 616 518 616 1621 616 1621 616 1621 616
Samsung_BN59-01247A.ir,D,SAMSUNG 20 bits 0xe0e06897,1,True,learned fidelity_check (67 timings),SAMSUNG 20 bits 0xe0e06897,True,-9.5,30.3,98,4643 4363 685 1554 684 1554 684 1555 631 488 631 488 631 488 631 488 631 487 632 1607 631 1607 631 1607 631 488 657 462 658 462 657 464 655 487 631 488 630 1609 629 1610 628 491 628 1611 628 492 627 492 627 492 627 1611 627 492 627 492 627 1611 627 492 628 1611 627 1612 627 1611 627,4643 4363 685 1554 684 1554 684 1555 631 488 631 488 631 488 631 488 631 487 632 1607 631 1607 631 1607 631 488 657 462 658 462 657 464 655 487 631 488 630 1609 629 1610 628 491 628 1611 628 492 627 492 627 492 627 1611 627 492 627 492 627 1611 627 492 628 1611 627 1612 627 1611 627,4645 4374 651 1617 686 1551 685 1551 634 444 570 557 625 486 569 556 626 486 568 1694 570 1666 592 1645 619 480 723 409 723 384 717 413 722 411 598 531 627 1642 633 1604 632 449 620 1640 565 535 626 505 574 532 625 1643 634 465 599 510 623 1642 630 469 627 1642 634 1602 635 1602 634,4635 4384 616 1652 616 1652 616 1652 616 454 616 541 616 541 616 541 616 541 616 1652 616 1652 616 1652 616 454 713 454 713 454 713 454 713 454 616 541 616 1652 616 1652 616 454 616 1652 616 541 616 541 616 541 616 1652 616 454 616 541 616 1652 616 454 616 1652 616 1652 616 1652 616
Samsung_BN59-01247A.ir,Settings,SAMSUNG 20 bits 0xe0e058a7,1,True,learned fidelity_check (67 timings),SAMSUNG 20 bits 0xe0e058a7,True,-11.1,30.2,99,4646 4365 683 1555 682 1554 633 1607 631 487 632 487 632 488 631 488 631 488 631 1606 632 1607 631 1607 659 461 658 461 658 461 658 462 656 486 632 488 630 1609 628 490 629 1611 627 1611 627 492 627 492 627 492 627 1611 627 492 627 1611 627 492 627 492 627 1611 628 1611 627 1611 627,4646 4365 683 1555 682 1554 633 1607 631 487 632 487 632 488 631 488 631 488 631 1606 632 1607 631 1607 659 461 658 461 658 461 658 462 656 486 632 488 630 1609 628 490 629 1611 627 1611 627 492 627 492 627 492 627 1611 627 492 627 1611 627 492 627 492 627 1611 628 1611 627 1611 627,4643 4374 710 1558 684 1553 632 1604 634 446 567 557 627 488 590 532 626 506 597 1645 620 1643 632 1604 651 426 653 475 722 388 596 530 723 413 571 556 626 1643 632 449 593 1668 563 1700 562 511 625 506 579 528 624 1643 632 467 625 1644 632 447 651 474 627 1641 634 1603 633 1604 633,4633 4384 712 1653 617 1653 617 1653 617 457 617 538 617 538 617 538 617 538 617 1653 617 1653 617 1653 617 457 617 457 712 457 617 538 712 457 617 538 617 1653 617 457 617 1653 617 1653 617 538 617 538 617 538 617 1653 617 457 617 1653 617 457 617 457 617 1653 617 1653 617 1653 617
Samsung_BN59-01247A.ir,Ad_subt,SAMSUNG 20 bits 0xe0e0a45b,1,True,learned fidelity_check (67 timings),SAMSUNG 20 bits 0xe0e0a45b,True,-9.6,24.2,97,4646 4363 685 1552 686 1554 683 1553 684 435 632 488 631 487 632 488 631 488 631 1607 631 1607 631 1607 631 488 631 488 657 462 657 464 654 487 631 1607 630 490 628 1610 628 491 628 492 627 1611 627 492 627 492 627 492 627 1611 628 492 627 1612 627 1612 627 492 627 1612 627 1612 627,4646 4363 685 1552 686 1554 683 1553 684 435 632 488 631 487 632 488 631 488 631 1607 631 1607 631 1607 631 488 631 488 657 462 657 464 654 487 631 1607 630 490 628 1610 628 491 628 492 627 1611 627 492 627 492 627 492 627 1611 628 492 627 1612 627 1612 627 492 627 1612 627 1612 627,4621 4374 712 1556 683 1554 681 1556 678 421 626 483 571 556 627 484 569 557 626 1643 632 1604 633 1604 633 467 597 507 723 409 692 415 721 435 598 1670 624 453 622 1643 633 466 626 485 650 1613 598 501 626 488 623 500 625 1643 634 466 573 1696 593 1643 632 447 624 1639 598 1638 544,4611 4384 682 1649 682 1649 682 1649 682 477 615 477 615 567 615 477 615 567 615 1649 615 1649 615 1649 615 477 615 477 682 477 682 477 682 477 615 1649 615 477 615 1649 615 477 615 477 615 1649 615 477 615 477 615 477 615 1649 615 477 615 1649 615 1649 615 477 615 1649 615 1649 615
Sharp_Aquos_JP.ir,Power,PANASONIC 30 bits 0x555af148688b,1,True,learned fidelity_check (99 timings),UNKNOWN,False,-34.4,17.0,86,3381 1656 439 401 438 1239 439 401 438 1240 439 401 438 1239 440 401 438 1239 440 400 439 1238 440 401 438 1239 440 1240 438 426 438 1240 439 400 439 1240 439 1240 438 1240 438 1240 438 401 438 401 438 402 437 1242 436 402 437 1242 437 402 437 403 436 1242 437 402 437 403 436 403 436 403 436 1242 437 1242 437 403 436 1242 437 403 436 403 436 403 436 1242 437 403 436 403 436 403 436 1243 436 403 436 1242 437 1242 437,3381 1656 439 401 438 1239 439 401 438 1240 439 401 438 1239 440 401 438 1239 440 400 439 1238 440 401 438 1239 440 1240 438 426 438 1240 439 400 439 1240 439 1240 438 1240 438 1240 438 401 438 401 438 402 437 1242 436 402 437 1242 437 402 437 403 436 1242 437 402 437 403 436 403 436 403 436 1242 437 1242 437 403 436 1242 437 403 436 403 436 403 436 1242 437 403 436 403 436 403 436 1243 436 403 436 1242 437 1242 437,3418 1661 332 478 365 1324 438 376 509 1204 438 372 508 1207 333 478 364 1325 439 376 503 1208 438 372 514 1202 356 1302 385 459 434 1274 438 372 513 1203 408 1276 333 1325 439 1245 438 372 512 330 512 330 474 1242 357 454 388 1301 439 375 506 334 511 1203 410 400 438 404 383 459 365 477 414 1276 438 1245 439 372 512 1204 355 455 365 476 365 479 414 1274 439 374 510 329 513 329 482 1234 332 478 364 1326 439 1245 439,3408 1671 355 487 355 1255 429 382 429 1255 429 382 429 1255 355 487 355 1255 429 382 429 1255 429 382 429 1255 355 1255 355 487 429 1255 429 382 429 1255 355 1255 355 1255 429 1255 429 382 429 382 429 382 429 1255 355 487 355 1255 429 382 429 382 429 1255 355 382 429 382 355 487 355 487 429 1255 429 1255 429 382 429 1255 355 487 355 487 355 487 429 1255 429 382 429 382 429 382 429 1255 355 487 355 1255 429 1255 429
Sharp_Aquos_JP.ir,Hud,PANASONIC 30 bits 0x555af148d880,1,True,learned fidelity_check (99 timings),PANASONIC 30 bits 0x555af148d880,True,-2.4,21.2,92,3416 1622 469 373 465 1212 466 373 465 1236 442 397 441 1237 442 398 441 1238 441 398 441 1238 441 398 441 1238 440 1239 440 399 440 1239 440 399 440 1239 440 1239 440 1239 440 1239 440 399 440 400 439 400 439 1239 440 400 439 1239 440 399 440 400 439 1239 440 400 439 400 439 399 440 1239 440 1239 440 400 439 1239 440 1239 440 399 440 400 439 400 439 1239 440 400 439 400 440 399 440 400 439 400 439 399 440 400 439,3416 1622 469 373 465 1212 466 373 465 1236 442 397 441 1237 442 398 441 1238 441 398 441 1238 441 398 441 1238 440 1239 440 399 440 1239 440 399 440 1239 440 1239 440 1239 440 1239 440 399 440 400 439 400 439 1239 440 400 439 1239 440 399 440 400 439 1239 440 400 439 400 439 399 440 1239 440 1239 440 400 439 1239 440 1239 440 399 440 400 439 400 439 1239 440 400 439 400 440 399 440 400 439 400 439 399 440 400 439,3447 1609 407 430 473 1216 476 336 466 1274 439 371 466 1224 358 460 408 1300 438 372 513 1203 438 372 507 1208 333 1326 411 404 473 1237 439 372 512 1203 408 1276 333 1325 412 1272 439 372 512 329 513 329 513 1203 356 455 382 1307 412 403 476 365 508 1204 438 372 513 329 469 373 409 1280 410 1274 439 374 510 1203 439 1245 382 429 409 433 364 461 407 1299 439 373 511 329 513 329 513 329 481 361 437 405 383 460 364,3437 1619 397 465 466 1282 466 382 466 1282 466 382 466 1282 397 465 397 1282 466 382 466 1282 466 382 466 1282 397 1282 397 382 466 1282 466 382 466 1282 397 1282 397 1282 397 1282 466 382 466 382 466 382 466 1282 397 465 397 1282 397 382 466 382 466 1282 466 382 466 382 466 382 397 1282 397 1282 466 382 466 1282 466 1282 397 465 397 465 397 465 397 1282 466 382 466 382 466 382 466 382 466 382 466 382 397 465 397
Sharp_Aquos_JP.ir,Timer,PANASONIC 30 bits 0x555af1485888,1,True,learned fidelity_check (99 timings),PANASONIC 30 bits 0x555af1485888,True,-14.6,15.0,105,3412 1626 464 374 465 1238 440 398 441 1238 440 398 441 1239 440 399 440 1239 440 399 440 1239 440 399 440 1239 440 1240 439 399 440 1239 440 400 439 1240 439 1240 438 1240 439 1239 440 399 440 399 440 399 439 1240 439 399 440 1239 440 400 439 400 439 1239 440 400 439 400 439 400 439 400 439 1239 440 400 439 1240 439 1239 439 400 439 400 439 400 439 1239 440 400 439 400 439 399 440 1239 440 400 439 399 440 400 439,3412 1626 464 374 465 1238 440 398 441 1238 440 398 441 1239 440 399 440 1239 440 399 440 1239 440 399 440 1239 440 1240 439 399 440 1239 440 400 439 1240 439 1240 438 1240 439 1239 440 399 440 399 440 399 439 1240 439 399 440 1239 440 400 439 400 439 1239 440 400 439 400 439 400 439 400 439 1239 440 400 439 1240 439 1239 439 400 439 400 439 400 439 1239 440 400 439 400 439 399 440 1239 440 400 439 399 440 400 439,3334 1721 475 334 469 1274 355 456 363 1325 439 374 510 1203 438 372 513 1203 381 430 407 1282 410 406 470 1240 438 1246 438 372 483 1233 332 479 363 1326 438 1246 439 1245 437 1246 381 430 383 444 380 458 434 1274 439 371 513 1204 411 398 442 400 408 1282 412 405 438 401 506 333 512 329 513 1203 405 405 435 1255 385 1299 438 374 510 330 513 329 512 1203 380 431 383 460 364 458 434 1274 438 373 512 330 512 330 509,3324 1731 459 382 459 1256 373 466 373 1256 459 382 459 1256 459 382 459 1256 373 466 373 1256 373 382 459 1256 459 1256 459 382 459 1256 373 466 373 1256 459 1256 459 1256 459 1256 373 466 373 466 373 466 459 1256 459 382 459 1256 373 382 459 382 373 1256 373 382 459 382 459 382 459 382 459 1256 373 382 459 1256 373 1256 459 382 459 382 459 382 459 1256 373 466 373 466 373 466 459 1256 459 382 459 382 459 382 459
Sharp_Aquos_JP.ir,Alarm,PANASONIC 30 bits 0x555af1489884,1,True,learned fidelity_check (99 timings),UNKNOWN,False,-16.7,21.3,117,3354 1682 413 425 414 1265 414 426 413 1264 415 425 414 1265 414 425 414 1265 414 425 414 1265 414 425 414 1265 414 1265 470 372 467 1209 470 372 467 1209 470 1209 469 1210 413 1265 414 425 414 425 414 425 414 1265 414 425 414 1264 415 424 415 424 415 1264 415 424 415 424 415 424 415 1264 414 425 414 425 414 1265 439 1240 439 400 439 401 438 401 438 1241 438 401 438 401 438 401 438 401 438 1241 438 401 438 401 438,3354 1682 413 425 414 1265 414 426 413 1264 415 425 414 1265 414 425 414 1265 414 425 414 1265 414 425 414 1265 414 1265 470 372 467 1209 470 372 467 1209 470 1209 469 1210 413 1265 414 425 414 425 414 425 414 1265 414 425 414 1264 415 424 415 424 415 1264 415 424 415 424 415 424 415 1264 414 425 414 425 414 1265 439 1240 439 400 439 401 438 401 438 1241 438 401 438 401 438 401 438 401 438 1241 438 401 438 401 438,3405 1651 416 394 363 1327 361 458 475 1232 424 386 415 1301 424 386 388 1328 327 467 438 1267 424 389 413 1301 424 1259 477 333 466 1224 385 452 447 1242 478 1206 478 1206 411 1273 327 467 441 398 476 363 413 1299 424 386 416 1300 382 428 362 465 408 1297 424 388 413 427 415 427 415 1301 384 426 362 480 392 1297 438 1246 439 371 513 329 513 329 473 1243 333 478 364 460 433 406 469 370 509 1204 437 373 486 356 438,3395 1661 423 396 353 1283 353 470 423 1283 423 396 423 1283 423 396 353 1283 353 470 423 1283 423 396 423 1283 423 1283 423 396 423 1283 353 470 423 1283 423 1283 423 1283 423 1283 353 470 423 396 423 396 423 1283 423 396 423 1283 353 470 353 470 423 1283 423 396 423 470 423 470 423 1283 353 470 353 470 353 1283 423 1283 423 396 503 396 503 396 423 1283 353 470 353 470 423 396 423 396 503 1283 423 396 423 396 423
Sony_RMT_TX200U.ir,Center,SONY 0 bits 0xa70,1,True,learned fidelity_check (155 timings),SONY 0 bits 0xa70,True,1.1,3.0,95,2549 455 1349 455 744 458 1348 455 745 457 746 456 1349 455 1295 508 1350 454 745 457 744 458 692 510 745 25084 2551 426 1323 508 743 458 1296 508 745 458 691 485 1373 429 1322 508 1295 509 691 483 719 510 692 483 719 25136 2552 453 1296 508 744 431 1323 480 772 432 718 510 1295 508 1295 508 1296 481 719 510 745 457 692 510 692 25160 2580 425 1324 508 745 456 1296 481 771 458 692 484 1322 508 1295 508 1296 509 691 510 692 510 692 510 692 25188 2499 478 1323 508 692 510 1295 508 692 511 691 510 1296 508 1295 481 1322 508 692 510 746 456 692 485 717 25187 2552 425 1324 508 692 482 1323 508 692 510 692 510 1296 508 1295 482 1321 508 692 484 718 510 691 511 691,2549 455 1349 455 744 458 1348 455 745 457 746 456 1349 455 1295 508 1350 454 745 457 744 458 692 510 745 25084 2551 426 1323 508 743 458 1296 508 745 458 691 485 1373 429 1322 508 1295 509 691 483 719 510 692 483 719 25136 2552 453 1296 508 744 431 1323 480 772 432 718 510 1295 508 1295 508 1296 481 719 510 745 457 692 510 692 25160 2580 425 1324 508 745 456 1296 481 771 458 692 484 1322 508 1295 508 1296 509 691 510 692 510 692 510 692 25188 2499 478 1323 508 692 510 1295 508 692 511 691 510 1296 508 1295 481 1322 508 692 510 746 456 692 485 717 25187 2552 425 1324 508 692 482 1323 508 692 510 692 510 1296 508 1295 482 1321 508 692 484 718 510 691 511 691,2546 454 1408 387 787 418 1370 446 731 455 794 414 1403 396 1371 434 1341 476 731 455 780 428 651 560 730 25086 2573 402 1365 471 706 505 1354 435 753 457 678 506 1363 426 1259 583 1354 436 673 510 776 444 696 479 678 25190 2577 419 1324 476 747 428 1330 485 828 364 794 434 1260 556 1354 436 1254 534 776 442 750 453 671 539 679 25165 2517 487 1328 505 726 484 1354 413 777 456 628 556 1310 508 1254 559 1354 441 732 472 628 583 679 511 733 25156 2525 445 1277 565 679 510 1302 508 678 533 678 508 1255 558 1355 412 1359 479 679 516 747 454 702 481 772 25129 2530 446 1324 506 698 485 1311 511 731 473 647 563 1354 440 1276 509 1310 511 737 441 708 529 680 511 728,2536 446 1331 446 784 446 1331 446 698 446 784 446 1331 446 1331 446 1331 520 698 446 698 446 698 520 698 25166 2536 446 1331 520 698 520 1331 446 698 446 698 520 1331 446 1331 520 1331 446 698 520 698 446 698 520 698 25166 2536 446 1331 520 698 446 1331 520 784 446 784 446 1331 520 1331 446 1331 520 698 446 698 446 698 520 698 25166 2536 520 1331 520 698 520 1331 446 698 446 698 520 1331 520 1331 520 1331 446 698 520 698 520 698 520 698 25166 2536 446 1331 520 698 520 1331 520 698 520 698 520 1331 520 1331 446 1331 520 698 520 698 446 698 520 698 25166 2536 446 1331 520 698 520 1331 520 698 520 698 520 1331 446 1331 520 1331 520 698 446 698 520 698 520 698
Sony_RMT_TX200U.ir,Down,SONY 0 bits 0xaf0,1,True,learned fidelity_check (129 timings),SONY 0 bits 0xaf0,True,0.8,11.0,76,2467 509 1292 539 660 517 1288 513 687 514 1291 512 1322 482 1321 484 1319 484 716 485 717 482 719 485 716 24503 2526 481 1319 480 720 509 1296 508 691 483 1322 484 1319 483 1320 481 1321 483 717 486 715 510 691 485 716 24507 2525 479 1322 482 717 484 1322 483 716 510 1295 482 1321 483 1320 484 1319 509 691 486 716 484 717 511 690 24573 2499 480 1321 483 716 484 1321 508 691 486 1319 483 1320 509 1294 484 1319 483 716 487 715 512 689 513 688 24550 2525 481 1320 483 716 486 1320 509 690 512 1293 510 1293 485 1318 511 1291 512 688 515 637 565 637 565 637,2467 509 1292 539 660 517 1288 513 687 514 1291 512 1322 482 1321 484 1319 484 716 485 717 482 719 485 716 24503 2526 481 1319 480 720 509 1296 508 691 483 1322 484 1319 483 1320 481 1321 483 717 486 715 510 691 485 716 24507 2525 479 1322 482 717 484 1322 483 716 510 1295 482 1321 483 1320 484 1319 509 691 486 716 484 717 511 690 24573 2499 480 1321 483 716 484 1321 508 691 486 1319 483 1320 509 1294 484 1319 483 716 487 715 512 689 513 688 24550 2525 481 1320 483 716 486 1320 509 690 512 1293 510 1293 485 1318 511 1291 512 688 515 637 565 637 565 637,2434 508 1354 469 696 482 1352 462 679 509 1282 530 1310 484 1330 480 1311 487 793 409 681 529 776 416 794 24433 2557 442 1259 540 792 437 1255 558 679 486 1330 478 1311 490 1325 479 1309 492 789 413 651 583 679 488 792 24431 2559 445 1332 480 776 417 1328 479 736 500 1355 410 1303 511 1310 484 1300 537 680 488 792 408 680 557 679 24582 2528 444 1260 556 776 412 1331 507 679 490 1325 479 1309 517 1371 408 1282 534 775 413 673 559 679 532 678 24556 2553 446 1285 532 774 411 1300 540 678 513 1336 472 1354 419 1324 508 1354 462 678 509 645 562 625 585 627,2543 489 1314 489 669 489 1314 489 669 489 1314 550 1314 489 1314 489 1314 489 782 489 669 550 669 489 782 24566 2543 489 1314 550 782 489 1314 550 669 489 1314 489 1314 489 1314 489 1314 489 782 489 669 550 669 489 782 24566 2543 489 1314 489 669 489 1314 489 669 489 1314 489 1314 489 1314 489 1314 550 669 489 782 489 669 550 669 24566 2543 489 1314 550 669 489 1314 489 669 489 1314 489 1314 550 1314 489 1314 550 669 489 669 550 669 550 669 24566 2543 489 1314 550 669 489 1314 550 669 550 1314 489 1314 489 1314 489 1314 489 669 489 669 550 669 550 669
